// SPDX-License-Identifier: BSD-3-Clause
// Copyright(c) 2019-2022 Realtek Corporation
// Generated from pinned rtw89 by tools/import_radio_reference.py.
#include "RadioTables.hpp"
namespace rtl8852be { namespace network {
static const RadioRegister bbRegisters[] = {
	{0x704, 0x601E0100},
	{0x4000, 0x00000000},
	{0x4004, 0xCA014000},
	{0x4008, 0xC751D4F0},
	{0x400C, 0x44511475},
	{0x4010, 0x00000000},
	{0x4014, 0x00000000},
	{0x4018, 0x4F4C084B},
	{0x401C, 0x084A4E52},
	{0x4020, 0x4D504E4B},
	{0x4024, 0x4F4C0849},
	{0x4028, 0x08484C50},
	{0x402C, 0x4C50504C},
	{0x4030, 0x5454084A},
	{0x4034, 0x084B5654},
	{0x4038, 0x6A6C605A},
	{0x403C, 0x4C4C084C},
	{0x4040, 0x084B4E4D},
	{0x4044, 0x4E4C4B4B},
	{0x4048, 0x4B4B084A},
	{0x404C, 0x084A4E4C},
	{0x4050, 0x514F4C4A},
	{0x4054, 0x524E084A},
	{0x4058, 0x084A5154},
	{0x405C, 0x53555554},
	{0x4060, 0x45450845},
	{0x4064, 0x08454144},
	{0x4068, 0x40434445},
	{0x406C, 0x44450845},
	{0x4070, 0x08444043},
	{0x4074, 0x42434444},
	{0x4078, 0x46450844},
	{0x407C, 0x08444843},
	{0x4080, 0x4B4E4A47},
	{0x4084, 0x4F4C084B},
	{0x4088, 0x084A4E52},
	{0x408C, 0x4D504E4B},
	{0x4090, 0x4F4C0849},
	{0x4094, 0x08484C50},
	{0x4098, 0x4C50504C},
	{0x409C, 0x5454084A},
	{0x40A0, 0x084B5654},
	{0x40A4, 0x6A6C605A},
	{0x40A8, 0x4C4C084C},
	{0x40AC, 0x084B4E4D},
	{0x40B0, 0x4E4C4B4B},
	{0x40B4, 0x4B4B084A},
	{0x40B8, 0x084A4E4C},
	{0x40BC, 0x514F4C4A},
	{0x40C0, 0x524E084A},
	{0x40C4, 0x084A5154},
	{0x40C8, 0x53555554},
	{0x40CC, 0x45450845},
	{0x40D0, 0x08454144},
	{0x40D4, 0x40434445},
	{0x40D8, 0x44450845},
	{0x40DC, 0x08444043},
	{0x40E0, 0x42434444},
	{0x40E4, 0x46450844},
	{0x40E8, 0x08444843},
	{0x40EC, 0x4B4E4A47},
	{0x40F0, 0x00000000},
	{0x40F4, 0x00000006},
	{0x40F8, 0x00000000},
	{0x40FC, 0x8C30C30C},
	{0x4100, 0x4C30C30C},
	{0x4104, 0x0C30C30C},
	{0x4108, 0x0C30C30C},
	{0x410C, 0x0C30C30C},
	{0x4110, 0x0C30C30C},
	{0x4114, 0x28A28A28},
	{0x4118, 0x28A28A28},
	{0x411C, 0x28A28A28},
	{0x4120, 0x28A28A28},
	{0x4124, 0x28A28A28},
	{0x4128, 0x28A28A28},
	{0x412C, 0x06666666},
	{0x4130, 0x33333333},
	{0x4134, 0x33333333},
	{0x4138, 0x33333333},
	{0x413C, 0x00000031},
	{0x4140, 0x5100600A},
	{0x4144, 0x18363113},
	{0x4148, 0x1D976DDC},
	{0x414C, 0x1C072DD7},
	{0x4150, 0x1127CDF4},
	{0x4154, 0x1E37BDF1},
	{0x4158, 0x1FB7F1D6},
	{0x415C, 0x1EA7DDF9},
	{0x4160, 0x1FE445DD},
	{0x4164, 0x1F97F1FE},
	{0x4168, 0x1FF781ED},
	{0x416C, 0x1FA7F5FE},
	{0x4170, 0x1E07B913},
	{0x4174, 0x1FD7FDFF},
	{0x4178, 0x1E17B9FA},
	{0x417C, 0x19A66914},
	{0x4180, 0x10F65598},
	{0x4184, 0x14A5A111},
	{0x4188, 0x1D3765DB},
	{0x418C, 0x17C685CA},
	{0x4190, 0x1107C5F3},
	{0x4194, 0x1B5785EB},
	{0x4198, 0x1F97ED8F},
	{0x419C, 0x1BC7A5F3},
	{0x41A0, 0x1FE43595},
	{0x41A4, 0x1EB7D9FC},
	{0x41A8, 0x1FE65DBE},
	{0x41AC, 0x1EC7D9FC},
	{0x41B0, 0x1976FCFF},
	{0x41B4, 0x1F77F5FF},
	{0x41B8, 0x1976FDEC},
	{0x41BC, 0x198664EF},
	{0x41C0, 0x11062D93},
	{0x41C4, 0x10C4E910},
	{0x41C8, 0x1CA759DB},
	{0x41CC, 0x1335A9B5},
	{0x41D0, 0x1097B9F3},
	{0x41D4, 0x17B72DE1},
	{0x41D8, 0x1F67ED42},
	{0x41DC, 0x18074DE9},
	{0x41E0, 0x1FD40547},
	{0x41E4, 0x1D57ADF9},
	{0x41E8, 0x1FE52182},
	{0x41EC, 0x1D67B1F9},
	{0x41F0, 0x14860CE1},
	{0x41F4, 0x1EC7E9FE},
	{0x41F8, 0x14860DD6},
	{0x41FC, 0x195664C7},
	{0x4200, 0x0005E58A},
	{0x4204, 0x00000000},
	{0x4208, 0x00000000},
	{0x420C, 0x7A000000},
	{0x4210, 0x0F9F3D7A},
	{0x4214, 0x0040817C},
	{0x4218, 0x00E10204},
	{0x421C, 0x227D94CD},
	{0x4220, 0x08028A28},
	{0x4224, 0x00000210},
	{0x4228, 0x04688000},
	{0x4A48, 0x00000002},
	{0x422C, 0x0060B002},
	{0x4230, 0x9A8249A8},
	{0x4234, 0x26A1469E},
	{0x4238, 0x2099A824},
	{0x423C, 0x2359461C},
	{0x4240, 0x1631A675},
	{0x4244, 0x2C6B1D63},
	{0x4248, 0x0000000E},
	{0x424C, 0x00000001},
	{0x4250, 0x00000001},
	{0x4254, 0x00000000},
	{0x4258, 0x00000000},
	{0x425C, 0x00000000},
	{0x4260, 0x0020000C},
	{0x4264, 0x00000000},
	{0x4268, 0x00000000},
	{0x426C, 0x0418317C},
	{0x4270, 0x2B33135C},
	{0x4274, 0x00000002},
	{0x4278, 0x00000000},
	{0x427C, 0x00000000},
	{0x4280, 0x00000000},
	{0x4284, 0x00000000},
	{0x4288, 0x00000000},
	{0x428C, 0x00000000},
	{0x4290, 0x00000000},
	{0x4294, 0x00000000},
	{0x4298, 0x00000000},
	{0x429C, 0x84026000},
	{0x42A0, 0x0051AC20},
	{0x4A24, 0x0010C040},
	{0x42A4, 0x02024008},
	{0x42A8, 0x00000000},
	{0x42AC, 0x00000000},
	{0x42B0, 0x22CE803C},
	{0x42B4, 0x32000000},
	{0x42B8, 0x996FD67D},
	{0x42BC, 0xBD67D67D},
	{0x42C0, 0x7D67D65B},
	{0x42C4, 0x28029F59},
	{0x42C8, 0x00280280},
	{0x42CC, 0x00000000},
	{0x42D0, 0x00000000},
	{0x42D4, 0x00000003},
	{0x42D8, 0x00000001},
	{0x42DC, 0x61861800},
	{0x42E0, 0x830C30C3},
	{0x42E4, 0xC30C30C3},
	{0x42E8, 0x830C30C3},
	{0x42EC, 0x451450C3},
	{0x42F0, 0x05145145},
	{0x42F4, 0x05145145},
	{0x42F8, 0x05145145},
	{0x42FC, 0x0F0C3145},
	{0x4300, 0x030C30CF},
	{0x4304, 0x030C30C3},
	{0x4308, 0x030CF3C3},
	{0x430C, 0x030C30C3},
	{0x4310, 0x0F3CF3C3},
	{0x4314, 0x0F3CF3CF},
	{0x4318, 0x0F3CF3CF},
	{0x431C, 0x0F3CF3CF},
	{0x4320, 0x0F3CF3CF},
	{0x4324, 0x030C10C3},
	{0x4328, 0x051430C3},
	{0x432C, 0x051490CB},
	{0x4330, 0x030CD151},
	{0x4334, 0x050C50C7},
	{0x4338, 0x051492CB},
	{0x433C, 0x05145145},
	{0x4340, 0x05145145},
	{0x4344, 0x05145145},
	{0x4348, 0x05145145},
	{0x434C, 0x090CD3CF},
	{0x4350, 0x071491C5},
	{0x4354, 0x073CF143},
	{0x4358, 0x071431C3},
	{0x435C, 0x0F3CF1C5},
	{0x4360, 0x0F3CF3CF},
	{0x4364, 0x0F3CF3CF},
	{0x4368, 0x0F3CF3CF},
	{0x436C, 0x0F3CF3CF},
	{0x4370, 0x090C91CF},
	{0x4374, 0x11243143},
	{0x4378, 0x9777A777},
	{0x437C, 0xBB7BAC95},
	{0x4380, 0xB667B889},
	{0x4384, 0x7B9B8899},
	{0x4388, 0x7A5567C8},
	{0x438C, 0x2278CCCC},
	{0x4390, 0x7C222222},
	{0x4394, 0x0000069B},
	{0x4398, 0x001CCCCC},
	{0x4AAC, 0xCCCCC88C},
	{0x4AB0, 0x0000AACC},
	{0x439C, 0x00000000},
	{0x43A0, 0x00000008},
	{0x43A4, 0x00000000},
	{0x43A8, 0x00000000},
	{0x43AC, 0x00000000},
	{0x43B0, 0x10000000},
	{0x43B4, 0x00401001},
	{0x43B8, 0x00061003},
	{0x43BC, 0x000024D8},
	{0x43C0, 0x00000000},
	{0x43C4, 0x10000020},
	{0x43C8, 0x20000200},
	{0x43CC, 0x00000000},
	{0x43D0, 0x04000000},
	{0x43D4, 0x44000100},
	{0x43D8, 0x60804060},
	{0x43DC, 0x44204210},
	{0x43E0, 0x82108082},
	{0x43E4, 0x82108402},
	{0x43E8, 0xC8082108},
	{0x43EC, 0xC8202084},
	{0x43F0, 0x44208208},
	{0x43F4, 0x84108204},
	{0x43F8, 0xD0108104},
	{0x43FC, 0xF8210108},
	{0x4400, 0x6431E930},
	{0x4404, 0x02309468},
	{0x4408, 0x10C61C22},
	{0x440C, 0x02109469},
	{0x4410, 0x10C61C22},
	{0x4414, 0x00041049},
	{0x4A4C, 0x00060581},
	{0x4418, 0x00000000},
	{0x441C, 0x00000000},
	{0x4420, 0x6C000000},
	{0x4424, 0xB0200020},
	{0x4428, 0x00001FF0},
	{0x442C, 0x00000000},
	{0x4430, 0x00000000},
	{0x4434, 0x00000000},
	{0x4438, 0x00000000},
	{0x443C, 0x190642D0},
	{0x4440, 0xA80668A0},
	{0x4444, 0x60900820},
	{0x4448, 0x9F28518C},
	{0x444C, 0x32488A62},
	{0x4450, 0x9C6E36DC},
	{0x4454, 0x0000F52B},
	{0x4458, 0x00000000},
	{0x445C, 0x4801442E},
	{0x4460, 0x0051A0B8},
	{0x4464, 0x00000000},
	{0x4468, 0x00000000},
	{0x446C, 0x00000000},
	{0x4470, 0x00000000},
	{0x4474, 0x00000000},
	{0x4478, 0x00000000},
	{0x447C, 0x00000000},
	{0x4480, 0x2A0A6040},
	{0x4484, 0x0A0A6829},
	{0x4488, 0x00000004},
	{0x448C, 0x00000000},
	{0x4490, 0x80000000},
	{0x4494, 0x10000000},
	{0x4498, 0xE0000000},
	{0x4AB4, 0x00000000},
	{0x449C, 0x0000001E},
	{0x44A0, 0x02B2C3A6},
	{0x44A4, 0x00000400},
	{0x44A8, 0x00000001},
	{0x44AC, 0x000190C0},
	{0x44B0, 0x00000000},
	{0x44B4, 0x00000000},
	{0x44B8, 0x00000000},
	{0x44BC, 0x00000000},
	{0x44C0, 0x00000000},
	{0x44C4, 0x00000000},
	{0x44C8, 0x00000000},
	{0x44CC, 0x00000000},
	{0x44D0, 0x00000000},
	{0x44D4, 0x00000000},
	{0x44D8, 0x00000000},
	{0x44DC, 0x00000000},
	{0x44E0, 0x00000000},
	{0x44E4, 0x00000000},
	{0x44E8, 0x00000000},
	{0x44EC, 0x00000000},
	{0x44F0, 0x00000000},
	{0x44F4, 0x00000000},
	{0x44F8, 0x00000000},
	{0x44FC, 0x00000000},
	{0x4500, 0x00000000},
	{0x4504, 0x00000000},
	{0x4508, 0x00000000},
	{0x450C, 0x00000000},
	{0x4510, 0x00000000},
	{0x4514, 0x00000000},
	{0x4518, 0x00000000},
	{0x451C, 0x00000000},
	{0x4520, 0x00000000},
	{0x4524, 0x00000000},
	{0x4528, 0x00000000},
	{0x452C, 0x00000000},
	{0x4530, 0x4E830171},
	{0x4534, 0x00000870},
	{0x4538, 0x000000FF},
	{0x453C, 0x00000000},
	{0x4540, 0x00000000},
	{0x4544, 0x00000000},
	{0x4548, 0x00000000},
	{0x454C, 0x00000000},
	{0x4550, 0x00000000},
	{0x4554, 0x00000000},
	{0x4558, 0x00000000},
	{0x455C, 0x00000000},
	{0x4560, 0x40000000},
	{0x4564, 0x40000000},
	{0x4568, 0x00000000},
	{0x456C, 0x20000000},
	{0x4570, 0x04F040BB},
	{0x4574, 0x000E53FF},
	{0x4578, 0x000205CB},
	{0x457C, 0x00200000},
	{0x4580, 0x00000040},
	{0x4584, 0x00000000},
	{0x4588, 0x00000017},
	{0x458C, 0x30000000},
	{0x4590, 0x00000000},
	{0x4594, 0x00000000},
	{0x4598, 0x00000001},
	{0x459C, 0x0003FE00},
	{0x45A0, 0x00000086},
	{0x45A4, 0x00000000},
	{0x45A8, 0xC00001C0},
	{0x45AC, 0x78038000},
	{0x45B0, 0x8000004A},
	{0x45B4, 0x04094800},
	{0x45B8, 0x00280002},
	{0x45BC, 0x06748790},
	{0x45C0, 0x80000000},
	{0x45C4, 0x00000000},
	{0x45C8, 0x00000000},
	{0x45CC, 0x00558670},
	{0x45D0, 0x002883F0},
	{0x45D4, 0x00090120},
	{0x45D8, 0x00000000},
	{0x45E0, 0xA3A6D3C4},
	{0x45E4, 0xAB27B126},
	{0x45E8, 0x00006778},
	{0x45F4, 0x000001B5},
	{0x45EC, 0x11110F0A},
	{0x45F0, 0x00000003},
	{0x4A0C, 0x0000000A},
	{0x45F8, 0x0058BC3F},
	{0x45FC, 0x00000003},
	{0x462C, 0x00000020},
	{0x4600, 0x000003D9},
	{0x45F0, 0x00000004},
	{0x4604, 0x002B1CB0},
	{0x4A50, 0xC0000000},
	{0x4A54, 0x00001000},
	{0x4A58, 0x00000000},
	{0x4A18, 0x00000024},
	{0x4608, 0x00000001},
	{0x460C, 0x00000000},
	{0x4A10, 0x00000001},
	{0x4610, 0x00000001},
	{0x4614, 0x16E5298F},
	{0x4618, 0x18C6294A},
	{0x461C, 0x0E06318A},
	{0x4620, 0x0E539CE5},
	{0x4624, 0x00019287},
	{0x4A14, 0x000000BF},
	{0x4628, 0x00000001},
	{0x4630, 0x000001AA},
	{0x4A18, 0x00001900},
	{0x4A1C, 0x000002A6},
	{0x4634, 0x000000A3},
	{0x4A20, 0x00000086},
	{0x4638, 0x01986456},
	{0x49F8, 0x00000000},
	{0x463C, 0x00000000},
	{0x4640, 0x00000000},
	{0x4644, 0x00C8CC00},
	{0x4648, 0xC400B6B6},
	{0x464C, 0xDC400FC0},
	{0x4A8C, 0x00000110},
	{0x4650, 0x08882550},
	{0x4654, 0x08CC2660},
	{0x4658, 0x09102660},
	{0x465C, 0x00000154},
	{0x45DC, 0xC39E38E8},
	{0x4660, 0x452607E6},
	{0x4664, 0x6750DC65},
	{0x4668, 0xF3F0F1ED},
	{0x466C, 0x30141506},
	{0x4670, 0x2C2B2B2B},
	{0x4674, 0x2C2C2C2C},
	{0x4678, 0xDDB738E8},
	{0x467C, 0x543618FB},
	{0x4680, 0x4F31DC6F},
	{0x4684, 0xFBEBDA00},
	{0x4688, 0x1A10FF04},
	{0x468C, 0x282A3000},
	{0x4690, 0x2A29292A},
	{0x4694, 0x04FA2A2A},
	{0x4698, 0xEE0F04D1},
	{0x469C, 0x99E91436},
	{0x46A0, 0x0701E79E},
	{0x46A4, 0x08D77CFF},
	{0x46A8, 0x2212FF14},
	{0x46AC, 0x60322437},
	{0x46B0, 0x63666666},
	{0x46B4, 0x35374425},
	{0x46B8, 0x35883042},
	{0x46BC, 0x5177C252},
	{0x4720, 0x7FFFFD63},
	{0x4724, 0xB58D11FF},
	{0x4728, 0x07FFFFFF},
	{0x472C, 0x0E7893B6},
	{0x4730, 0xE0391201},
	{0x4734, 0x00000020},
	{0x4738, 0x8325C500},
	{0x473C, 0x00000B7F},
	{0x46C0, 0x00000000},
	{0x46C4, 0x00000000},
	{0x46C8, 0x00000219},
	{0x46CC, 0x00000000},
	{0x46D0, 0x00000000},
	{0x46D4, 0x00000001},
	{0x46D8, 0x00000001},
	{0x46DC, 0x00000000},
	{0x46E0, 0x00000000},
	{0x46E4, 0x00000151},
	{0x46E8, 0x00000498},
	{0x46EC, 0x00000498},
	{0x46F0, 0x00000000},
	{0x46F4, 0x00000000},
	{0x46F8, 0x00001146},
	{0x46FC, 0x00000000},
	{0x4700, 0x00000000},
	{0x4704, 0x00C8CC00},
	{0x4708, 0xC400B6B6},
	{0x470C, 0xDC400FC0},
	{0x4A90, 0x00000110},
	{0x4710, 0x08882550},
	{0x4714, 0x08CC2660},
	{0x4718, 0x09102660},
	{0x471C, 0x00000154},
	{0x4740, 0xC69F38E8},
	{0x4744, 0x462709E9},
	{0x4748, 0x6750DC67},
	{0x474C, 0xF3F0F1ED},
	{0x4750, 0x30141506},
	{0x4754, 0x2C2B2B2B},
	{0x4758, 0x2C2C2C2C},
	{0x475C, 0xE0B738E8},
	{0x4760, 0x52381BFE},
	{0x4764, 0x5031DC6C},
	{0x4768, 0xFBEBDA00},
	{0x476C, 0x1A10FF04},
	{0x4770, 0x282A3000},
	{0x4774, 0x2A29292A},
	{0x4778, 0x04FA2A2A},
	{0x477C, 0xEE0F04D1},
	{0x49F0, 0x99E91436},
	{0x49F4, 0x0701E79E},
	{0x49FC, 0x08D77CFF},
	{0x4A5C, 0x2212FF14},
	{0x4A60, 0x60322437},
	{0x4A64, 0x63666666},
	{0x4A68, 0x35374425},
	{0x4A6C, 0x35883042},
	{0x4A70, 0x5177C252},
	{0x4A74, 0x7FFFFD63},
	{0x4A78, 0xB58D11FF},
	{0x4A7C, 0x07FFFFFF},
	{0x4A80, 0x0E7893B6},
	{0x4A9C, 0xE0391201},
	{0x4AA0, 0x00000020},
	{0x4AA4, 0x8325C500},
	{0x4AA8, 0x00000B7F},
	{0x4780, 0x00000000},
	{0x4784, 0x00000000},
	{0x4788, 0x00000219},
	{0x478C, 0x00000000},
	{0x4790, 0x00000000},
	{0x4794, 0x00000001},
	{0x4798, 0x00000001},
	{0x479C, 0x00000000},
	{0x47A0, 0x00000000},
	{0x47A4, 0x00000151},
	{0x47A8, 0x00000498},
	{0x47AC, 0x00000498},
	{0x47B0, 0x00000000},
	{0x47B4, 0x00000000},
	{0x47B8, 0x00001146},
	{0x47BC, 0x00000002},
	{0x47C0, 0x00000002},
	{0x47C4, 0x00000000},
	{0x47C8, 0xA32103FE},
	{0x47CC, 0xB20A5328},
	{0x47D0, 0xC686314F},
	{0x47D4, 0x000005D7},
	{0x47D8, 0x009B902A},
	{0x47DC, 0x009B902A},
	{0x47E0, 0x98682C18},
	{0x47E4, 0x6308C4C1},
	{0x47E8, 0x6248C631},
	{0x47EC, 0x922A8253},
	{0x47F0, 0x00000005},
	{0x47F4, 0x00001759},
	{0x47F8, 0x4BB02000},
	{0x47FC, 0x831408BE},
	{0x4A84, 0x000000E9},
	{0x4800, 0x9ABBCACB},
	{0x4804, 0x56767578},
	{0x4808, 0xBCCBBB13},
	{0x480C, 0x7889989B},
	{0x4810, 0xBBB0F455},
	{0x4814, 0x777BBBBB},
	{0x4818, 0x15277777},
	{0x481C, 0x27039CE9},
	{0x4820, 0x42424432},
	{0x4824, 0x36058342},
	{0x4828, 0x00000006},
	{0x482C, 0x00000005},
	{0x4830, 0x00000005},
	{0x4834, 0xC7013016},
	{0x4838, 0x84413016},
	{0x483C, 0x84413016},
	{0x4840, 0x8C413016},
	{0x4844, 0x8C40B028},
	{0x4848, 0x3140B028},
	{0x484C, 0x2940B028},
	{0x4850, 0x8440B028},
	{0x4854, 0x2318C610},
	{0x4858, 0x45344753},
	{0x485C, 0x236A6A88},
	{0x4860, 0xAC8DF814},
	{0x4864, 0x08877ACB},
	{0x4868, 0x000107AA},
	{0x4A94, 0x00000000},
	{0x486C, 0xBCEB4A14},
	{0x4870, 0x000A3A4A},
	{0x4874, 0xBCEB4A14},
	{0x4878, 0x000A3A4A},
	{0x487C, 0xBCBDBD85},
	{0x4880, 0x0CABB99A},
	{0x4884, 0x38384242},
	{0x4888, 0x0086102E},
	{0x488C, 0xCA24C82A},
	{0x4890, 0x00008A62},
	{0x4894, 0x00000008},
	{0x4898, 0x009B902A},
	{0x489C, 0x009B902A},
	{0x48A0, 0x98682C18},
	{0x48A4, 0x6308C4C1},
	{0x48A8, 0x6248C631},
	{0x48AC, 0x922A8253},
	{0x48B0, 0x00000005},
	{0x48B4, 0x00001759},
	{0x48B8, 0x4BA02000},
	{0x48BC, 0x831408BE},
	{0x4A88, 0x000000E9},
	{0x48C0, 0x9898A8BB},
	{0x48C4, 0x54535368},
	{0x48C8, 0x99999B13},
	{0x48CC, 0x55555899},
	{0x48D0, 0xBBB07453},
	{0x48D4, 0x777BBBBB},
	{0x48D8, 0x15277777},
	{0x48DC, 0x27039CE9},
	{0x48E0, 0x31413432},
	{0x48E4, 0x36058342},
	{0x48E8, 0x00000006},
	{0x48EC, 0x00000005},
	{0x48F0, 0x00000005},
	{0x48F4, 0xC7013016},
	{0x48F8, 0x84413016},
	{0x48FC, 0x84413016},
	{0x4900, 0x8C413016},
	{0x4904, 0x8C40B028},
	{0x4908, 0x3140B028},
	{0x490C, 0x2940B028},
	{0x4910, 0x8440B028},
	{0x4914, 0x2318C610},
	{0x4918, 0x45334753},
	{0x491C, 0x236A6A88},
	{0x4920, 0xAC8DF814},
	{0x4924, 0x08877ACB},
	{0x4928, 0x000007AA},
	{0x4A98, 0x00000000},
	{0x492C, 0xBCEB4A14},
	{0x4930, 0x000A3A4A},
	{0x4934, 0xBCEB4A14},
	{0x4938, 0x000A3A4A},
	{0x493C, 0x9A8A8A85},
	{0x4940, 0x0CA3B99A},
	{0x4944, 0x38384242},
	{0x4948, 0x8086102E},
	{0x494C, 0xCA24C82A},
	{0x4950, 0x00008A62},
	{0x4954, 0x00000008},
	{0x4958, 0x80040000},
	{0x495C, 0x80040000},
	{0x4960, 0xFE800000},
	{0x4964, 0x834C0000},
	{0x4968, 0x00000000},
	{0x496C, 0x00000000},
	{0x4970, 0x00000000},
	{0x4974, 0x00000000},
	{0x4978, 0x00000000},
	{0x497C, 0x00000000},
	{0x4980, 0x40000000},
	{0x4984, 0x00000000},
	{0x4988, 0x00000000},
	{0x498C, 0x00000000},
	{0x4990, 0x00000000},
	{0x4994, 0x04065800},
	{0x4998, 0x02004080},
	{0x499C, 0x0E1E3E05},
	{0x49A0, 0x0A163068},
	{0x49A4, 0x00206040},
	{0x49A8, 0x02020202},
	{0x49AC, 0x00002020},
	{0x49B0, 0xF8F8F418},
	{0x49B4, 0xF8E8F8F8},
	{0x49B8, 0xF80808E8},
	{0x4A00, 0xF8F8FA00},
	{0x4A04, 0xFAFAFAF8},
	{0x4A08, 0xFAFAFAFA},
	{0x4A28, 0xFAFAFAFA},
	{0x4A2C, 0xFAFAFAFA},
	{0x4A30, 0xFAFAFAFA},
	{0x4A34, 0xFAFAFAFA},
	{0x4A38, 0xFAFAFAFA},
	{0x4A3C, 0xFAFAFAFA},
	{0x4A40, 0xFAFAFAFA},
	{0x4A44, 0x0000FAFA},
	{0x49BC, 0x00000000},
	{0x49C0, 0x800CD62D},
	{0x49C4, 0x00000103},
	{0x49C8, 0x00000000},
	{0x49CC, 0x00000000},
	{0x49D0, 0x00000000},
	{0x49D4, 0x00000000},
	{0x49D8, 0x00000000},
	{0x49DC, 0x00000000},
	{0x49E0, 0x00000000},
	{0x49E4, 0x00000000},
	{0x49E8, 0x00000000},
	{0x49EC, 0x00000000},
	{0x994, 0x00000010},
	{0x904, 0x00000005},
	{0xC3C, 0x2840E1BF},
	{0xC40, 0x00000000},
	{0xC44, 0x00000007},
	{0xC48, 0x410E4000},
	{0xC54, 0x1EE14368},
	{0xC58, 0x41000000},
	{0x730, 0x00000002},
	{0xC60, 0x017FFFF2},
	{0xC64, 0x0010A130},
	{0xC68, 0x10000050},
	{0xC6C, 0x10001021},
	{0x708, 0x00000000},
	{0x884, 0x0043F01D},
	{0x704, 0x601E0100},
	{0x710, 0xEF810000},
	{0x704, 0x601E0100},
	{0xD40, 0xF64FA0F7},
	{0xD44, 0x0400063F},
	{0xD48, 0x0003FF7F},
	{0xD4C, 0x00000000},
	{0xD50, 0xF64FA0F7},
	{0xD54, 0x04100437},
	{0xD58, 0x0000FF7F},
	{0xD5C, 0x00000000},
	{0xD60, 0x00000000},
	{0xD64, 0x00000000},
	{0xD70, 0x00000015},
	{0xD90, 0x000003FF},
	{0xD94, 0x00000000},
	{0xD98, 0x0000003F},
	{0xD9C, 0x00000000},
	{0xDA0, 0x000003FE},
	{0xDA4, 0x00000000},
	{0xDA8, 0x0000003F},
	{0xDAC, 0x00000000},
	{0xD00, 0x77777777},
	{0xD04, 0xBBBBBBBB},
	{0xD08, 0xBBBBBBBB},
	{0xD0C, 0x00000070},
	{0xD10, 0x20110900},
	{0xD10, 0x20110FFF},
	{0xD78, 0x00000001},
	{0xD7C, 0x001D050E},
	{0xD84, 0x00004207},
	{0xD18, 0x50209900},
	{0xD80, 0x00804100},
	{0x718, 0x1333233F},
	{0x604, 0x041E1E1E},
	{0x714, 0x00010000},
	{0x586C, 0x000000F0},
	{0x586C, 0x000000E0},
	{0x586C, 0x000000D0},
	{0x586C, 0x000000C0},
	{0x586C, 0x000000B0},
	{0x586C, 0x000000A0},
	{0x586C, 0x00000090},
	{0x586C, 0x00000080},
	{0x586C, 0x00000070},
	{0x586C, 0x00000060},
	{0x586C, 0x00000050},
	{0x586C, 0x00000040},
	{0x586C, 0x00000030},
	{0x586C, 0x00000020},
	{0x586C, 0x00000010},
	{0x586C, 0x00000000},
	{0x786C, 0x000000F0},
	{0x786C, 0x000000E0},
	{0x786C, 0x000000D0},
	{0x786C, 0x000000C0},
	{0x786C, 0x000000B0},
	{0x786C, 0x000000A0},
	{0x786C, 0x00000090},
	{0x786C, 0x00000080},
	{0x786C, 0x00000070},
	{0x786C, 0x00000060},
	{0x786C, 0x00000050},
	{0x786C, 0x00000040},
	{0x786C, 0x00000030},
	{0x786C, 0x00000020},
	{0x786C, 0x00000010},
	{0x786C, 0x00000000},
	{0xC0D4, 0x4486888C},
	{0xC0D8, 0xC6BA10E1},
	{0xC0DC, 0x30C52868},
	{0xC0E0, 0x05008128},
	{0xC0E4, 0x0000A72B},
	{0xC1D4, 0x4486888C},
	{0xC1D8, 0xC6BA10E1},
	{0xC1DC, 0x30C52868},
	{0xC1E0, 0x05008128},
	{0xC1E4, 0x0000A72B},
	{0xC0EC, 0x00000000},
	{0xC0E4, 0x0000272B},
	{0xC1EC, 0x00000000},
	{0xC1E4, 0x0000272B},
	{0x334, 0xFFFFFFFF},
	{0x33C, 0x55000000},
	{0x340, 0x00005555},
	{0x724, 0x00111200},
	{0x5868, 0xA9550000},
	{0x5870, 0x33221100},
	{0x5874, 0x77665544},
	{0x5878, 0xBBAA9988},
	{0x587C, 0xFFEEDDCC},
	{0x5880, 0x76543210},
	{0x5884, 0xFEDCBA98},
	{0x5888, 0x00000000},
	{0x588C, 0x00000000},
	{0x5894, 0x00000008},
	{0x7868, 0xA9550000},
	{0x7870, 0x33221100},
	{0x7874, 0x77665544},
	{0x7878, 0xBBAA9988},
	{0x787C, 0xFFEEDDCC},
	{0x7880, 0x76543210},
	{0x7884, 0xFEDCBA98},
	{0x7888, 0x00000000},
	{0x788C, 0x00000000},
	{0x7894, 0x00000008},
	{0x650, 0x00200888},
	{0x710, 0xF3810000},
	{0x020, 0x0000F381},
	{0x024, 0x0000F381},
	{0x000, 0xC580801E},
	{0xC70, 0x00000400},
	{0x980, 0x10002250},
	{0x988, 0x3C3C4107},
	{0x994, 0x00000010},
	{0x2994, 0x00000010},
	{0x000, 0x0580801F},
	{0x240C, 0x00000000},
	{0x640, 0x140A141E},
	{0x640, 0x1414141E},
	{0x640, 0x1414141E},
	{0x644, 0x3414283C},
	{0x644, 0x3425283C},
	{0x644, 0x3426283C},
	{0x2640, 0x140A141E},
	{0x2640, 0x1414141E},
	{0x2640, 0x1414141E},
	{0x2644, 0x3414283C},
	{0x2644, 0x3425283C},
	{0x2644, 0x3425183C},
	{0x2300, 0x02748790},
	{0x2304, 0x00558670},
	{0x2308, 0x002883F0},
	{0x230C, 0x00090120},
	{0x2310, 0x00000000},
	{0x2314, 0x06000000},
	{0x2318, 0x00000000},
	{0x231C, 0x00000000},
	{0x2320, 0x03020100},
	{0x2324, 0x07060504},
	{0x2328, 0x0B0A0908},
	{0x232C, 0x0F0E0D0C},
	{0x2330, 0x13121110},
	{0x2334, 0x17161514},
	{0x2338, 0x0C700022},
	{0x233C, 0x0A0529D0},
	{0x2340, 0x000529D0},
	{0x2344, 0x0006318A},
	{0x2348, 0xB7E6318A},
	{0x234C, 0x80039C00},
	{0x2350, 0x80039C00},
	{0x2354, 0x0005298F},
	{0x2358, 0x0015296E},
	{0x235C, 0x0C07FC31},
	{0x2360, 0x0219AAAE},
	{0x2364, 0xE4F624C3},
	{0x2368, 0x53626F15},
	{0x236C, 0x48000000},
	{0x2370, 0x48000000},
	{0x2374, 0x07540000},
	{0x2378, 0x202401B9},
	{0x237C, 0x00F7000E},
	{0x2380, 0x0F0A1111},
	{0x2384, 0x30D9000F},
	{0x2388, 0x0200EA02},
	{0x238C, 0x003CB061},
	{0x2390, 0x69C00000},
	{0x2394, 0x00000000},
	{0x2398, 0x000000F0},
	{0x239C, 0x0001FFFF},
	{0x23A0, 0x00C80064},
	{0x23A4, 0x0190012C},
	{0x23A8, 0x001917BE},
	{0x23AC, 0x0B30880C},
	{0x23B0, 0x9281CE00},
	{0x23B4, 0x7F027C00},
	{0x704, 0x601E0102},
	{0x704, 0x601E0102},
	{0x5864, 0x080801FF},
	{0x7864, 0x080801FF},
	{0xC60, 0x017FFFF3},
	{0x58AC, 0x08000000},
	{0x78AC, 0x08000000},
	{0x8088, 0x007F0000},
	{0x81A4, 0x003F3A00},
	{0x81B4, 0x0100007F},
	{0x81C0, 0x0060010B},
	{0x81A0, 0x00000010},
	{0x8138, 0x00000002},
	{0x82A4, 0x003F3A00},
	{0x82B4, 0x0100007F},
	{0x82C0, 0x0060010B},
	{0x82A0, 0x00000010},
	{0x81A0, 0x00000010},
	{0x8238, 0x00000002},
	{0x8088, 0x00000000},
	{0x8020, 0x00000000},
	{0x8120, 0x00000000},
	{0x8220, 0x00000000},
	{0x8124, 0x00000F0F},
	{0x8224, 0x00000F0F},
	{0x5864, 0x180801FF},
	{0x7864, 0x180801FF},
	{0xC60, 0x017FFFF3},
	{0xC70, 0x00000600},
	{0xC70, 0x00000660},
	{0x58AC, 0x08000000},
	{0x78AC, 0x08000000},
	{0x8120, 0x10000000},
	{0x8120, 0x10030000},
	{0x8124, 0x00000F0F},
	{0x8124, 0x00000F0F},
	{0x8224, 0x00000F0F},
	{0x8224, 0x00000F0F},
	{0x8220, 0x10000000},
	{0x8220, 0x10030000},
	{0x704, 0x601E0100},
	{0x5864, 0x100801FF},
	{0x7864, 0x100801FF},
	{0x5864, 0x180801FF},
	{0x7864, 0x180801FF},
	{0x58D4, 0x7401FE00},
	{0x78D4, 0x7401FE00},
	{0x58F0, 0x400401FF},
	{0x78F0, 0x400401FF},
	{0x58F0, 0x400401FF},
	{0x78F0, 0x400401FF},
	{0x704, 0x601E0102},
	{0xC7C, 0x0020BFE0},
	{0x58C0, 0x00FE0000},
	{0x58FC, 0x00000000},
	{0x566C, 0x00000005},
	{0x566C, 0x00001005},
	{0x78C0, 0x00FE0000},
	{0x78FC, 0x00000000},
	{0x700, 0x00000030},
	{0x704, 0x601E0102},
	{0x704, 0x601E0100},
	{0x704, 0x601E0502},
	{0x20FC, 0x00000000},
	{0x20F8, 0x00000000},
	{0x20F0, 0x00000000},
	{0x9C0, 0x00000001},
	{0x9C0, 0x00000000},
	{0x9C0, 0x00000001},
	{0x9C0, 0x00000000},
	{0x4AE8, 0x00000744},
	{0x4AF0, 0x00000744},
	{0x1010, 0x00000010},
	{0x3010, 0x00000010},
	{0x4AD4, 0x00000040},
	{0x4AE0, 0x00000040},
	{0x4AE4, 0x0079E99E},
	{0x4AEC, 0x0079E99E},
	{0x300, 0xF30CE31C},
	{0x304, 0x13EF1F19},
	{0x308, 0x0C0CF3F3},
	{0x30C, 0x0C0C0C0C},
	{0x310, 0x80496000},
	{0x314, 0x0041E000},
	{0x318, 0x20022042},
	{0x31C, 0x20448009},
	{0x320, 0x00010031},
	{0x324, 0xE000E000},
	{0x328, 0xE000E000},
	{0x32C, 0xE000E000},
	{0x12BC, 0x10104041},
	{0x12C0, 0x14411111},
	{0x32BC, 0x10104041},
	{0x32C0, 0x14411111},
	{0x010, 0x0005FFFF},
	{0x028, 0x0000F381},
	{0x02C, 0x0000F381},
	{0x620, 0x00141230},
	{0x704, 0x601C05FF},
	{0x720, 0x20000000},
	{0x738, 0x004100CC},
	{0x12A0, 0x24903056},
	{0x12AC, 0x12333121},
	{0x12B8, 0x30020000},
	{0x12E4, 0x30D52A68},
	{0x2000, 0x50BBBF04},
	{0x32A0, 0x24903056},
	{0x32AC, 0x12333121},
	{0x32B8, 0x30020000},
	{0x32E4, 0x30D52A68},
	{0x5800, 0x03FF807F},
	{0x5804, 0x04237040},
	{0x5808, 0x04237040},
	{0x7800, 0x03FF807F},
	{0x7804, 0x04237040},
	{0x7808, 0x04237040},
	{0x73C, 0x00000002},
	{0x74C, 0x00000001},
	{0x748, 0x00000002},
	{0x5818, 0x082C1800},
	{0x7818, 0x082C1800},
	{0x624, 0x0101030A},
	{0xC14, 0x85010000},
	{0xDD4, 0x00000001},
	{0x241C, 0x00000001},
	{0x1200, 0x00010142},
	{0x3200, 0x00010142},
	{0xC0F8, 0x00000001},
	{0xC1F8, 0x00000001},
	{0x35C, 0x000004C4},
	{0x0F0, 0x00000002},
	{0x0F4, 0x00000028},
	{0x0F8, 0x20220408},
};
const RadioTable bbTable{bbRegisters,sizeof(bbRegisters)/sizeof(RadioRegister),RadioTableKind::baseband,0};

static const RadioRegister radioARegisters[] = {
	{0xF0010000, 0x00000000},
	{0xF0020000, 0x00000001},
	{0xF0010001, 0x00000002},
	{0xF0020001, 0x00000003},
	{0xF0030001, 0x00000004},
	{0xF0040001, 0x00000005},
	{0xF0050001, 0x00000006},
	{0xF0060001, 0x00000007},
	{0xF0070001, 0x00000008},
	{0xF0080001, 0x00000009},
	{0xF0290001, 0x0000000A},
	{0xF02B0001, 0x0000000B},
	{0x005, 0x00000000},
	{0x000, 0x00030000},
	{0x10000, 0x00030000},
	{0x018, 0x00011124},
	{0x10018, 0x00011124},
	{0x000, 0x00033C00},
	{0x10000, 0x00033C00},
	{0x01A, 0x00040004},
	{0x011, 0x00014073},
	{0x067, 0x00000070},
	{0x059, 0x000A0000},
	{0x066, 0x00000100},
	{0x057, 0x0000D589},
	{0x05A, 0x0007FFFF},
	{0x0A4, 0x0006FF12},
	{0x043, 0x00005000},
	{0x0E1, 0x00000001},
	{0x0DD, 0x000001A0},
	{0x0CA, 0x00002000},
	{0x0D3, 0x00000003},
	{0x0B3, 0x0004EFE0},
	{0x0B4, 0x0007C07E},
	{0x0B5, 0x0003A701},
	{0x0B6, 0x000581E0},
	{0x0B7, 0x00001A0A},
	{0x0BB, 0x000C7000},
	{0x0ED, 0x00000400},
	{0x033, 0x00000000},
	{0x03F, 0x00000543},
	{0x033, 0x00000001},
	{0x03F, 0x00000542},
	{0x033, 0x00000002},
	{0x03F, 0x00000541},
	{0x033, 0x00000003},
	{0x03F, 0x00000521},
	{0x033, 0x00000004},
	{0x03F, 0x00000343},
	{0x033, 0x00000005},
	{0x03F, 0x00000342},
	{0x033, 0x00000006},
	{0x03F, 0x00000341},
	{0x033, 0x00000007},
	{0x03F, 0x00000321},
	{0x033, 0x00000008},
	{0x03F, 0x000005C3},
	{0x033, 0x00000009},
	{0x03F, 0x000005C2},
	{0x033, 0x0000000A},
	{0x03F, 0x000005C1},
	{0x033, 0x0000000B},
	{0x03F, 0x000005A1},
	{0x033, 0x0000000C},
	{0x03F, 0x000002C3},
	{0x033, 0x0000000D},
	{0x03F, 0x000002C2},
	{0x033, 0x0000000E},
	{0x03F, 0x000002C1},
	{0x033, 0x0000000F},
	{0x03F, 0x000002A1},
	{0x0ED, 0x00000000},
	{0x0ED, 0x00002000},
	{0x033, 0x00000002},
	{0x03D, 0x0004A883},
	{0x03E, 0x00000000},
	{0x03F, 0x00000001},
	{0x033, 0x00000006},
	{0x03D, 0x0004A883},
	{0x03E, 0x00000000},
	{0x03F, 0x00000001},
	{0x0ED, 0x00000000},
	{0x018, 0x00001001},
	{0x10018, 0x00001001},
	{0x002, 0x0000000D},
	{0x10002, 0x0000000D},
	{0x0EE, 0x00000004},
	{0x033, 0x0000000B},
	{0x03F, 0x0000000B},
	{0x033, 0x0000000C},
	{0x03F, 0x00000012},
	{0x033, 0x0000000D},
	{0x03F, 0x00000019},
	{0x0EE, 0x00000000},
	{0x08F, 0x000D0F7A},
	{0x0EF, 0x00080000},
	{0x033, 0x00000008},
	{0x03E, 0x000000C4},
	{0x03F, 0x000034C0},
	{0x033, 0x0000000A},
	{0x03E, 0x000000C4},
	{0x03F, 0x000035D0},
	{0x033, 0x0000000B},
	{0x03E, 0x000000C4},
	{0x03F, 0x000035C8},
	{0x033, 0x0000008A},
	{0x03E, 0x000000C4},
	{0x03F, 0x000035F7},
	{0x0EF, 0x00000000},
	{0x08D, 0x000CC800},
	{0x0EF, 0x00004000},
	{0x033, 0x00000006},
	{0x03F, 0x00000700},
	{0x033, 0x00000005},
	{0x03F, 0x00090600},
	{0x033, 0x00000004},
	{0x03F, 0x000A3500},
	{0x033, 0x00000003},
	{0x03F, 0x000A3400},
	{0x033, 0x00000002},
	{0x03F, 0x00008B00},
	{0x033, 0x00000001},
	{0x03F, 0x00001B00},
	{0x033, 0x00000000},
	{0x03F, 0x00003A00},
	{0x033, 0x0000000F},
	{0x03F, 0x00000700},
	{0x033, 0x0000000E},
	{0x03F, 0x00000700},
	{0x033, 0x0000000D},
	{0x03F, 0x00090600},
	{0x033, 0x0000000C},
	{0x03F, 0x000A3500},
	{0x033, 0x0000000B},
	{0x03F, 0x000A3400},
	{0x033, 0x0000000A},
	{0x03F, 0x00008B00},
	{0x033, 0x00000009},
	{0x03F, 0x00001B00},
	{0x033, 0x00000008},
	{0x03F, 0x00003A00},
	{0x0EF, 0x00000000},
	{0x0EE, 0x00000010},
	{0x033, 0x00000006},
	{0x03F, 0x00000003},
	{0x033, 0x00000007},
	{0x03F, 0x00000003},
	{0x033, 0x00000008},
	{0x03F, 0x00000001},
	{0x0EE, 0x00000000},
	{0x0EF, 0x00001000},
	{0x033, 0x00000000},
	{0x03F, 0x00000015},
	{0x033, 0x00000001},
	{0x03F, 0x00000017},
	{0x0EF, 0x00000000},
	{0x0EF, 0x00008000},
	{0x033, 0x00000000},
	{0x03E, 0x00004FC0},
	{0x03F, 0x00000087},
	{0x033, 0x00000001},
	{0x03E, 0x000046C0},
	{0x03F, 0x00000087},
	{0x033, 0x00000002},
	{0x03E, 0x00004240},
	{0x03F, 0x00000087},
	{0x033, 0x00000003},
	{0x03E, 0x00008010},
	{0x03F, 0x00000147},
	{0x033, 0x00000004},
	{0x03E, 0x0000A048},
	{0x03F, 0x0000004F},
	{0x033, 0x00000005},
	{0x03E, 0x0000A030},
	{0x03F, 0x0000005F},
	{0x033, 0x00000006},
	{0x03E, 0x0000A000},
	{0x03F, 0x0000009F},
	{0x033, 0x00000008},
	{0x03E, 0x00004FC0},
	{0x03F, 0x00000087},
	{0x033, 0x00000009},
	{0x03E, 0x000046C0},
	{0x03F, 0x00000087},
	{0x033, 0x0000000A},
	{0x03E, 0x00004240},
	{0x03F, 0x00000087},
	{0x033, 0x0000000B},
	{0x03E, 0x00008010},
	{0x03F, 0x00000147},
	{0x033, 0x0000000C},
	{0x03E, 0x0000A048},
	{0x03F, 0x0000004F},
	{0x033, 0x0000000D},
	{0x03E, 0x0000A030},
	{0x03F, 0x0000005F},
	{0x033, 0x0000000E},
	{0x03E, 0x0000A000},
	{0x03F, 0x0000009F},
	{0x033, 0x00000010},
	{0x03E, 0x00004FC0},
	{0x03F, 0x00000087},
	{0x033, 0x00000011},
	{0x03E, 0x000046C0},
	{0x03F, 0x00000087},
	{0x033, 0x00000012},
	{0x03E, 0x00004240},
	{0x03F, 0x00000087},
	{0x033, 0x00000013},
	{0x03E, 0x00008010},
	{0x03F, 0x00000147},
	{0x033, 0x00000014},
	{0x03E, 0x0000A048},
	{0x03F, 0x0000004F},
	{0x033, 0x00000015},
	{0x03E, 0x0000A030},
	{0x03F, 0x0000005F},
	{0x033, 0x00000016},
	{0x03E, 0x0000A000},
	{0x03F, 0x0000009F},
	{0x033, 0x00000020},
	{0x03E, 0x00004FC0},
	{0x03F, 0x00000087},
	{0x033, 0x00000021},
	{0x03E, 0x000046C0},
	{0x03F, 0x00000087},
	{0x033, 0x00000022},
	{0x03E, 0x00004240},
	{0x03F, 0x00000087},
	{0x033, 0x00000023},
	{0x03E, 0x00008010},
	{0x03F, 0x00000147},
	{0x033, 0x00000024},
	{0x03E, 0x0000A048},
	{0x03F, 0x0000004F},
	{0x033, 0x00000025},
	{0x03E, 0x0000A030},
	{0x03F, 0x0000005F},
	{0x033, 0x00000026},
	{0x03E, 0x0000A000},
	{0x03F, 0x0000009F},
	{0x033, 0x00000028},
	{0x03E, 0x00004FC0},
	{0x03F, 0x00000087},
	{0x033, 0x00000029},
	{0x03E, 0x000046C0},
	{0x03F, 0x00000087},
	{0x033, 0x0000002A},
	{0x03E, 0x00004240},
	{0x03F, 0x00000087},
	{0x033, 0x0000002B},
	{0x03E, 0x00008010},
	{0x03F, 0x00000147},
	{0x033, 0x0000002C},
	{0x03E, 0x0000A048},
	{0x03F, 0x0000004F},
	{0x033, 0x0000002D},
	{0x03E, 0x0000A030},
	{0x03F, 0x0000005F},
	{0x033, 0x0000002E},
	{0x03E, 0x0000A000},
	{0x03F, 0x0000009F},
	{0x033, 0x00000030},
	{0x03E, 0x00004FC0},
	{0x03F, 0x00000087},
	{0x033, 0x00000031},
	{0x03E, 0x000046C0},
	{0x03F, 0x00000087},
	{0x033, 0x00000032},
	{0x03E, 0x00004240},
	{0x03F, 0x00000087},
	{0x033, 0x00000033},
	{0x03E, 0x00008010},
	{0x03F, 0x00000147},
	{0x033, 0x00000034},
	{0x03E, 0x0000A048},
	{0x03F, 0x0000004F},
	{0x033, 0x00000035},
	{0x03E, 0x0000A030},
	{0x03F, 0x0000005F},
	{0x033, 0x00000036},
	{0x03E, 0x0000A000},
	{0x03F, 0x0000009F},
	{0x0EF, 0x00000000},
	{0x0EF, 0x00000100},
	{0x033, 0x00000000},
	{0x80010000, 0x00000000}, {0x40000000, 0x00000000},
	{0x03F, 0x00004376},
	{0x90020000, 0x00000000}, {0x40000000, 0x00000000},
	{0x03F, 0x00004376},
	{0x90010001, 0x00000000}, {0x40000000, 0x00000000},
	{0x03F, 0x00004346},
	{0x90020001, 0x00000000}, {0x40000000, 0x00000000},
	{0x03F, 0x00004346},
	{0x90030001, 0x00000000}, {0x40000000, 0x00000000},
	{0x03F, 0x00004346},
	{0x90040001, 0x00000000}, {0x40000000, 0x00000000},
	{0x03F, 0x00004346},
	{0x90050001, 0x00000000}, {0x40000000, 0x00000000},
	{0x03F, 0x00004346},
	{0x90060001, 0x00000000}, {0x40000000, 0x00000000},
	{0x03F, 0x00004346},
	{0x90070001, 0x00000000}, {0x40000000, 0x00000000},
	{0x03F, 0x00004346},
	{0x90080001, 0x00000000}, {0x40000000, 0x00000000},
	{0x03F, 0x00004346},
	{0x90290001, 0x00000000}, {0x40000000, 0x00000000},
	{0x03F, 0x00004346},
	{0x902b0001, 0x00000000}, {0x40000000, 0x00000000},
	{0x03F, 0x00004346},
	{0xA0000000, 0x00000000},
	{0x03F, 0x00004376},
	{0xB0000000, 0x00000000},
	{0x033, 0x00000001},
	{0x80010000, 0x00000000}, {0x40000000, 0x00000000},
	{0x03F, 0x00004376},
	{0x90020000, 0x00000000}, {0x40000000, 0x00000000},
	{0x03F, 0x00004376},
	{0x90010001, 0x00000000}, {0x40000000, 0x00000000},
	{0x03F, 0x00004346},
	{0x90020001, 0x00000000}, {0x40000000, 0x00000000},
	{0x03F, 0x00004346},
	{0x90030001, 0x00000000}, {0x40000000, 0x00000000},
	{0x03F, 0x00004346},
	{0x90040001, 0x00000000}, {0x40000000, 0x00000000},
	{0x03F, 0x00004346},
	{0x90050001, 0x00000000}, {0x40000000, 0x00000000},
	{0x03F, 0x00004346},
	{0x90060001, 0x00000000}, {0x40000000, 0x00000000},
	{0x03F, 0x00004346},
	{0x90070001, 0x00000000}, {0x40000000, 0x00000000},
	{0x03F, 0x00004346},
	{0x90080001, 0x00000000}, {0x40000000, 0x00000000},
	{0x03F, 0x00004346},
	{0x90290001, 0x00000000}, {0x40000000, 0x00000000},
	{0x03F, 0x00004346},
	{0x902b0001, 0x00000000}, {0x40000000, 0x00000000},
	{0x03F, 0x00004346},
	{0xA0000000, 0x00000000},
	{0x03F, 0x00004376},
	{0xB0000000, 0x00000000},
	{0x033, 0x00000002},
	{0x80010000, 0x00000000}, {0x40000000, 0x00000000},
	{0x03F, 0x00004376},
	{0x90020000, 0x00000000}, {0x40000000, 0x00000000},
	{0x03F, 0x00004376},
	{0x90010001, 0x00000000}, {0x40000000, 0x00000000},
	{0x03F, 0x00004346},
	{0x90020001, 0x00000000}, {0x40000000, 0x00000000},
	{0x03F, 0x00004346},
	{0x90030001, 0x00000000}, {0x40000000, 0x00000000},
	{0x03F, 0x00004346},
	{0x90040001, 0x00000000}, {0x40000000, 0x00000000},
	{0x03F, 0x00004346},
	{0x90050001, 0x00000000}, {0x40000000, 0x00000000},
	{0x03F, 0x00004346},
	{0x90060001, 0x00000000}, {0x40000000, 0x00000000},
	{0x03F, 0x00004346},
	{0x90070001, 0x00000000}, {0x40000000, 0x00000000},
	{0x03F, 0x00004346},
	{0x90080001, 0x00000000}, {0x40000000, 0x00000000},
	{0x03F, 0x00004346},
	{0x90290001, 0x00000000}, {0x40000000, 0x00000000},
	{0x03F, 0x00004346},
	{0x902b0001, 0x00000000}, {0x40000000, 0x00000000},
	{0x03F, 0x00004346},
	{0xA0000000, 0x00000000},
	{0x03F, 0x00004376},
	{0xB0000000, 0x00000000},
	{0x033, 0x00000003},
	{0x03F, 0x00004376},
	{0x033, 0x00000004},
	{0x80010000, 0x00000000}, {0x40000000, 0x00000000},
	{0x03F, 0x00004376},
	{0x90020000, 0x00000000}, {0x40000000, 0x00000000},
	{0x03F, 0x00004376},
	{0x90010001, 0x00000000}, {0x40000000, 0x00000000},
	{0x03F, 0x00004346},
	{0x90020001, 0x00000000}, {0x40000000, 0x00000000},
	{0x03F, 0x00004346},
	{0x90030001, 0x00000000}, {0x40000000, 0x00000000},
	{0x03F, 0x00004346},
	{0x90040001, 0x00000000}, {0x40000000, 0x00000000},
	{0x03F, 0x00004346},
	{0x90050001, 0x00000000}, {0x40000000, 0x00000000},
	{0x03F, 0x00004346},
	{0x90060001, 0x00000000}, {0x40000000, 0x00000000},
	{0x03F, 0x00004346},
	{0x90070001, 0x00000000}, {0x40000000, 0x00000000},
	{0x03F, 0x00004346},
	{0x90080001, 0x00000000}, {0x40000000, 0x00000000},
	{0x03F, 0x00004346},
	{0x90290001, 0x00000000}, {0x40000000, 0x00000000},
	{0x03F, 0x00004346},
	{0x902b0001, 0x00000000}, {0x40000000, 0x00000000},
	{0x03F, 0x00004346},
	{0xA0000000, 0x00000000},
	{0x03F, 0x00004376},
	{0xB0000000, 0x00000000},
	{0x033, 0x00000005},
	{0x80010000, 0x00000000}, {0x40000000, 0x00000000},
	{0x03F, 0x00004376},
	{0x90020000, 0x00000000}, {0x40000000, 0x00000000},
	{0x03F, 0x00004376},
	{0x90010001, 0x00000000}, {0x40000000, 0x00000000},
	{0x03F, 0x00004317},
	{0x90020001, 0x00000000}, {0x40000000, 0x00000000},
	{0x03F, 0x00004317},
	{0x90030001, 0x00000000}, {0x40000000, 0x00000000},
	{0x03F, 0x00004317},
	{0x90040001, 0x00000000}, {0x40000000, 0x00000000},
	{0x03F, 0x00004317},
	{0x90050001, 0x00000000}, {0x40000000, 0x00000000},
	{0x03F, 0x00004317},
	{0x90060001, 0x00000000}, {0x40000000, 0x00000000},
	{0x03F, 0x00004317},
	{0x90070001, 0x00000000}, {0x40000000, 0x00000000},
	{0x03F, 0x00004317},
	{0x90080001, 0x00000000}, {0x40000000, 0x00000000},
	{0x03F, 0x00004317},
	{0x90290001, 0x00000000}, {0x40000000, 0x00000000},
	{0x03F, 0x00004317},
	{0x902b0001, 0x00000000}, {0x40000000, 0x00000000},
	{0x03F, 0x00004317},
	{0xA0000000, 0x00000000},
	{0x03F, 0x00004376},
	{0xB0000000, 0x00000000},
	{0x033, 0x00000006},
	{0x03F, 0x00004376},
	{0x033, 0x00000007},
	{0x03F, 0x00004376},
	{0x033, 0x00000008},
	{0x03F, 0x00004376},
	{0x033, 0x00000009},
	{0x03F, 0x00004376},
	{0x033, 0x0000000A},
	{0x80010000, 0x00000000}, {0x40000000, 0x00000000},
	{0x03F, 0x00004376},
	{0x90020000, 0x00000000}, {0x40000000, 0x00000000},
	{0x03F, 0x00004376},
	{0x90010001, 0x00000000}, {0x40000000, 0x00000000},
	{0x03F, 0x000043A6},
	{0x90020001, 0x00000000}, {0x40000000, 0x00000000},
	{0x03F, 0x000043A6},
	{0x90030001, 0x00000000}, {0x40000000, 0x00000000},
	{0x03F, 0x000043A6},
	{0x90040001, 0x00000000}, {0x40000000, 0x00000000},
	{0x03F, 0x000043A6},
	{0x90050001, 0x00000000}, {0x40000000, 0x00000000},
	{0x03F, 0x000043A6},
	{0x90060001, 0x00000000}, {0x40000000, 0x00000000},
	{0x03F, 0x000043A6},
	{0x90070001, 0x00000000}, {0x40000000, 0x00000000},
	{0x03F, 0x000043A6},
	{0x90080001, 0x00000000}, {0x40000000, 0x00000000},
	{0x03F, 0x000043A6},
	{0x90290001, 0x00000000}, {0x40000000, 0x00000000},
	{0x03F, 0x000043A6},
	{0x902b0001, 0x00000000}, {0x40000000, 0x00000000},
	{0x03F, 0x000043A6},
	{0xA0000000, 0x00000000},
	{0x03F, 0x00004376},
	{0xB0000000, 0x00000000},
	{0x033, 0x0000000B},
	{0x80010000, 0x00000000}, {0x40000000, 0x00000000},
	{0x03F, 0x00004376},
	{0x90020000, 0x00000000}, {0x40000000, 0x00000000},
	{0x03F, 0x00004376},
	{0x90010001, 0x00000000}, {0x40000000, 0x00000000},
	{0x03F, 0x000043A6},
	{0x90020001, 0x00000000}, {0x40000000, 0x00000000},
	{0x03F, 0x000043A6},
	{0x90030001, 0x00000000}, {0x40000000, 0x00000000},
	{0x03F, 0x000043A6},
	{0x90040001, 0x00000000}, {0x40000000, 0x00000000},
	{0x03F, 0x000043A6},
	{0x90050001, 0x00000000}, {0x40000000, 0x00000000},
	{0x03F, 0x000043A6},
	{0x90060001, 0x00000000}, {0x40000000, 0x00000000},
	{0x03F, 0x000043A6},
	{0x90070001, 0x00000000}, {0x40000000, 0x00000000},
	{0x03F, 0x000043A6},
	{0x90080001, 0x00000000}, {0x40000000, 0x00000000},
	{0x03F, 0x000043A6},
	{0x90290001, 0x00000000}, {0x40000000, 0x00000000},
	{0x03F, 0x000043A6},
	{0x902b0001, 0x00000000}, {0x40000000, 0x00000000},
	{0x03F, 0x000043A6},
	{0xA0000000, 0x00000000},
	{0x03F, 0x00004376},
	{0xB0000000, 0x00000000},
	{0x033, 0x0000000C},
	{0x80010000, 0x00000000}, {0x40000000, 0x00000000},
	{0x03F, 0x00004376},
	{0x90020000, 0x00000000}, {0x40000000, 0x00000000},
	{0x03F, 0x00004376},
	{0x90010001, 0x00000000}, {0x40000000, 0x00000000},
	{0x03F, 0x000043A6},
	{0x90020001, 0x00000000}, {0x40000000, 0x00000000},
	{0x03F, 0x000043A6},
	{0x90030001, 0x00000000}, {0x40000000, 0x00000000},
	{0x03F, 0x000043A6},
	{0x90040001, 0x00000000}, {0x40000000, 0x00000000},
	{0x03F, 0x000043A6},
	{0x90050001, 0x00000000}, {0x40000000, 0x00000000},
	{0x03F, 0x000043A6},
	{0x90060001, 0x00000000}, {0x40000000, 0x00000000},
	{0x03F, 0x000043A6},
	{0x90070001, 0x00000000}, {0x40000000, 0x00000000},
	{0x03F, 0x000043A6},
	{0x90080001, 0x00000000}, {0x40000000, 0x00000000},
	{0x03F, 0x000043A6},
	{0x90290001, 0x00000000}, {0x40000000, 0x00000000},
	{0x03F, 0x000043A6},
	{0x902b0001, 0x00000000}, {0x40000000, 0x00000000},
	{0x03F, 0x000043A6},
	{0xA0000000, 0x00000000},
	{0x03F, 0x00004376},
	{0xB0000000, 0x00000000},
	{0x033, 0x0000000D},
	{0x80010000, 0x00000000}, {0x40000000, 0x00000000},
	{0x03F, 0x00004376},
	{0x90020000, 0x00000000}, {0x40000000, 0x00000000},
	{0x03F, 0x00004376},
	{0x90010001, 0x00000000}, {0x40000000, 0x00000000},
	{0x03F, 0x000043A6},
	{0x90020001, 0x00000000}, {0x40000000, 0x00000000},
	{0x03F, 0x000043A6},
	{0x90030001, 0x00000000}, {0x40000000, 0x00000000},
	{0x03F, 0x000043A6},
	{0x90040001, 0x00000000}, {0x40000000, 0x00000000},
	{0x03F, 0x000043A6},
	{0x90050001, 0x00000000}, {0x40000000, 0x00000000},
	{0x03F, 0x000043A6},
	{0x90060001, 0x00000000}, {0x40000000, 0x00000000},
	{0x03F, 0x000043A6},
	{0x90070001, 0x00000000}, {0x40000000, 0x00000000},
	{0x03F, 0x000043A6},
	{0x90080001, 0x00000000}, {0x40000000, 0x00000000},
	{0x03F, 0x000043A6},
	{0x90290001, 0x00000000}, {0x40000000, 0x00000000},
	{0x03F, 0x000043A6},
	{0x902b0001, 0x00000000}, {0x40000000, 0x00000000},
	{0x03F, 0x000043A6},
	{0xA0000000, 0x00000000},
	{0x03F, 0x00004376},
	{0xB0000000, 0x00000000},
	{0x033, 0x0000000E},
	{0x80010000, 0x00000000}, {0x40000000, 0x00000000},
	{0x03F, 0x00004376},
	{0x90020000, 0x00000000}, {0x40000000, 0x00000000},
	{0x03F, 0x00004376},
	{0x90010001, 0x00000000}, {0x40000000, 0x00000000},
	{0x03F, 0x00004346},
	{0x90020001, 0x00000000}, {0x40000000, 0x00000000},
	{0x03F, 0x00004346},
	{0x90030001, 0x00000000}, {0x40000000, 0x00000000},
	{0x03F, 0x00004346},
	{0x90040001, 0x00000000}, {0x40000000, 0x00000000},
	{0x03F, 0x00004346},
	{0x90050001, 0x00000000}, {0x40000000, 0x00000000},
	{0x03F, 0x00004346},
	{0x90060001, 0x00000000}, {0x40000000, 0x00000000},
	{0x03F, 0x00004346},
	{0x90070001, 0x00000000}, {0x40000000, 0x00000000},
	{0x03F, 0x00004346},
	{0x90080001, 0x00000000}, {0x40000000, 0x00000000},
	{0x03F, 0x00004346},
	{0x90290001, 0x00000000}, {0x40000000, 0x00000000},
	{0x03F, 0x00004346},
	{0x902b0001, 0x00000000}, {0x40000000, 0x00000000},
	{0x03F, 0x00004346},
	{0xA0000000, 0x00000000},
	{0x03F, 0x00004376},
	{0xB0000000, 0x00000000},
	{0x033, 0x0000000F},
	{0x80010000, 0x00000000}, {0x40000000, 0x00000000},
	{0x03F, 0x00004376},
	{0x90020000, 0x00000000}, {0x40000000, 0x00000000},
	{0x03F, 0x00004376},
	{0x90010001, 0x00000000}, {0x40000000, 0x00000000},
	{0x03F, 0x00004346},
	{0x90020001, 0x00000000}, {0x40000000, 0x00000000},
	{0x03F, 0x00004346},
	{0x90030001, 0x00000000}, {0x40000000, 0x00000000},
	{0x03F, 0x00004346},
	{0x90040001, 0x00000000}, {0x40000000, 0x00000000},
	{0x03F, 0x00004346},
	{0x90050001, 0x00000000}, {0x40000000, 0x00000000},
	{0x03F, 0x00004346},
	{0x90060001, 0x00000000}, {0x40000000, 0x00000000},
	{0x03F, 0x00004346},
	{0x90070001, 0x00000000}, {0x40000000, 0x00000000},
	{0x03F, 0x00004346},
	{0x90080001, 0x00000000}, {0x40000000, 0x00000000},
	{0x03F, 0x00004346},
	{0x90290001, 0x00000000}, {0x40000000, 0x00000000},
	{0x03F, 0x00004346},
	{0x902b0001, 0x00000000}, {0x40000000, 0x00000000},
	{0x03F, 0x00004346},
	{0xA0000000, 0x00000000},
	{0x03F, 0x00004376},
	{0xB0000000, 0x00000000},
	{0x033, 0x00000010},
	{0x80010000, 0x00000000}, {0x40000000, 0x00000000},
	{0x03F, 0x00004376},
	{0x90020000, 0x00000000}, {0x40000000, 0x00000000},
	{0x03F, 0x00004376},
	{0x90010001, 0x00000000}, {0x40000000, 0x00000000},
	{0x03F, 0x00004346},
	{0x90020001, 0x00000000}, {0x40000000, 0x00000000},
	{0x03F, 0x00004346},
	{0x90030001, 0x00000000}, {0x40000000, 0x00000000},
	{0x03F, 0x00004346},
	{0x90040001, 0x00000000}, {0x40000000, 0x00000000},
	{0x03F, 0x00004346},
	{0x90050001, 0x00000000}, {0x40000000, 0x00000000},
	{0x03F, 0x00004346},
	{0x90060001, 0x00000000}, {0x40000000, 0x00000000},
	{0x03F, 0x00004346},
	{0x90070001, 0x00000000}, {0x40000000, 0x00000000},
	{0x03F, 0x00004346},
	{0x90080001, 0x00000000}, {0x40000000, 0x00000000},
	{0x03F, 0x00004346},
	{0x90290001, 0x00000000}, {0x40000000, 0x00000000},
	{0x03F, 0x00004346},
	{0x902b0001, 0x00000000}, {0x40000000, 0x00000000},
	{0x03F, 0x00004346},
	{0xA0000000, 0x00000000},
	{0x03F, 0x00004376},
	{0xB0000000, 0x00000000},
	{0x033, 0x00000011},
	{0x80010000, 0x00000000}, {0x40000000, 0x00000000},
	{0x03F, 0x00004376},
	{0x90020000, 0x00000000}, {0x40000000, 0x00000000},
	{0x03F, 0x00004376},
	{0x90010001, 0x00000000}, {0x40000000, 0x00000000},
	{0x03F, 0x00004346},
	{0x90020001, 0x00000000}, {0x40000000, 0x00000000},
	{0x03F, 0x00004346},
	{0x90030001, 0x00000000}, {0x40000000, 0x00000000},
	{0x03F, 0x00004346},
	{0x90040001, 0x00000000}, {0x40000000, 0x00000000},
	{0x03F, 0x00004346},
	{0x90050001, 0x00000000}, {0x40000000, 0x00000000},
	{0x03F, 0x00004346},
	{0x90060001, 0x00000000}, {0x40000000, 0x00000000},
	{0x03F, 0x00004346},
	{0x90070001, 0x00000000}, {0x40000000, 0x00000000},
	{0x03F, 0x00004346},
	{0x90080001, 0x00000000}, {0x40000000, 0x00000000},
	{0x03F, 0x00004346},
	{0x90290001, 0x00000000}, {0x40000000, 0x00000000},
	{0x03F, 0x00004346},
	{0x902b0001, 0x00000000}, {0x40000000, 0x00000000},
	{0x03F, 0x00004346},
	{0xA0000000, 0x00000000},
	{0x03F, 0x00004376},
	{0xB0000000, 0x00000000},
	{0x033, 0x00000012},
	{0x80010000, 0x00000000}, {0x40000000, 0x00000000},
	{0x03F, 0x00004376},
	{0x90020000, 0x00000000}, {0x40000000, 0x00000000},
	{0x03F, 0x00004376},
	{0x90010001, 0x00000000}, {0x40000000, 0x00000000},
	{0x03F, 0x00004346},
	{0x90020001, 0x00000000}, {0x40000000, 0x00000000},
	{0x03F, 0x00004346},
	{0x90030001, 0x00000000}, {0x40000000, 0x00000000},
	{0x03F, 0x00004346},
	{0x90040001, 0x00000000}, {0x40000000, 0x00000000},
	{0x03F, 0x00004346},
	{0x90050001, 0x00000000}, {0x40000000, 0x00000000},
	{0x03F, 0x00004346},
	{0x90060001, 0x00000000}, {0x40000000, 0x00000000},
	{0x03F, 0x00004346},
	{0x90070001, 0x00000000}, {0x40000000, 0x00000000},
	{0x03F, 0x00004346},
	{0x90080001, 0x00000000}, {0x40000000, 0x00000000},
	{0x03F, 0x00004346},
	{0x90290001, 0x00000000}, {0x40000000, 0x00000000},
	{0x03F, 0x00004346},
	{0x902b0001, 0x00000000}, {0x40000000, 0x00000000},
	{0x03F, 0x00004346},
	{0xA0000000, 0x00000000},
	{0x03F, 0x00004376},
	{0xB0000000, 0x00000000},
	{0x033, 0x00000013},
	{0x80010000, 0x00000000}, {0x40000000, 0x00000000},
	{0x03F, 0x00004376},
	{0x90020000, 0x00000000}, {0x40000000, 0x00000000},
	{0x03F, 0x00004376},
	{0x90010001, 0x00000000}, {0x40000000, 0x00000000},
	{0x03F, 0x00004347},
	{0x90020001, 0x00000000}, {0x40000000, 0x00000000},
	{0x03F, 0x00004347},
	{0x90030001, 0x00000000}, {0x40000000, 0x00000000},
	{0x03F, 0x00004347},
	{0x90040001, 0x00000000}, {0x40000000, 0x00000000},
	{0x03F, 0x00004347},
	{0x90050001, 0x00000000}, {0x40000000, 0x00000000},
	{0x03F, 0x00004347},
	{0x90060001, 0x00000000}, {0x40000000, 0x00000000},
	{0x03F, 0x00004347},
	{0x90070001, 0x00000000}, {0x40000000, 0x00000000},
	{0x03F, 0x00004347},
	{0x90080001, 0x00000000}, {0x40000000, 0x00000000},
	{0x03F, 0x00004347},
	{0x90290001, 0x00000000}, {0x40000000, 0x00000000},
	{0x03F, 0x00004347},
	{0x902b0001, 0x00000000}, {0x40000000, 0x00000000},
	{0x03F, 0x00004347},
	{0xA0000000, 0x00000000},
	{0x03F, 0x00004376},
	{0xB0000000, 0x00000000},
	{0x033, 0x00000014},
	{0x80010000, 0x00000000}, {0x40000000, 0x00000000},
	{0x03F, 0x00004376},
	{0x90020000, 0x00000000}, {0x40000000, 0x00000000},
	{0x03F, 0x00004376},
	{0x90010001, 0x00000000}, {0x40000000, 0x00000000},
	{0x03F, 0x00004346},
	{0x90020001, 0x00000000}, {0x40000000, 0x00000000},
	{0x03F, 0x00004346},
	{0x90030001, 0x00000000}, {0x40000000, 0x00000000},
	{0x03F, 0x00004346},
	{0x90040001, 0x00000000}, {0x40000000, 0x00000000},
	{0x03F, 0x00004346},
	{0x90050001, 0x00000000}, {0x40000000, 0x00000000},
	{0x03F, 0x00004346},
	{0x90060001, 0x00000000}, {0x40000000, 0x00000000},
	{0x03F, 0x00004346},
	{0x90070001, 0x00000000}, {0x40000000, 0x00000000},
	{0x03F, 0x00004346},
	{0x90080001, 0x00000000}, {0x40000000, 0x00000000},
	{0x03F, 0x00004346},
	{0x90290001, 0x00000000}, {0x40000000, 0x00000000},
	{0x03F, 0x00004346},
	{0x902b0001, 0x00000000}, {0x40000000, 0x00000000},
	{0x03F, 0x00004346},
	{0xA0000000, 0x00000000},
	{0x03F, 0x00004376},
	{0xB0000000, 0x00000000},
	{0x033, 0x00000015},
	{0x80010000, 0x00000000}, {0x40000000, 0x00000000},
	{0x03F, 0x00004376},
	{0x90020000, 0x00000000}, {0x40000000, 0x00000000},
	{0x03F, 0x00004376},
	{0x90010001, 0x00000000}, {0x40000000, 0x00000000},
	{0x03F, 0x00004346},
	{0x90020001, 0x00000000}, {0x40000000, 0x00000000},
	{0x03F, 0x00004346},
	{0x90030001, 0x00000000}, {0x40000000, 0x00000000},
	{0x03F, 0x00004346},
	{0x90040001, 0x00000000}, {0x40000000, 0x00000000},
	{0x03F, 0x00004346},
	{0x90050001, 0x00000000}, {0x40000000, 0x00000000},
	{0x03F, 0x00004346},
	{0x90060001, 0x00000000}, {0x40000000, 0x00000000},
	{0x03F, 0x00004346},
	{0x90070001, 0x00000000}, {0x40000000, 0x00000000},
	{0x03F, 0x00004346},
	{0x90080001, 0x00000000}, {0x40000000, 0x00000000},
	{0x03F, 0x00004346},
	{0x90290001, 0x00000000}, {0x40000000, 0x00000000},
	{0x03F, 0x00004346},
	{0x902b0001, 0x00000000}, {0x40000000, 0x00000000},
	{0x03F, 0x00004346},
	{0xA0000000, 0x00000000},
	{0x03F, 0x00004376},
	{0xB0000000, 0x00000000},
	{0x033, 0x00000016},
	{0x80010000, 0x00000000}, {0x40000000, 0x00000000},
	{0x03F, 0x00004376},
	{0x90020000, 0x00000000}, {0x40000000, 0x00000000},
	{0x03F, 0x00004376},
	{0x90010001, 0x00000000}, {0x40000000, 0x00000000},
	{0x03F, 0x00004346},
	{0x90020001, 0x00000000}, {0x40000000, 0x00000000},
	{0x03F, 0x00004346},
	{0x90030001, 0x00000000}, {0x40000000, 0x00000000},
	{0x03F, 0x00004346},
	{0x90040001, 0x00000000}, {0x40000000, 0x00000000},
	{0x03F, 0x00004346},
	{0x90050001, 0x00000000}, {0x40000000, 0x00000000},
	{0x03F, 0x00004346},
	{0x90060001, 0x00000000}, {0x40000000, 0x00000000},
	{0x03F, 0x00004346},
	{0x90070001, 0x00000000}, {0x40000000, 0x00000000},
	{0x03F, 0x00004346},
	{0x90080001, 0x00000000}, {0x40000000, 0x00000000},
	{0x03F, 0x00004346},
	{0x90290001, 0x00000000}, {0x40000000, 0x00000000},
	{0x03F, 0x00004346},
	{0x902b0001, 0x00000000}, {0x40000000, 0x00000000},
	{0x03F, 0x00004346},
	{0xA0000000, 0x00000000},
	{0x03F, 0x00004376},
	{0xB0000000, 0x00000000},
	{0x033, 0x00000017},
	{0x80010000, 0x00000000}, {0x40000000, 0x00000000},
	{0x03F, 0x00004376},
	{0x90020000, 0x00000000}, {0x40000000, 0x00000000},
	{0x03F, 0x00004376},
	{0x90010001, 0x00000000}, {0x40000000, 0x00000000},
	{0x03F, 0x00004347},
	{0x90020001, 0x00000000}, {0x40000000, 0x00000000},
	{0x03F, 0x00004347},
	{0x90030001, 0x00000000}, {0x40000000, 0x00000000},
	{0x03F, 0x00004347},
	{0x90040001, 0x00000000}, {0x40000000, 0x00000000},
	{0x03F, 0x00004347},
	{0x90050001, 0x00000000}, {0x40000000, 0x00000000},
	{0x03F, 0x00004347},
	{0x90060001, 0x00000000}, {0x40000000, 0x00000000},
	{0x03F, 0x00004347},
	{0x90070001, 0x00000000}, {0x40000000, 0x00000000},
	{0x03F, 0x00004347},
	{0x90080001, 0x00000000}, {0x40000000, 0x00000000},
	{0x03F, 0x00004347},
	{0x90290001, 0x00000000}, {0x40000000, 0x00000000},
	{0x03F, 0x00004347},
	{0x902b0001, 0x00000000}, {0x40000000, 0x00000000},
	{0x03F, 0x00004347},
	{0xA0000000, 0x00000000},
	{0x03F, 0x00004376},
	{0xB0000000, 0x00000000},
	{0x033, 0x00000020},
	{0x80010000, 0x00000000}, {0x40000000, 0x00000000},
	{0x03F, 0x00004376},
	{0x90020000, 0x00000000}, {0x40000000, 0x00000000},
	{0x03F, 0x00004376},
	{0x90010001, 0x00000000}, {0x40000000, 0x00000000},
	{0x03F, 0x00004346},
	{0x90020001, 0x00000000}, {0x40000000, 0x00000000},
	{0x03F, 0x00004346},
	{0x90030001, 0x00000000}, {0x40000000, 0x00000000},
	{0x03F, 0x00004346},
	{0x90040001, 0x00000000}, {0x40000000, 0x00000000},
	{0x03F, 0x00004346},
	{0x90050001, 0x00000000}, {0x40000000, 0x00000000},
	{0x03F, 0x00004346},
	{0x90060001, 0x00000000}, {0x40000000, 0x00000000},
	{0x03F, 0x00004346},
	{0x90070001, 0x00000000}, {0x40000000, 0x00000000},
	{0x03F, 0x00004346},
	{0x90080001, 0x00000000}, {0x40000000, 0x00000000},
	{0x03F, 0x00004346},
	{0x90290001, 0x00000000}, {0x40000000, 0x00000000},
	{0x03F, 0x00004346},
	{0x902b0001, 0x00000000}, {0x40000000, 0x00000000},
	{0x03F, 0x00004346},
	{0xA0000000, 0x00000000},
	{0x03F, 0x00004376},
	{0xB0000000, 0x00000000},
	{0x033, 0x00000021},
	{0x80010000, 0x00000000}, {0x40000000, 0x00000000},
	{0x03F, 0x00004376},
	{0x90020000, 0x00000000}, {0x40000000, 0x00000000},
	{0x03F, 0x00004376},
	{0x90010001, 0x00000000}, {0x40000000, 0x00000000},
	{0x03F, 0x00004347},
	{0x90020001, 0x00000000}, {0x40000000, 0x00000000},
	{0x03F, 0x00004347},
	{0x90030001, 0x00000000}, {0x40000000, 0x00000000},
	{0x03F, 0x00004347},
	{0x90040001, 0x00000000}, {0x40000000, 0x00000000},
	{0x03F, 0x00004347},
	{0x90050001, 0x00000000}, {0x40000000, 0x00000000},
	{0x03F, 0x00004347},
	{0x90060001, 0x00000000}, {0x40000000, 0x00000000},
	{0x03F, 0x00004347},
	{0x90070001, 0x00000000}, {0x40000000, 0x00000000},
	{0x03F, 0x00004347},
	{0x90080001, 0x00000000}, {0x40000000, 0x00000000},
	{0x03F, 0x00004347},
	{0x90290001, 0x00000000}, {0x40000000, 0x00000000},
	{0x03F, 0x00004347},
	{0x902b0001, 0x00000000}, {0x40000000, 0x00000000},
	{0x03F, 0x00004347},
	{0xA0000000, 0x00000000},
	{0x03F, 0x00004376},
	{0xB0000000, 0x00000000},
	{0x033, 0x00000022},
	{0x80010000, 0x00000000}, {0x40000000, 0x00000000},
	{0x03F, 0x00004376},
	{0x90020000, 0x00000000}, {0x40000000, 0x00000000},
	{0x03F, 0x00004376},
	{0x90010001, 0x00000000}, {0x40000000, 0x00000000},
	{0x03F, 0x00004346},
	{0x90020001, 0x00000000}, {0x40000000, 0x00000000},
	{0x03F, 0x00004346},
	{0x90030001, 0x00000000}, {0x40000000, 0x00000000},
	{0x03F, 0x00004346},
	{0x90040001, 0x00000000}, {0x40000000, 0x00000000},
	{0x03F, 0x00004346},
	{0x90050001, 0x00000000}, {0x40000000, 0x00000000},
	{0x03F, 0x00004346},
	{0x90060001, 0x00000000}, {0x40000000, 0x00000000},
	{0x03F, 0x00004346},
	{0x90070001, 0x00000000}, {0x40000000, 0x00000000},
	{0x03F, 0x00004346},
	{0x90080001, 0x00000000}, {0x40000000, 0x00000000},
	{0x03F, 0x00004346},
	{0x90290001, 0x00000000}, {0x40000000, 0x00000000},
	{0x03F, 0x00004346},
	{0x902b0001, 0x00000000}, {0x40000000, 0x00000000},
	{0x03F, 0x00004346},
	{0xA0000000, 0x00000000},
	{0x03F, 0x00004376},
	{0xB0000000, 0x00000000},
	{0x033, 0x00000023},
	{0x80010000, 0x00000000}, {0x40000000, 0x00000000},
	{0x03F, 0x00004396},
	{0x90020000, 0x00000000}, {0x40000000, 0x00000000},
	{0x03F, 0x00004396},
	{0x90010001, 0x00000000}, {0x40000000, 0x00000000},
	{0x03F, 0x00004386},
	{0x90020001, 0x00000000}, {0x40000000, 0x00000000},
	{0x03F, 0x00004386},
	{0x90030001, 0x00000000}, {0x40000000, 0x00000000},
	{0x03F, 0x00004386},
	{0x90040001, 0x00000000}, {0x40000000, 0x00000000},
	{0x03F, 0x00004386},
	{0x90050001, 0x00000000}, {0x40000000, 0x00000000},
	{0x03F, 0x00004386},
	{0x90060001, 0x00000000}, {0x40000000, 0x00000000},
	{0x03F, 0x00004386},
	{0x90070001, 0x00000000}, {0x40000000, 0x00000000},
	{0x03F, 0x00004386},
	{0x90080001, 0x00000000}, {0x40000000, 0x00000000},
	{0x03F, 0x00004386},
	{0x90290001, 0x00000000}, {0x40000000, 0x00000000},
	{0x03F, 0x00004386},
	{0x902b0001, 0x00000000}, {0x40000000, 0x00000000},
	{0x03F, 0x00004386},
	{0xA0000000, 0x00000000},
	{0x03F, 0x00004396},
	{0xB0000000, 0x00000000},
	{0x033, 0x00000024},
	{0x80010000, 0x00000000}, {0x40000000, 0x00000000},
	{0x03F, 0x00004396},
	{0x90020000, 0x00000000}, {0x40000000, 0x00000000},
	{0x03F, 0x00004396},
	{0x90010001, 0x00000000}, {0x40000000, 0x00000000},
	{0x03F, 0x00004386},
	{0x90020001, 0x00000000}, {0x40000000, 0x00000000},
	{0x03F, 0x00004386},
	{0x90030001, 0x00000000}, {0x40000000, 0x00000000},
	{0x03F, 0x00004386},
	{0x90040001, 0x00000000}, {0x40000000, 0x00000000},
	{0x03F, 0x00004386},
	{0x90050001, 0x00000000}, {0x40000000, 0x00000000},
	{0x03F, 0x00004386},
	{0x90060001, 0x00000000}, {0x40000000, 0x00000000},
	{0x03F, 0x00004386},
	{0x90070001, 0x00000000}, {0x40000000, 0x00000000},
	{0x03F, 0x00004386},
	{0x90080001, 0x00000000}, {0x40000000, 0x00000000},
	{0x03F, 0x00004386},
	{0x90290001, 0x00000000}, {0x40000000, 0x00000000},
	{0x03F, 0x00004386},
	{0x902b0001, 0x00000000}, {0x40000000, 0x00000000},
	{0x03F, 0x00004386},
	{0xA0000000, 0x00000000},
	{0x03F, 0x00004396},
	{0xB0000000, 0x00000000},
	{0x033, 0x00000025},
	{0x80010000, 0x00000000}, {0x40000000, 0x00000000},
	{0x03F, 0x00004396},
	{0x90020000, 0x00000000}, {0x40000000, 0x00000000},
	{0x03F, 0x00004396},
	{0x90010001, 0x00000000}, {0x40000000, 0x00000000},
	{0x03F, 0x00004386},
	{0x90020001, 0x00000000}, {0x40000000, 0x00000000},
	{0x03F, 0x00004386},
	{0x90030001, 0x00000000}, {0x40000000, 0x00000000},
	{0x03F, 0x00004386},
	{0x90040001, 0x00000000}, {0x40000000, 0x00000000},
	{0x03F, 0x00004386},
	{0x90050001, 0x00000000}, {0x40000000, 0x00000000},
	{0x03F, 0x00004386},
	{0x90060001, 0x00000000}, {0x40000000, 0x00000000},
	{0x03F, 0x00004386},
	{0x90070001, 0x00000000}, {0x40000000, 0x00000000},
	{0x03F, 0x00004386},
	{0x90080001, 0x00000000}, {0x40000000, 0x00000000},
	{0x03F, 0x00004386},
	{0x90290001, 0x00000000}, {0x40000000, 0x00000000},
	{0x03F, 0x00004386},
	{0x902b0001, 0x00000000}, {0x40000000, 0x00000000},
	{0x03F, 0x00004386},
	{0xA0000000, 0x00000000},
	{0x03F, 0x00004396},
	{0xB0000000, 0x00000000},
	{0x033, 0x00000026},
	{0x80010000, 0x00000000}, {0x40000000, 0x00000000},
	{0x03F, 0x00004396},
	{0x90020000, 0x00000000}, {0x40000000, 0x00000000},
	{0x03F, 0x00004396},
	{0x90010001, 0x00000000}, {0x40000000, 0x00000000},
	{0x03F, 0x00004386},
	{0x90020001, 0x00000000}, {0x40000000, 0x00000000},
	{0x03F, 0x00004386},
	{0x90030001, 0x00000000}, {0x40000000, 0x00000000},
	{0x03F, 0x00004386},
	{0x90040001, 0x00000000}, {0x40000000, 0x00000000},
	{0x03F, 0x00004386},
	{0x90050001, 0x00000000}, {0x40000000, 0x00000000},
	{0x03F, 0x00004386},
	{0x90060001, 0x00000000}, {0x40000000, 0x00000000},
	{0x03F, 0x00004386},
	{0x90070001, 0x00000000}, {0x40000000, 0x00000000},
	{0x03F, 0x00004386},
	{0x90080001, 0x00000000}, {0x40000000, 0x00000000},
	{0x03F, 0x00004386},
	{0x90290001, 0x00000000}, {0x40000000, 0x00000000},
	{0x03F, 0x00004386},
	{0x902b0001, 0x00000000}, {0x40000000, 0x00000000},
	{0x03F, 0x00004386},
	{0xA0000000, 0x00000000},
	{0x03F, 0x00004396},
	{0xB0000000, 0x00000000},
	{0x033, 0x00000027},
	{0x80010000, 0x00000000}, {0x40000000, 0x00000000},
	{0x03F, 0x00004396},
	{0x90020000, 0x00000000}, {0x40000000, 0x00000000},
	{0x03F, 0x00004396},
	{0x90010001, 0x00000000}, {0x40000000, 0x00000000},
	{0x03F, 0x00004386},
	{0x90020001, 0x00000000}, {0x40000000, 0x00000000},
	{0x03F, 0x00004386},
	{0x90030001, 0x00000000}, {0x40000000, 0x00000000},
	{0x03F, 0x00004386},
	{0x90040001, 0x00000000}, {0x40000000, 0x00000000},
	{0x03F, 0x00004386},
	{0x90050001, 0x00000000}, {0x40000000, 0x00000000},
	{0x03F, 0x00004386},
	{0x90060001, 0x00000000}, {0x40000000, 0x00000000},
	{0x03F, 0x00004386},
	{0x90070001, 0x00000000}, {0x40000000, 0x00000000},
	{0x03F, 0x00004386},
	{0x90080001, 0x00000000}, {0x40000000, 0x00000000},
	{0x03F, 0x00004386},
	{0x90290001, 0x00000000}, {0x40000000, 0x00000000},
	{0x03F, 0x00004386},
	{0x902b0001, 0x00000000}, {0x40000000, 0x00000000},
	{0x03F, 0x00004386},
	{0xA0000000, 0x00000000},
	{0x03F, 0x00004396},
	{0xB0000000, 0x00000000},
	{0x0EF, 0x00000000},
	{0x067, 0x00008072},
	{0x0EF, 0x00000010},
	{0x033, 0x00000001},
	{0x03F, 0x00000ED5},
	{0x033, 0x00000002},
	{0x03F, 0x00000FC7},
	{0x033, 0x00000003},
	{0x03F, 0x00000783},
	{0x033, 0x00000004},
	{0x03F, 0x00000973},
	{0x033, 0x00000005},
	{0x03F, 0x00000762},
	{0x033, 0x00000006},
	{0x03F, 0x00000762},
	{0x0EF, 0x00000000},
	{0x0EF, 0x00000080},
	{0x033, 0x00000000},
	{0x03E, 0x0000000B},
	{0x80010000, 0x00000000}, {0x40000000, 0x00000000},
	{0x03F, 0x00026858},
	{0x90020000, 0x00000000}, {0x40000000, 0x00000000},
	{0x03F, 0x00026858},
	{0x90010001, 0x00000000}, {0x40000000, 0x00000000},
	{0x03F, 0x00022A58},
	{0x90020001, 0x00000000}, {0x40000000, 0x00000000},
	{0x03F, 0x00022A58},
	{0x90030001, 0x00000000}, {0x40000000, 0x00000000},
	{0x03F, 0x00022A58},
	{0x90040001, 0x00000000}, {0x40000000, 0x00000000},
	{0x03F, 0x00022A58},
	{0x90050001, 0x00000000}, {0x40000000, 0x00000000},
	{0x03F, 0x00022A58},
	{0x90060001, 0x00000000}, {0x40000000, 0x00000000},
	{0x03F, 0x00022A58},
	{0x90070001, 0x00000000}, {0x40000000, 0x00000000},
	{0x03F, 0x00022A58},
	{0x90080001, 0x00000000}, {0x40000000, 0x00000000},
	{0x03F, 0x00022A58},
	{0x90290001, 0x00000000}, {0x40000000, 0x00000000},
	{0x03F, 0x00022A58},
	{0x902b0001, 0x00000000}, {0x40000000, 0x00000000},
	{0x03F, 0x00022A58},
	{0xA0000000, 0x00000000},
	{0x03F, 0x00026858},
	{0xB0000000, 0x00000000},
	{0x033, 0x00000001},
	{0x03E, 0x0000000B},
	{0x80010000, 0x00000000}, {0x40000000, 0x00000000},
	{0x03F, 0x00026858},
	{0x90020000, 0x00000000}, {0x40000000, 0x00000000},
	{0x03F, 0x00026858},
	{0x90010001, 0x00000000}, {0x40000000, 0x00000000},
	{0x03F, 0x00022A58},
	{0x90020001, 0x00000000}, {0x40000000, 0x00000000},
	{0x03F, 0x00022A58},
	{0x90030001, 0x00000000}, {0x40000000, 0x00000000},
	{0x03F, 0x00022A58},
	{0x90040001, 0x00000000}, {0x40000000, 0x00000000},
	{0x03F, 0x00022A58},
	{0x90050001, 0x00000000}, {0x40000000, 0x00000000},
	{0x03F, 0x00022A58},
	{0x90060001, 0x00000000}, {0x40000000, 0x00000000},
	{0x03F, 0x00022A58},
	{0x90070001, 0x00000000}, {0x40000000, 0x00000000},
	{0x03F, 0x00022A58},
	{0x90080001, 0x00000000}, {0x40000000, 0x00000000},
	{0x03F, 0x00022A58},
	{0x90290001, 0x00000000}, {0x40000000, 0x00000000},
	{0x03F, 0x00022A58},
	{0x902b0001, 0x00000000}, {0x40000000, 0x00000000},
	{0x03F, 0x00022A58},
	{0xA0000000, 0x00000000},
	{0x03F, 0x00026858},
	{0xB0000000, 0x00000000},
	{0x033, 0x00000002},
	{0x03E, 0x0000000C},
	{0x80010000, 0x00000000}, {0x40000000, 0x00000000},
	{0x03F, 0x0002C758},
	{0x90020000, 0x00000000}, {0x40000000, 0x00000000},
	{0x03F, 0x0002C758},
	{0x90010001, 0x00000000}, {0x40000000, 0x00000000},
	{0x03F, 0x00023958},
	{0x90020001, 0x00000000}, {0x40000000, 0x00000000},
	{0x03F, 0x00023958},
	{0x90030001, 0x00000000}, {0x40000000, 0x00000000},
	{0x03F, 0x00023958},
	{0x90040001, 0x00000000}, {0x40000000, 0x00000000},
	{0x03F, 0x00023958},
	{0x90050001, 0x00000000}, {0x40000000, 0x00000000},
	{0x03F, 0x00023958},
	{0x90060001, 0x00000000}, {0x40000000, 0x00000000},
	{0x03F, 0x00023958},
	{0x90070001, 0x00000000}, {0x40000000, 0x00000000},
	{0x03F, 0x00023958},
	{0x90080001, 0x00000000}, {0x40000000, 0x00000000},
	{0x03F, 0x00023958},
	{0x90290001, 0x00000000}, {0x40000000, 0x00000000},
	{0x03F, 0x00023958},
	{0x902b0001, 0x00000000}, {0x40000000, 0x00000000},
	{0x03F, 0x00023958},
	{0xA0000000, 0x00000000},
	{0x03F, 0x0002C758},
	{0xB0000000, 0x00000000},
	{0x033, 0x00000003},
	{0x03E, 0x0000000C},
	{0x80010000, 0x00000000}, {0x40000000, 0x00000000},
	{0x03F, 0x0002C758},
	{0x90020000, 0x00000000}, {0x40000000, 0x00000000},
	{0x03F, 0x0002C758},
	{0x90010001, 0x00000000}, {0x40000000, 0x00000000},
	{0x03F, 0x00023958},
	{0x90020001, 0x00000000}, {0x40000000, 0x00000000},
	{0x03F, 0x00023958},
	{0x90030001, 0x00000000}, {0x40000000, 0x00000000},
	{0x03F, 0x00023958},
	{0x90040001, 0x00000000}, {0x40000000, 0x00000000},
	{0x03F, 0x00023958},
	{0x90050001, 0x00000000}, {0x40000000, 0x00000000},
	{0x03F, 0x00023958},
	{0x90060001, 0x00000000}, {0x40000000, 0x00000000},
	{0x03F, 0x00023958},
	{0x90070001, 0x00000000}, {0x40000000, 0x00000000},
	{0x03F, 0x00023958},
	{0x90080001, 0x00000000}, {0x40000000, 0x00000000},
	{0x03F, 0x00023958},
	{0x90290001, 0x00000000}, {0x40000000, 0x00000000},
	{0x03F, 0x00023958},
	{0x902b0001, 0x00000000}, {0x40000000, 0x00000000},
	{0x03F, 0x00023958},
	{0xA0000000, 0x00000000},
	{0x03F, 0x0002C758},
	{0xB0000000, 0x00000000},
	{0x033, 0x00000004},
	{0x03E, 0x0000000B},
	{0x80010000, 0x00000000}, {0x40000000, 0x00000000},
	{0x03F, 0x00026858},
	{0x90020000, 0x00000000}, {0x40000000, 0x00000000},
	{0x03F, 0x00026858},
	{0x90010001, 0x00000000}, {0x40000000, 0x00000000},
	{0x03F, 0x00022A58},
	{0x90020001, 0x00000000}, {0x40000000, 0x00000000},
	{0x03F, 0x00022A58},
	{0x90030001, 0x00000000}, {0x40000000, 0x00000000},
	{0x03F, 0x00022A58},
	{0x90040001, 0x00000000}, {0x40000000, 0x00000000},
	{0x03F, 0x00022A58},
	{0x90050001, 0x00000000}, {0x40000000, 0x00000000},
	{0x03F, 0x00022A58},
	{0x90060001, 0x00000000}, {0x40000000, 0x00000000},
	{0x03F, 0x00022A58},
	{0x90070001, 0x00000000}, {0x40000000, 0x00000000},
	{0x03F, 0x00022A58},
	{0x90080001, 0x00000000}, {0x40000000, 0x00000000},
	{0x03F, 0x00022A58},
	{0x90290001, 0x00000000}, {0x40000000, 0x00000000},
	{0x03F, 0x00022A58},
	{0x902b0001, 0x00000000}, {0x40000000, 0x00000000},
	{0x03F, 0x00022A58},
	{0xA0000000, 0x00000000},
	{0x03F, 0x00026858},
	{0xB0000000, 0x00000000},
	{0x033, 0x00000005},
	{0x03E, 0x0000000B},
	{0x80010000, 0x00000000}, {0x40000000, 0x00000000},
	{0x03F, 0x00026858},
	{0x90020000, 0x00000000}, {0x40000000, 0x00000000},
	{0x03F, 0x00026858},
	{0x90010001, 0x00000000}, {0x40000000, 0x00000000},
	{0x03F, 0x00022A58},
	{0x90020001, 0x00000000}, {0x40000000, 0x00000000},
	{0x03F, 0x00022A58},
	{0x90030001, 0x00000000}, {0x40000000, 0x00000000},
	{0x03F, 0x00022A58},
	{0x90040001, 0x00000000}, {0x40000000, 0x00000000},
	{0x03F, 0x00022A58},
	{0x90050001, 0x00000000}, {0x40000000, 0x00000000},
	{0x03F, 0x00022A58},
	{0x90060001, 0x00000000}, {0x40000000, 0x00000000},
	{0x03F, 0x00022A58},
	{0x90070001, 0x00000000}, {0x40000000, 0x00000000},
	{0x03F, 0x00022A58},
	{0x90080001, 0x00000000}, {0x40000000, 0x00000000},
	{0x03F, 0x00022A58},
	{0x90290001, 0x00000000}, {0x40000000, 0x00000000},
	{0x03F, 0x00022A58},
	{0x902b0001, 0x00000000}, {0x40000000, 0x00000000},
	{0x03F, 0x00022A58},
	{0xA0000000, 0x00000000},
	{0x03F, 0x00026858},
	{0xB0000000, 0x00000000},
	{0x033, 0x00000006},
	{0x03E, 0x0000000C},
	{0x80010000, 0x00000000}, {0x40000000, 0x00000000},
	{0x03F, 0x0002C758},
	{0x90020000, 0x00000000}, {0x40000000, 0x00000000},
	{0x03F, 0x0002C758},
	{0x90010001, 0x00000000}, {0x40000000, 0x00000000},
	{0x03F, 0x00023958},
	{0x90020001, 0x00000000}, {0x40000000, 0x00000000},
	{0x03F, 0x00023958},
	{0x90030001, 0x00000000}, {0x40000000, 0x00000000},
	{0x03F, 0x00023958},
	{0x90040001, 0x00000000}, {0x40000000, 0x00000000},
	{0x03F, 0x00023958},
	{0x90050001, 0x00000000}, {0x40000000, 0x00000000},
	{0x03F, 0x00023958},
	{0x90060001, 0x00000000}, {0x40000000, 0x00000000},
	{0x03F, 0x00023958},
	{0x90070001, 0x00000000}, {0x40000000, 0x00000000},
	{0x03F, 0x00023958},
	{0x90080001, 0x00000000}, {0x40000000, 0x00000000},
	{0x03F, 0x00023958},
	{0x90290001, 0x00000000}, {0x40000000, 0x00000000},
	{0x03F, 0x00023958},
	{0x902b0001, 0x00000000}, {0x40000000, 0x00000000},
	{0x03F, 0x00023958},
	{0xA0000000, 0x00000000},
	{0x03F, 0x0002C758},
	{0xB0000000, 0x00000000},
	{0x033, 0x00000007},
	{0x03E, 0x0000000C},
	{0x80010000, 0x00000000}, {0x40000000, 0x00000000},
	{0x03F, 0x0002C758},
	{0x90020000, 0x00000000}, {0x40000000, 0x00000000},
	{0x03F, 0x0002C758},
	{0x90010001, 0x00000000}, {0x40000000, 0x00000000},
	{0x03F, 0x00023958},
	{0x90020001, 0x00000000}, {0x40000000, 0x00000000},
	{0x03F, 0x00023958},
	{0x90030001, 0x00000000}, {0x40000000, 0x00000000},
	{0x03F, 0x00023958},
	{0x90040001, 0x00000000}, {0x40000000, 0x00000000},
	{0x03F, 0x00023958},
	{0x90050001, 0x00000000}, {0x40000000, 0x00000000},
	{0x03F, 0x00023958},
	{0x90060001, 0x00000000}, {0x40000000, 0x00000000},
	{0x03F, 0x00023958},
	{0x90070001, 0x00000000}, {0x40000000, 0x00000000},
	{0x03F, 0x00023958},
	{0x90080001, 0x00000000}, {0x40000000, 0x00000000},
	{0x03F, 0x00023958},
	{0x90290001, 0x00000000}, {0x40000000, 0x00000000},
	{0x03F, 0x00023958},
	{0x902b0001, 0x00000000}, {0x40000000, 0x00000000},
	{0x03F, 0x00023958},
	{0xA0000000, 0x00000000},
	{0x03F, 0x0002C758},
	{0xB0000000, 0x00000000},
	{0x033, 0x00000008},
	{0x03E, 0x0000000B},
	{0x80010000, 0x00000000}, {0x40000000, 0x00000000},
	{0x03F, 0x00026858},
	{0x90020000, 0x00000000}, {0x40000000, 0x00000000},
	{0x03F, 0x00026858},
	{0x90010001, 0x00000000}, {0x40000000, 0x00000000},
	{0x03F, 0x00022A58},
	{0x90020001, 0x00000000}, {0x40000000, 0x00000000},
	{0x03F, 0x00022A58},
	{0x90030001, 0x00000000}, {0x40000000, 0x00000000},
	{0x03F, 0x00022A58},
	{0x90040001, 0x00000000}, {0x40000000, 0x00000000},
	{0x03F, 0x00022A58},
	{0x90050001, 0x00000000}, {0x40000000, 0x00000000},
	{0x03F, 0x00022A58},
	{0x90060001, 0x00000000}, {0x40000000, 0x00000000},
	{0x03F, 0x00022A58},
	{0x90070001, 0x00000000}, {0x40000000, 0x00000000},
	{0x03F, 0x00022A58},
	{0x90080001, 0x00000000}, {0x40000000, 0x00000000},
	{0x03F, 0x00022A58},
	{0x90290001, 0x00000000}, {0x40000000, 0x00000000},
	{0x03F, 0x00022A58},
	{0x902b0001, 0x00000000}, {0x40000000, 0x00000000},
	{0x03F, 0x00022A58},
	{0xA0000000, 0x00000000},
	{0x03F, 0x00026858},
	{0xB0000000, 0x00000000},
	{0x033, 0x00000009},
	{0x03E, 0x0000000B},
	{0x80010000, 0x00000000}, {0x40000000, 0x00000000},
	{0x03F, 0x00026858},
	{0x90020000, 0x00000000}, {0x40000000, 0x00000000},
	{0x03F, 0x00026858},
	{0x90010001, 0x00000000}, {0x40000000, 0x00000000},
	{0x03F, 0x00022A58},
	{0x90020001, 0x00000000}, {0x40000000, 0x00000000},
	{0x03F, 0x00022A58},
	{0x90030001, 0x00000000}, {0x40000000, 0x00000000},
	{0x03F, 0x00022A58},
	{0x90040001, 0x00000000}, {0x40000000, 0x00000000},
	{0x03F, 0x00022A58},
	{0x90050001, 0x00000000}, {0x40000000, 0x00000000},
	{0x03F, 0x00022A58},
	{0x90060001, 0x00000000}, {0x40000000, 0x00000000},
	{0x03F, 0x00022A58},
	{0x90070001, 0x00000000}, {0x40000000, 0x00000000},
	{0x03F, 0x00022A58},
	{0x90080001, 0x00000000}, {0x40000000, 0x00000000},
	{0x03F, 0x00022A58},
	{0x90290001, 0x00000000}, {0x40000000, 0x00000000},
	{0x03F, 0x00022A58},
	{0x902b0001, 0x00000000}, {0x40000000, 0x00000000},
	{0x03F, 0x00022A58},
	{0xA0000000, 0x00000000},
	{0x03F, 0x00026858},
	{0xB0000000, 0x00000000},
	{0x033, 0x0000000A},
	{0x03E, 0x0000000C},
	{0x80010000, 0x00000000}, {0x40000000, 0x00000000},
	{0x03F, 0x0002C758},
	{0x90020000, 0x00000000}, {0x40000000, 0x00000000},
	{0x03F, 0x0002C758},
	{0x90010001, 0x00000000}, {0x40000000, 0x00000000},
	{0x03F, 0x00023958},
	{0x90020001, 0x00000000}, {0x40000000, 0x00000000},
	{0x03F, 0x00023958},
	{0x90030001, 0x00000000}, {0x40000000, 0x00000000},
	{0x03F, 0x00023958},
	{0x90040001, 0x00000000}, {0x40000000, 0x00000000},
	{0x03F, 0x00023958},
	{0x90050001, 0x00000000}, {0x40000000, 0x00000000},
	{0x03F, 0x00023958},
	{0x90060001, 0x00000000}, {0x40000000, 0x00000000},
	{0x03F, 0x00023958},
	{0x90070001, 0x00000000}, {0x40000000, 0x00000000},
	{0x03F, 0x00023958},
	{0x90080001, 0x00000000}, {0x40000000, 0x00000000},
	{0x03F, 0x00023958},
	{0x90290001, 0x00000000}, {0x40000000, 0x00000000},
	{0x03F, 0x00023958},
	{0x902b0001, 0x00000000}, {0x40000000, 0x00000000},
	{0x03F, 0x00023958},
	{0xA0000000, 0x00000000},
	{0x03F, 0x0002C758},
	{0xB0000000, 0x00000000},
	{0x033, 0x0000000B},
	{0x03E, 0x0000000C},
	{0x80010000, 0x00000000}, {0x40000000, 0x00000000},
	{0x03F, 0x0002C758},
	{0x90020000, 0x00000000}, {0x40000000, 0x00000000},
	{0x03F, 0x0002C758},
	{0x90010001, 0x00000000}, {0x40000000, 0x00000000},
	{0x03F, 0x00023958},
	{0x90020001, 0x00000000}, {0x40000000, 0x00000000},
	{0x03F, 0x00023958},
	{0x90030001, 0x00000000}, {0x40000000, 0x00000000},
	{0x03F, 0x00023958},
	{0x90040001, 0x00000000}, {0x40000000, 0x00000000},
	{0x03F, 0x00023958},
	{0x90050001, 0x00000000}, {0x40000000, 0x00000000},
	{0x03F, 0x00023958},
	{0x90060001, 0x00000000}, {0x40000000, 0x00000000},
	{0x03F, 0x00023958},
	{0x90070001, 0x00000000}, {0x40000000, 0x00000000},
	{0x03F, 0x00023958},
	{0x90080001, 0x00000000}, {0x40000000, 0x00000000},
	{0x03F, 0x00023958},
	{0x90290001, 0x00000000}, {0x40000000, 0x00000000},
	{0x03F, 0x00023958},
	{0x902b0001, 0x00000000}, {0x40000000, 0x00000000},
	{0x03F, 0x00023958},
	{0xA0000000, 0x00000000},
	{0x03F, 0x0002C758},
	{0xB0000000, 0x00000000},
	{0x033, 0x0000000C},
	{0x03E, 0x0000000B},
	{0x80010000, 0x00000000}, {0x40000000, 0x00000000},
	{0x03F, 0x00026858},
	{0x90020000, 0x00000000}, {0x40000000, 0x00000000},
	{0x03F, 0x00026858},
	{0x90010001, 0x00000000}, {0x40000000, 0x00000000},
	{0x03F, 0x00022A58},
	{0x90020001, 0x00000000}, {0x40000000, 0x00000000},
	{0x03F, 0x00022A58},
	{0x90030001, 0x00000000}, {0x40000000, 0x00000000},
	{0x03F, 0x00022A58},
	{0x90040001, 0x00000000}, {0x40000000, 0x00000000},
	{0x03F, 0x00022A58},
	{0x90050001, 0x00000000}, {0x40000000, 0x00000000},
	{0x03F, 0x00022A58},
	{0x90060001, 0x00000000}, {0x40000000, 0x00000000},
	{0x03F, 0x00022A58},
	{0x90070001, 0x00000000}, {0x40000000, 0x00000000},
	{0x03F, 0x00022A58},
	{0x90080001, 0x00000000}, {0x40000000, 0x00000000},
	{0x03F, 0x00022A58},
	{0x90290001, 0x00000000}, {0x40000000, 0x00000000},
	{0x03F, 0x00022A58},
	{0x902b0001, 0x00000000}, {0x40000000, 0x00000000},
	{0x03F, 0x00022A58},
	{0xA0000000, 0x00000000},
	{0x03F, 0x00026858},
	{0xB0000000, 0x00000000},
	{0x033, 0x0000000D},
	{0x03E, 0x0000000B},
	{0x80010000, 0x00000000}, {0x40000000, 0x00000000},
	{0x03F, 0x00026858},
	{0x90020000, 0x00000000}, {0x40000000, 0x00000000},
	{0x03F, 0x00026858},
	{0x90010001, 0x00000000}, {0x40000000, 0x00000000},
	{0x03F, 0x00022A58},
	{0x90020001, 0x00000000}, {0x40000000, 0x00000000},
	{0x03F, 0x00022A58},
	{0x90030001, 0x00000000}, {0x40000000, 0x00000000},
	{0x03F, 0x00022A58},
	{0x90040001, 0x00000000}, {0x40000000, 0x00000000},
	{0x03F, 0x00022A58},
	{0x90050001, 0x00000000}, {0x40000000, 0x00000000},
	{0x03F, 0x00022A58},
	{0x90060001, 0x00000000}, {0x40000000, 0x00000000},
	{0x03F, 0x00022A58},
	{0x90070001, 0x00000000}, {0x40000000, 0x00000000},
	{0x03F, 0x00022A58},
	{0x90080001, 0x00000000}, {0x40000000, 0x00000000},
	{0x03F, 0x00022A58},
	{0x90290001, 0x00000000}, {0x40000000, 0x00000000},
	{0x03F, 0x00022A58},
	{0x902b0001, 0x00000000}, {0x40000000, 0x00000000},
	{0x03F, 0x00022A58},
	{0xA0000000, 0x00000000},
	{0x03F, 0x00026858},
	{0xB0000000, 0x00000000},
	{0x033, 0x0000000E},
	{0x03E, 0x0000000C},
	{0x80010000, 0x00000000}, {0x40000000, 0x00000000},
	{0x03F, 0x0002C758},
	{0x90020000, 0x00000000}, {0x40000000, 0x00000000},
	{0x03F, 0x0002C758},
	{0x90010001, 0x00000000}, {0x40000000, 0x00000000},
	{0x03F, 0x00023958},
	{0x90020001, 0x00000000}, {0x40000000, 0x00000000},
	{0x03F, 0x00023958},
	{0x90030001, 0x00000000}, {0x40000000, 0x00000000},
	{0x03F, 0x00023958},
	{0x90040001, 0x00000000}, {0x40000000, 0x00000000},
	{0x03F, 0x00023958},
	{0x90050001, 0x00000000}, {0x40000000, 0x00000000},
	{0x03F, 0x00023958},
	{0x90060001, 0x00000000}, {0x40000000, 0x00000000},
	{0x03F, 0x00023958},
	{0x90070001, 0x00000000}, {0x40000000, 0x00000000},
	{0x03F, 0x00023958},
	{0x90080001, 0x00000000}, {0x40000000, 0x00000000},
	{0x03F, 0x00023958},
	{0x90290001, 0x00000000}, {0x40000000, 0x00000000},
	{0x03F, 0x00023958},
	{0x902b0001, 0x00000000}, {0x40000000, 0x00000000},
	{0x03F, 0x00023958},
	{0xA0000000, 0x00000000},
	{0x03F, 0x0002C758},
	{0xB0000000, 0x00000000},
	{0x033, 0x0000000F},
	{0x03E, 0x0000000C},
	{0x80010000, 0x00000000}, {0x40000000, 0x00000000},
	{0x03F, 0x0002C758},
	{0x90020000, 0x00000000}, {0x40000000, 0x00000000},
	{0x03F, 0x0002C758},
	{0x90010001, 0x00000000}, {0x40000000, 0x00000000},
	{0x03F, 0x00023958},
	{0x90020001, 0x00000000}, {0x40000000, 0x00000000},
	{0x03F, 0x00023958},
	{0x90030001, 0x00000000}, {0x40000000, 0x00000000},
	{0x03F, 0x00023958},
	{0x90040001, 0x00000000}, {0x40000000, 0x00000000},
	{0x03F, 0x00023958},
	{0x90050001, 0x00000000}, {0x40000000, 0x00000000},
	{0x03F, 0x00023958},
	{0x90060001, 0x00000000}, {0x40000000, 0x00000000},
	{0x03F, 0x00023958},
	{0x90070001, 0x00000000}, {0x40000000, 0x00000000},
	{0x03F, 0x00023958},
	{0x90080001, 0x00000000}, {0x40000000, 0x00000000},
	{0x03F, 0x00023958},
	{0x90290001, 0x00000000}, {0x40000000, 0x00000000},
	{0x03F, 0x00023958},
	{0x902b0001, 0x00000000}, {0x40000000, 0x00000000},
	{0x03F, 0x00023958},
	{0xA0000000, 0x00000000},
	{0x03F, 0x0002C758},
	{0xB0000000, 0x00000000},
	{0x033, 0x00000010},
	{0x03E, 0x0000000B},
	{0x80010000, 0x00000000}, {0x40000000, 0x00000000},
	{0x03F, 0x00026858},
	{0x90020000, 0x00000000}, {0x40000000, 0x00000000},
	{0x03F, 0x00026858},
	{0x90010001, 0x00000000}, {0x40000000, 0x00000000},
	{0x03F, 0x00022A58},
	{0x90020001, 0x00000000}, {0x40000000, 0x00000000},
	{0x03F, 0x00022A58},
	{0x90030001, 0x00000000}, {0x40000000, 0x00000000},
	{0x03F, 0x00022A58},
	{0x90040001, 0x00000000}, {0x40000000, 0x00000000},
	{0x03F, 0x00022A58},
	{0x90050001, 0x00000000}, {0x40000000, 0x00000000},
	{0x03F, 0x00022A58},
	{0x90060001, 0x00000000}, {0x40000000, 0x00000000},
	{0x03F, 0x00022A58},
	{0x90070001, 0x00000000}, {0x40000000, 0x00000000},
	{0x03F, 0x00022A58},
	{0x90080001, 0x00000000}, {0x40000000, 0x00000000},
	{0x03F, 0x00022A58},
	{0x90290001, 0x00000000}, {0x40000000, 0x00000000},
	{0x03F, 0x00022A58},
	{0x902b0001, 0x00000000}, {0x40000000, 0x00000000},
	{0x03F, 0x00022A58},
	{0xA0000000, 0x00000000},
	{0x03F, 0x00026858},
	{0xB0000000, 0x00000000},
	{0x033, 0x00000011},
	{0x03E, 0x0000000B},
	{0x80010000, 0x00000000}, {0x40000000, 0x00000000},
	{0x03F, 0x00026858},
	{0x90020000, 0x00000000}, {0x40000000, 0x00000000},
	{0x03F, 0x00026858},
	{0x90010001, 0x00000000}, {0x40000000, 0x00000000},
	{0x03F, 0x00022A58},
	{0x90020001, 0x00000000}, {0x40000000, 0x00000000},
	{0x03F, 0x00022A58},
	{0x90030001, 0x00000000}, {0x40000000, 0x00000000},
	{0x03F, 0x00022A58},
	{0x90040001, 0x00000000}, {0x40000000, 0x00000000},
	{0x03F, 0x00022A58},
	{0x90050001, 0x00000000}, {0x40000000, 0x00000000},
	{0x03F, 0x00022A58},
	{0x90060001, 0x00000000}, {0x40000000, 0x00000000},
	{0x03F, 0x00022A58},
	{0x90070001, 0x00000000}, {0x40000000, 0x00000000},
	{0x03F, 0x00022A58},
	{0x90080001, 0x00000000}, {0x40000000, 0x00000000},
	{0x03F, 0x00022A58},
	{0x90290001, 0x00000000}, {0x40000000, 0x00000000},
	{0x03F, 0x00022A58},
	{0x902b0001, 0x00000000}, {0x40000000, 0x00000000},
	{0x03F, 0x00022A58},
	{0xA0000000, 0x00000000},
	{0x03F, 0x00026858},
	{0xB0000000, 0x00000000},
	{0x033, 0x00000012},
	{0x03E, 0x0000000C},
	{0x80010000, 0x00000000}, {0x40000000, 0x00000000},
	{0x03F, 0x0002C758},
	{0x90020000, 0x00000000}, {0x40000000, 0x00000000},
	{0x03F, 0x0002C758},
	{0x90010001, 0x00000000}, {0x40000000, 0x00000000},
	{0x03F, 0x00023958},
	{0x90020001, 0x00000000}, {0x40000000, 0x00000000},
	{0x03F, 0x00023958},
	{0x90030001, 0x00000000}, {0x40000000, 0x00000000},
	{0x03F, 0x00023958},
	{0x90040001, 0x00000000}, {0x40000000, 0x00000000},
	{0x03F, 0x00023958},
	{0x90050001, 0x00000000}, {0x40000000, 0x00000000},
	{0x03F, 0x00023958},
	{0x90060001, 0x00000000}, {0x40000000, 0x00000000},
	{0x03F, 0x00023958},
	{0x90070001, 0x00000000}, {0x40000000, 0x00000000},
	{0x03F, 0x00023958},
	{0x90080001, 0x00000000}, {0x40000000, 0x00000000},
	{0x03F, 0x00023958},
	{0x90290001, 0x00000000}, {0x40000000, 0x00000000},
	{0x03F, 0x00023958},
	{0x902b0001, 0x00000000}, {0x40000000, 0x00000000},
	{0x03F, 0x00023958},
	{0xA0000000, 0x00000000},
	{0x03F, 0x0002C758},
	{0xB0000000, 0x00000000},
	{0x033, 0x00000013},
	{0x03E, 0x0000000C},
	{0x80010000, 0x00000000}, {0x40000000, 0x00000000},
	{0x03F, 0x0002C758},
	{0x90020000, 0x00000000}, {0x40000000, 0x00000000},
	{0x03F, 0x0002C758},
	{0x90010001, 0x00000000}, {0x40000000, 0x00000000},
	{0x03F, 0x00023958},
	{0x90020001, 0x00000000}, {0x40000000, 0x00000000},
	{0x03F, 0x00023958},
	{0x90030001, 0x00000000}, {0x40000000, 0x00000000},
	{0x03F, 0x00023958},
	{0x90040001, 0x00000000}, {0x40000000, 0x00000000},
	{0x03F, 0x00023958},
	{0x90050001, 0x00000000}, {0x40000000, 0x00000000},
	{0x03F, 0x00023958},
	{0x90060001, 0x00000000}, {0x40000000, 0x00000000},
	{0x03F, 0x00023958},
	{0x90070001, 0x00000000}, {0x40000000, 0x00000000},
	{0x03F, 0x00023958},
	{0x90080001, 0x00000000}, {0x40000000, 0x00000000},
	{0x03F, 0x00023958},
	{0x90290001, 0x00000000}, {0x40000000, 0x00000000},
	{0x03F, 0x00023958},
	{0x902b0001, 0x00000000}, {0x40000000, 0x00000000},
	{0x03F, 0x00023958},
	{0xA0000000, 0x00000000},
	{0x03F, 0x0002C758},
	{0xB0000000, 0x00000000},
	{0x033, 0x00000014},
	{0x03E, 0x0000000B},
	{0x80010000, 0x00000000}, {0x40000000, 0x00000000},
	{0x03F, 0x00026858},
	{0x90020000, 0x00000000}, {0x40000000, 0x00000000},
	{0x03F, 0x00026858},
	{0x90010001, 0x00000000}, {0x40000000, 0x00000000},
	{0x03F, 0x00022A58},
	{0x90020001, 0x00000000}, {0x40000000, 0x00000000},
	{0x03F, 0x00022A58},
	{0x90030001, 0x00000000}, {0x40000000, 0x00000000},
	{0x03F, 0x00022A58},
	{0x90040001, 0x00000000}, {0x40000000, 0x00000000},
	{0x03F, 0x00022A58},
	{0x90050001, 0x00000000}, {0x40000000, 0x00000000},
	{0x03F, 0x00022A58},
	{0x90060001, 0x00000000}, {0x40000000, 0x00000000},
	{0x03F, 0x00022A58},
	{0x90070001, 0x00000000}, {0x40000000, 0x00000000},
	{0x03F, 0x00022A58},
	{0x90080001, 0x00000000}, {0x40000000, 0x00000000},
	{0x03F, 0x00022A58},
	{0x90290001, 0x00000000}, {0x40000000, 0x00000000},
	{0x03F, 0x00022A58},
	{0x902b0001, 0x00000000}, {0x40000000, 0x00000000},
	{0x03F, 0x00022A58},
	{0xA0000000, 0x00000000},
	{0x03F, 0x00026858},
	{0xB0000000, 0x00000000},
	{0x033, 0x00000015},
	{0x03E, 0x0000000B},
	{0x80010000, 0x00000000}, {0x40000000, 0x00000000},
	{0x03F, 0x00026858},
	{0x90020000, 0x00000000}, {0x40000000, 0x00000000},
	{0x03F, 0x00026858},
	{0x90010001, 0x00000000}, {0x40000000, 0x00000000},
	{0x03F, 0x00022A58},
	{0x90020001, 0x00000000}, {0x40000000, 0x00000000},
	{0x03F, 0x00022A58},
	{0x90030001, 0x00000000}, {0x40000000, 0x00000000},
	{0x03F, 0x00022A58},
	{0x90040001, 0x00000000}, {0x40000000, 0x00000000},
	{0x03F, 0x00022A58},
	{0x90050001, 0x00000000}, {0x40000000, 0x00000000},
	{0x03F, 0x00022A58},
	{0x90060001, 0x00000000}, {0x40000000, 0x00000000},
	{0x03F, 0x00022A58},
	{0x90070001, 0x00000000}, {0x40000000, 0x00000000},
	{0x03F, 0x00022A58},
	{0x90080001, 0x00000000}, {0x40000000, 0x00000000},
	{0x03F, 0x00022A58},
	{0x90290001, 0x00000000}, {0x40000000, 0x00000000},
	{0x03F, 0x00022A58},
	{0x902b0001, 0x00000000}, {0x40000000, 0x00000000},
	{0x03F, 0x00022A58},
	{0xA0000000, 0x00000000},
	{0x03F, 0x00026858},
	{0xB0000000, 0x00000000},
	{0x033, 0x00000016},
	{0x03E, 0x0000000C},
	{0x80010000, 0x00000000}, {0x40000000, 0x00000000},
	{0x03F, 0x0002C758},
	{0x90020000, 0x00000000}, {0x40000000, 0x00000000},
	{0x03F, 0x0002C758},
	{0x90010001, 0x00000000}, {0x40000000, 0x00000000},
	{0x03F, 0x00022A58},
	{0x90020001, 0x00000000}, {0x40000000, 0x00000000},
	{0x03F, 0x00022A58},
	{0x90030001, 0x00000000}, {0x40000000, 0x00000000},
	{0x03F, 0x00022A58},
	{0x90040001, 0x00000000}, {0x40000000, 0x00000000},
	{0x03F, 0x00022A58},
	{0x90050001, 0x00000000}, {0x40000000, 0x00000000},
	{0x03F, 0x00022A58},
	{0x90060001, 0x00000000}, {0x40000000, 0x00000000},
	{0x03F, 0x00022A58},
	{0x90070001, 0x00000000}, {0x40000000, 0x00000000},
	{0x03F, 0x00022A58},
	{0x90080001, 0x00000000}, {0x40000000, 0x00000000},
	{0x03F, 0x00022A58},
	{0x90290001, 0x00000000}, {0x40000000, 0x00000000},
	{0x03F, 0x00022A58},
	{0x902b0001, 0x00000000}, {0x40000000, 0x00000000},
	{0x03F, 0x00022A58},
	{0xA0000000, 0x00000000},
	{0x03F, 0x0002C758},
	{0xB0000000, 0x00000000},
	{0x033, 0x00000017},
	{0x03E, 0x0000000C},
	{0x80010000, 0x00000000}, {0x40000000, 0x00000000},
	{0x03F, 0x0002C758},
	{0x90020000, 0x00000000}, {0x40000000, 0x00000000},
	{0x03F, 0x0002C758},
	{0x90010001, 0x00000000}, {0x40000000, 0x00000000},
	{0x03F, 0x00023A58},
	{0x90020001, 0x00000000}, {0x40000000, 0x00000000},
	{0x03F, 0x00023A58},
	{0x90030001, 0x00000000}, {0x40000000, 0x00000000},
	{0x03F, 0x00023A58},
	{0x90040001, 0x00000000}, {0x40000000, 0x00000000},
	{0x03F, 0x00023A58},
	{0x90050001, 0x00000000}, {0x40000000, 0x00000000},
	{0x03F, 0x00023A58},
	{0x90060001, 0x00000000}, {0x40000000, 0x00000000},
	{0x03F, 0x00023A58},
	{0x90070001, 0x00000000}, {0x40000000, 0x00000000},
	{0x03F, 0x00023A58},
	{0x90080001, 0x00000000}, {0x40000000, 0x00000000},
	{0x03F, 0x00023A58},
	{0x90290001, 0x00000000}, {0x40000000, 0x00000000},
	{0x03F, 0x00023A58},
	{0x902b0001, 0x00000000}, {0x40000000, 0x00000000},
	{0x03F, 0x00023A58},
	{0xA0000000, 0x00000000},
	{0x03F, 0x0002C758},
	{0xB0000000, 0x00000000},
	{0x033, 0x00000018},
	{0x03E, 0x0000000B},
	{0x80010000, 0x00000000}, {0x40000000, 0x00000000},
	{0x03F, 0x00026858},
	{0x90020000, 0x00000000}, {0x40000000, 0x00000000},
	{0x03F, 0x00026858},
	{0x90010001, 0x00000000}, {0x40000000, 0x00000000},
	{0x03F, 0x00022A58},
	{0x90020001, 0x00000000}, {0x40000000, 0x00000000},
	{0x03F, 0x00022A58},
	{0x90030001, 0x00000000}, {0x40000000, 0x00000000},
	{0x03F, 0x00022A58},
	{0x90040001, 0x00000000}, {0x40000000, 0x00000000},
	{0x03F, 0x00022A58},
	{0x90050001, 0x00000000}, {0x40000000, 0x00000000},
	{0x03F, 0x00022A58},
	{0x90060001, 0x00000000}, {0x40000000, 0x00000000},
	{0x03F, 0x00022A58},
	{0x90070001, 0x00000000}, {0x40000000, 0x00000000},
	{0x03F, 0x00022A58},
	{0x90080001, 0x00000000}, {0x40000000, 0x00000000},
	{0x03F, 0x00022A58},
	{0x90290001, 0x00000000}, {0x40000000, 0x00000000},
	{0x03F, 0x00022A58},
	{0x902b0001, 0x00000000}, {0x40000000, 0x00000000},
	{0x03F, 0x00022A58},
	{0xA0000000, 0x00000000},
	{0x03F, 0x00026858},
	{0xB0000000, 0x00000000},
	{0x033, 0x00000019},
	{0x03E, 0x0000000B},
	{0x80010000, 0x00000000}, {0x40000000, 0x00000000},
	{0x03F, 0x00026858},
	{0x90020000, 0x00000000}, {0x40000000, 0x00000000},
	{0x03F, 0x00026858},
	{0x90010001, 0x00000000}, {0x40000000, 0x00000000},
	{0x03F, 0x00022A58},
	{0x90020001, 0x00000000}, {0x40000000, 0x00000000},
	{0x03F, 0x00022A58},
	{0x90030001, 0x00000000}, {0x40000000, 0x00000000},
	{0x03F, 0x00022A58},
	{0x90040001, 0x00000000}, {0x40000000, 0x00000000},
	{0x03F, 0x00022A58},
	{0x90050001, 0x00000000}, {0x40000000, 0x00000000},
	{0x03F, 0x00022A58},
	{0x90060001, 0x00000000}, {0x40000000, 0x00000000},
	{0x03F, 0x00022A58},
	{0x90070001, 0x00000000}, {0x40000000, 0x00000000},
	{0x03F, 0x00022A58},
	{0x90080001, 0x00000000}, {0x40000000, 0x00000000},
	{0x03F, 0x00022A58},
	{0x90290001, 0x00000000}, {0x40000000, 0x00000000},
	{0x03F, 0x00022A58},
	{0x902b0001, 0x00000000}, {0x40000000, 0x00000000},
	{0x03F, 0x00022A58},
	{0xA0000000, 0x00000000},
	{0x03F, 0x00026858},
	{0xB0000000, 0x00000000},
	{0x033, 0x0000001A},
	{0x03E, 0x0000000B},
	{0x80010000, 0x00000000}, {0x40000000, 0x00000000},
	{0x03F, 0x0002C758},
	{0x90020000, 0x00000000}, {0x40000000, 0x00000000},
	{0x03F, 0x0002C758},
	{0x90010001, 0x00000000}, {0x40000000, 0x00000000},
	{0x03F, 0x00022A58},
	{0x90020001, 0x00000000}, {0x40000000, 0x00000000},
	{0x03F, 0x00022A58},
	{0x90030001, 0x00000000}, {0x40000000, 0x00000000},
	{0x03F, 0x00022A58},
	{0x90040001, 0x00000000}, {0x40000000, 0x00000000},
	{0x03F, 0x00022A58},
	{0x90050001, 0x00000000}, {0x40000000, 0x00000000},
	{0x03F, 0x00022A58},
	{0x90060001, 0x00000000}, {0x40000000, 0x00000000},
	{0x03F, 0x00022A58},
	{0x90070001, 0x00000000}, {0x40000000, 0x00000000},
	{0x03F, 0x00022A58},
	{0x90080001, 0x00000000}, {0x40000000, 0x00000000},
	{0x03F, 0x00022A58},
	{0x90290001, 0x00000000}, {0x40000000, 0x00000000},
	{0x03F, 0x00022A58},
	{0x902b0001, 0x00000000}, {0x40000000, 0x00000000},
	{0x03F, 0x00022A58},
	{0xA0000000, 0x00000000},
	{0x03F, 0x0002C758},
	{0xB0000000, 0x00000000},
	{0x033, 0x0000001B},
	{0x03E, 0x0000000B},
	{0x80010000, 0x00000000}, {0x40000000, 0x00000000},
	{0x03F, 0x0002C758},
	{0x90020000, 0x00000000}, {0x40000000, 0x00000000},
	{0x03F, 0x0002C758},
	{0x90010001, 0x00000000}, {0x40000000, 0x00000000},
	{0x03F, 0x00023A58},
	{0x90020001, 0x00000000}, {0x40000000, 0x00000000},
	{0x03F, 0x00023A58},
	{0x90030001, 0x00000000}, {0x40000000, 0x00000000},
	{0x03F, 0x00023A58},
	{0x90040001, 0x00000000}, {0x40000000, 0x00000000},
	{0x03F, 0x00023A58},
	{0x90050001, 0x00000000}, {0x40000000, 0x00000000},
	{0x03F, 0x00023A58},
	{0x90060001, 0x00000000}, {0x40000000, 0x00000000},
	{0x03F, 0x00023A58},
	{0x90070001, 0x00000000}, {0x40000000, 0x00000000},
	{0x03F, 0x00023A58},
	{0x90080001, 0x00000000}, {0x40000000, 0x00000000},
	{0x03F, 0x00023A58},
	{0x90290001, 0x00000000}, {0x40000000, 0x00000000},
	{0x03F, 0x00023A58},
	{0x902b0001, 0x00000000}, {0x40000000, 0x00000000},
	{0x03F, 0x00023A58},
	{0xA0000000, 0x00000000},
	{0x03F, 0x0002C758},
	{0xB0000000, 0x00000000},
	{0x033, 0x0000001C},
	{0x03E, 0x0000000B},
	{0x80010000, 0x00000000}, {0x40000000, 0x00000000},
	{0x03F, 0x00026858},
	{0x90020000, 0x00000000}, {0x40000000, 0x00000000},
	{0x03F, 0x00026858},
	{0x90010001, 0x00000000}, {0x40000000, 0x00000000},
	{0x03F, 0x00022A58},
	{0x90020001, 0x00000000}, {0x40000000, 0x00000000},
	{0x03F, 0x00022A58},
	{0x90030001, 0x00000000}, {0x40000000, 0x00000000},
	{0x03F, 0x00022A58},
	{0x90040001, 0x00000000}, {0x40000000, 0x00000000},
	{0x03F, 0x00022A58},
	{0x90050001, 0x00000000}, {0x40000000, 0x00000000},
	{0x03F, 0x00022A58},
	{0x90060001, 0x00000000}, {0x40000000, 0x00000000},
	{0x03F, 0x00022A58},
	{0x90070001, 0x00000000}, {0x40000000, 0x00000000},
	{0x03F, 0x00022A58},
	{0x90080001, 0x00000000}, {0x40000000, 0x00000000},
	{0x03F, 0x00022A58},
	{0x90290001, 0x00000000}, {0x40000000, 0x00000000},
	{0x03F, 0x00022A58},
	{0x902b0001, 0x00000000}, {0x40000000, 0x00000000},
	{0x03F, 0x00022A58},
	{0xA0000000, 0x00000000},
	{0x03F, 0x00026858},
	{0xB0000000, 0x00000000},
	{0x033, 0x0000001D},
	{0x03E, 0x0000000B},
	{0x80010000, 0x00000000}, {0x40000000, 0x00000000},
	{0x03F, 0x00026858},
	{0x90020000, 0x00000000}, {0x40000000, 0x00000000},
	{0x03F, 0x00026858},
	{0x90010001, 0x00000000}, {0x40000000, 0x00000000},
	{0x03F, 0x00022A58},
	{0x90020001, 0x00000000}, {0x40000000, 0x00000000},
	{0x03F, 0x00022A58},
	{0x90030001, 0x00000000}, {0x40000000, 0x00000000},
	{0x03F, 0x00022A58},
	{0x90040001, 0x00000000}, {0x40000000, 0x00000000},
	{0x03F, 0x00022A58},
	{0x90050001, 0x00000000}, {0x40000000, 0x00000000},
	{0x03F, 0x00022A58},
	{0x90060001, 0x00000000}, {0x40000000, 0x00000000},
	{0x03F, 0x00022A58},
	{0x90070001, 0x00000000}, {0x40000000, 0x00000000},
	{0x03F, 0x00022A58},
	{0x90080001, 0x00000000}, {0x40000000, 0x00000000},
	{0x03F, 0x00022A58},
	{0x90290001, 0x00000000}, {0x40000000, 0x00000000},
	{0x03F, 0x00022A58},
	{0x902b0001, 0x00000000}, {0x40000000, 0x00000000},
	{0x03F, 0x00022A58},
	{0xA0000000, 0x00000000},
	{0x03F, 0x00026858},
	{0xB0000000, 0x00000000},
	{0x033, 0x0000001E},
	{0x03E, 0x0000000C},
	{0x80010000, 0x00000000}, {0x40000000, 0x00000000},
	{0x03F, 0x0002C758},
	{0x90020000, 0x00000000}, {0x40000000, 0x00000000},
	{0x03F, 0x0002C758},
	{0x90010001, 0x00000000}, {0x40000000, 0x00000000},
	{0x03F, 0x00022A58},
	{0x90020001, 0x00000000}, {0x40000000, 0x00000000},
	{0x03F, 0x00022A58},
	{0x90030001, 0x00000000}, {0x40000000, 0x00000000},
	{0x03F, 0x00022A58},
	{0x90040001, 0x00000000}, {0x40000000, 0x00000000},
	{0x03F, 0x00022A58},
	{0x90050001, 0x00000000}, {0x40000000, 0x00000000},
	{0x03F, 0x00022A58},
	{0x90060001, 0x00000000}, {0x40000000, 0x00000000},
	{0x03F, 0x00022A58},
	{0x90070001, 0x00000000}, {0x40000000, 0x00000000},
	{0x03F, 0x00022A58},
	{0x90080001, 0x00000000}, {0x40000000, 0x00000000},
	{0x03F, 0x00022A58},
	{0x90290001, 0x00000000}, {0x40000000, 0x00000000},
	{0x03F, 0x00022A58},
	{0x902b0001, 0x00000000}, {0x40000000, 0x00000000},
	{0x03F, 0x00022A58},
	{0xA0000000, 0x00000000},
	{0x03F, 0x0002C758},
	{0xB0000000, 0x00000000},
	{0x033, 0x0000001F},
	{0x03E, 0x0000000C},
	{0x80010000, 0x00000000}, {0x40000000, 0x00000000},
	{0x03F, 0x0002C758},
	{0x90020000, 0x00000000}, {0x40000000, 0x00000000},
	{0x03F, 0x0002C758},
	{0x90010001, 0x00000000}, {0x40000000, 0x00000000},
	{0x03F, 0x00023A58},
	{0x90020001, 0x00000000}, {0x40000000, 0x00000000},
	{0x03F, 0x00023A58},
	{0x90030001, 0x00000000}, {0x40000000, 0x00000000},
	{0x03F, 0x00023A58},
	{0x90040001, 0x00000000}, {0x40000000, 0x00000000},
	{0x03F, 0x00023A58},
	{0x90050001, 0x00000000}, {0x40000000, 0x00000000},
	{0x03F, 0x00023A58},
	{0x90060001, 0x00000000}, {0x40000000, 0x00000000},
	{0x03F, 0x00023A58},
	{0x90070001, 0x00000000}, {0x40000000, 0x00000000},
	{0x03F, 0x00023A58},
	{0x90080001, 0x00000000}, {0x40000000, 0x00000000},
	{0x03F, 0x00023A58},
	{0x90290001, 0x00000000}, {0x40000000, 0x00000000},
	{0x03F, 0x00023A58},
	{0x902b0001, 0x00000000}, {0x40000000, 0x00000000},
	{0x03F, 0x00023A58},
	{0xA0000000, 0x00000000},
	{0x03F, 0x0002C758},
	{0xB0000000, 0x00000000},
	{0x033, 0x00000020},
	{0x03E, 0x0000000C},
	{0x80010000, 0x00000000}, {0x40000000, 0x00000000},
	{0x03F, 0x00026858},
	{0x90020000, 0x00000000}, {0x40000000, 0x00000000},
	{0x03F, 0x00026858},
	{0x90010001, 0x00000000}, {0x40000000, 0x00000000},
	{0x03F, 0x00022A58},
	{0x90020001, 0x00000000}, {0x40000000, 0x00000000},
	{0x03F, 0x00022A58},
	{0x90030001, 0x00000000}, {0x40000000, 0x00000000},
	{0x03F, 0x00022A58},
	{0x90040001, 0x00000000}, {0x40000000, 0x00000000},
	{0x03F, 0x00022A58},
	{0x90050001, 0x00000000}, {0x40000000, 0x00000000},
	{0x03F, 0x00022A58},
	{0x90060001, 0x00000000}, {0x40000000, 0x00000000},
	{0x03F, 0x00022A58},
	{0x90070001, 0x00000000}, {0x40000000, 0x00000000},
	{0x03F, 0x00022A58},
	{0x90080001, 0x00000000}, {0x40000000, 0x00000000},
	{0x03F, 0x00022A58},
	{0x90290001, 0x00000000}, {0x40000000, 0x00000000},
	{0x03F, 0x00022A58},
	{0x902b0001, 0x00000000}, {0x40000000, 0x00000000},
	{0x03F, 0x00022A58},
	{0xA0000000, 0x00000000},
	{0x03F, 0x00026858},
	{0xB0000000, 0x00000000},
	{0x033, 0x00000021},
	{0x03E, 0x0000000C},
	{0x80010000, 0x00000000}, {0x40000000, 0x00000000},
	{0x03F, 0x00026858},
	{0x90020000, 0x00000000}, {0x40000000, 0x00000000},
	{0x03F, 0x00026858},
	{0x90010001, 0x00000000}, {0x40000000, 0x00000000},
	{0x03F, 0x00022A58},
	{0x90020001, 0x00000000}, {0x40000000, 0x00000000},
	{0x03F, 0x00022A58},
	{0x90030001, 0x00000000}, {0x40000000, 0x00000000},
	{0x03F, 0x00022A58},
	{0x90040001, 0x00000000}, {0x40000000, 0x00000000},
	{0x03F, 0x00022A58},
	{0x90050001, 0x00000000}, {0x40000000, 0x00000000},
	{0x03F, 0x00022A58},
	{0x90060001, 0x00000000}, {0x40000000, 0x00000000},
	{0x03F, 0x00022A58},
	{0x90070001, 0x00000000}, {0x40000000, 0x00000000},
	{0x03F, 0x00022A58},
	{0x90080001, 0x00000000}, {0x40000000, 0x00000000},
	{0x03F, 0x00022A58},
	{0x90290001, 0x00000000}, {0x40000000, 0x00000000},
	{0x03F, 0x00022A58},
	{0x902b0001, 0x00000000}, {0x40000000, 0x00000000},
	{0x03F, 0x00022A58},
	{0xA0000000, 0x00000000},
	{0x03F, 0x00026858},
	{0xB0000000, 0x00000000},
	{0x033, 0x00000022},
	{0x03E, 0x0000000C},
	{0x80010000, 0x00000000}, {0x40000000, 0x00000000},
	{0x03F, 0x0002C758},
	{0x90020000, 0x00000000}, {0x40000000, 0x00000000},
	{0x03F, 0x0002C758},
	{0x90010001, 0x00000000}, {0x40000000, 0x00000000},
	{0x03F, 0x00022A58},
	{0x90020001, 0x00000000}, {0x40000000, 0x00000000},
	{0x03F, 0x00022A58},
	{0x90030001, 0x00000000}, {0x40000000, 0x00000000},
	{0x03F, 0x00022A58},
	{0x90040001, 0x00000000}, {0x40000000, 0x00000000},
	{0x03F, 0x00022A58},
	{0x90050001, 0x00000000}, {0x40000000, 0x00000000},
	{0x03F, 0x00022A58},
	{0x90060001, 0x00000000}, {0x40000000, 0x00000000},
	{0x03F, 0x00022A58},
	{0x90070001, 0x00000000}, {0x40000000, 0x00000000},
	{0x03F, 0x00022A58},
	{0x90080001, 0x00000000}, {0x40000000, 0x00000000},
	{0x03F, 0x00022A58},
	{0x90290001, 0x00000000}, {0x40000000, 0x00000000},
	{0x03F, 0x00022A58},
	{0x902b0001, 0x00000000}, {0x40000000, 0x00000000},
	{0x03F, 0x00022A58},
	{0xA0000000, 0x00000000},
	{0x03F, 0x0002C758},
	{0xB0000000, 0x00000000},
	{0x033, 0x00000023},
	{0x03E, 0x0000000C},
	{0x80010000, 0x00000000}, {0x40000000, 0x00000000},
	{0x03F, 0x0002C758},
	{0x90020000, 0x00000000}, {0x40000000, 0x00000000},
	{0x03F, 0x0002C758},
	{0x90010001, 0x00000000}, {0x40000000, 0x00000000},
	{0x03F, 0x00023A58},
	{0x90020001, 0x00000000}, {0x40000000, 0x00000000},
	{0x03F, 0x00023A58},
	{0x90030001, 0x00000000}, {0x40000000, 0x00000000},
	{0x03F, 0x00023A58},
	{0x90040001, 0x00000000}, {0x40000000, 0x00000000},
	{0x03F, 0x00023A58},
	{0x90050001, 0x00000000}, {0x40000000, 0x00000000},
	{0x03F, 0x00023A58},
	{0x90060001, 0x00000000}, {0x40000000, 0x00000000},
	{0x03F, 0x00023A58},
	{0x90070001, 0x00000000}, {0x40000000, 0x00000000},
	{0x03F, 0x00023A58},
	{0x90080001, 0x00000000}, {0x40000000, 0x00000000},
	{0x03F, 0x00023A58},
	{0x90290001, 0x00000000}, {0x40000000, 0x00000000},
	{0x03F, 0x00023A58},
	{0x902b0001, 0x00000000}, {0x40000000, 0x00000000},
	{0x03F, 0x00023A58},
	{0xA0000000, 0x00000000},
	{0x03F, 0x0002C758},
	{0xB0000000, 0x00000000},
	{0x033, 0x00000024},
	{0x03E, 0x0000000C},
	{0x80010000, 0x00000000}, {0x40000000, 0x00000000},
	{0x03F, 0x00026858},
	{0x90020000, 0x00000000}, {0x40000000, 0x00000000},
	{0x03F, 0x00026858},
	{0x90010001, 0x00000000}, {0x40000000, 0x00000000},
	{0x03F, 0x00022A58},
	{0x90020001, 0x00000000}, {0x40000000, 0x00000000},
	{0x03F, 0x00022A58},
	{0x90030001, 0x00000000}, {0x40000000, 0x00000000},
	{0x03F, 0x00022A58},
	{0x90040001, 0x00000000}, {0x40000000, 0x00000000},
	{0x03F, 0x00022A58},
	{0x90050001, 0x00000000}, {0x40000000, 0x00000000},
	{0x03F, 0x00022A58},
	{0x90060001, 0x00000000}, {0x40000000, 0x00000000},
	{0x03F, 0x00022A58},
	{0x90070001, 0x00000000}, {0x40000000, 0x00000000},
	{0x03F, 0x00022A58},
	{0x90080001, 0x00000000}, {0x40000000, 0x00000000},
	{0x03F, 0x00022A58},
	{0x90290001, 0x00000000}, {0x40000000, 0x00000000},
	{0x03F, 0x00022A58},
	{0x902b0001, 0x00000000}, {0x40000000, 0x00000000},
	{0x03F, 0x00022A58},
	{0xA0000000, 0x00000000},
	{0x03F, 0x00026858},
	{0xB0000000, 0x00000000},
	{0x033, 0x00000025},
	{0x03E, 0x0000000C},
	{0x80010000, 0x00000000}, {0x40000000, 0x00000000},
	{0x03F, 0x00026858},
	{0x90020000, 0x00000000}, {0x40000000, 0x00000000},
	{0x03F, 0x00026858},
	{0x90010001, 0x00000000}, {0x40000000, 0x00000000},
	{0x03F, 0x00022A58},
	{0x90020001, 0x00000000}, {0x40000000, 0x00000000},
	{0x03F, 0x00022A58},
	{0x90030001, 0x00000000}, {0x40000000, 0x00000000},
	{0x03F, 0x00022A58},
	{0x90040001, 0x00000000}, {0x40000000, 0x00000000},
	{0x03F, 0x00022A58},
	{0x90050001, 0x00000000}, {0x40000000, 0x00000000},
	{0x03F, 0x00022A58},
	{0x90060001, 0x00000000}, {0x40000000, 0x00000000},
	{0x03F, 0x00022A58},
	{0x90070001, 0x00000000}, {0x40000000, 0x00000000},
	{0x03F, 0x00022A58},
	{0x90080001, 0x00000000}, {0x40000000, 0x00000000},
	{0x03F, 0x00022A58},
	{0x90290001, 0x00000000}, {0x40000000, 0x00000000},
	{0x03F, 0x00022A58},
	{0x902b0001, 0x00000000}, {0x40000000, 0x00000000},
	{0x03F, 0x00022A58},
	{0xA0000000, 0x00000000},
	{0x03F, 0x00026858},
	{0xB0000000, 0x00000000},
	{0x033, 0x00000026},
	{0x03E, 0x0000000C},
	{0x80010000, 0x00000000}, {0x40000000, 0x00000000},
	{0x03F, 0x0002C758},
	{0x90020000, 0x00000000}, {0x40000000, 0x00000000},
	{0x03F, 0x0002C758},
	{0x90010001, 0x00000000}, {0x40000000, 0x00000000},
	{0x03F, 0x00022A58},
	{0x90020001, 0x00000000}, {0x40000000, 0x00000000},
	{0x03F, 0x00022A58},
	{0x90030001, 0x00000000}, {0x40000000, 0x00000000},
	{0x03F, 0x00022A58},
	{0x90040001, 0x00000000}, {0x40000000, 0x00000000},
	{0x03F, 0x00022A58},
	{0x90050001, 0x00000000}, {0x40000000, 0x00000000},
	{0x03F, 0x00022A58},
	{0x90060001, 0x00000000}, {0x40000000, 0x00000000},
	{0x03F, 0x00022A58},
	{0x90070001, 0x00000000}, {0x40000000, 0x00000000},
	{0x03F, 0x00022A58},
	{0x90080001, 0x00000000}, {0x40000000, 0x00000000},
	{0x03F, 0x00022A58},
	{0x90290001, 0x00000000}, {0x40000000, 0x00000000},
	{0x03F, 0x00022A58},
	{0x902b0001, 0x00000000}, {0x40000000, 0x00000000},
	{0x03F, 0x00022A58},
	{0xA0000000, 0x00000000},
	{0x03F, 0x0002C758},
	{0xB0000000, 0x00000000},
	{0x033, 0x00000027},
	{0x03E, 0x0000000C},
	{0x80010000, 0x00000000}, {0x40000000, 0x00000000},
	{0x03F, 0x0002C758},
	{0x90020000, 0x00000000}, {0x40000000, 0x00000000},
	{0x03F, 0x0002C758},
	{0x90010001, 0x00000000}, {0x40000000, 0x00000000},
	{0x03F, 0x00023A58},
	{0x90020001, 0x00000000}, {0x40000000, 0x00000000},
	{0x03F, 0x00023A58},
	{0x90030001, 0x00000000}, {0x40000000, 0x00000000},
	{0x03F, 0x00023A58},
	{0x90040001, 0x00000000}, {0x40000000, 0x00000000},
	{0x03F, 0x00023A58},
	{0x90050001, 0x00000000}, {0x40000000, 0x00000000},
	{0x03F, 0x00023A58},
	{0x90060001, 0x00000000}, {0x40000000, 0x00000000},
	{0x03F, 0x00023A58},
	{0x90070001, 0x00000000}, {0x40000000, 0x00000000},
	{0x03F, 0x00023A58},
	{0x90080001, 0x00000000}, {0x40000000, 0x00000000},
	{0x03F, 0x00023A58},
	{0x90290001, 0x00000000}, {0x40000000, 0x00000000},
	{0x03F, 0x00023A58},
	{0x902b0001, 0x00000000}, {0x40000000, 0x00000000},
	{0x03F, 0x00023A58},
	{0xA0000000, 0x00000000},
	{0x03F, 0x0002C758},
	{0xB0000000, 0x00000000},
	{0x033, 0x00000028},
	{0x03E, 0x0000000C},
	{0x80010000, 0x00000000}, {0x40000000, 0x00000000},
	{0x03F, 0x00026858},
	{0x90020000, 0x00000000}, {0x40000000, 0x00000000},
	{0x03F, 0x00026858},
	{0x90010001, 0x00000000}, {0x40000000, 0x00000000},
	{0x03F, 0x00022A58},
	{0x90020001, 0x00000000}, {0x40000000, 0x00000000},
	{0x03F, 0x00022A58},
	{0x90030001, 0x00000000}, {0x40000000, 0x00000000},
	{0x03F, 0x00022A58},
	{0x90040001, 0x00000000}, {0x40000000, 0x00000000},
	{0x03F, 0x00022A58},
	{0x90050001, 0x00000000}, {0x40000000, 0x00000000},
	{0x03F, 0x00022A58},
	{0x90060001, 0x00000000}, {0x40000000, 0x00000000},
	{0x03F, 0x00022A58},
	{0x90070001, 0x00000000}, {0x40000000, 0x00000000},
	{0x03F, 0x00022A58},
	{0x90080001, 0x00000000}, {0x40000000, 0x00000000},
	{0x03F, 0x00022A58},
	{0x90290001, 0x00000000}, {0x40000000, 0x00000000},
	{0x03F, 0x00022A58},
	{0x902b0001, 0x00000000}, {0x40000000, 0x00000000},
	{0x03F, 0x00022A58},
	{0xA0000000, 0x00000000},
	{0x03F, 0x00026858},
	{0xB0000000, 0x00000000},
	{0x033, 0x00000029},
	{0x03E, 0x0000000C},
	{0x80010000, 0x00000000}, {0x40000000, 0x00000000},
	{0x03F, 0x00026858},
	{0x90020000, 0x00000000}, {0x40000000, 0x00000000},
	{0x03F, 0x00026858},
	{0x90010001, 0x00000000}, {0x40000000, 0x00000000},
	{0x03F, 0x00022A58},
	{0x90020001, 0x00000000}, {0x40000000, 0x00000000},
	{0x03F, 0x00022A58},
	{0x90030001, 0x00000000}, {0x40000000, 0x00000000},
	{0x03F, 0x00022A58},
	{0x90040001, 0x00000000}, {0x40000000, 0x00000000},
	{0x03F, 0x00022A58},
	{0x90050001, 0x00000000}, {0x40000000, 0x00000000},
	{0x03F, 0x00022A58},
	{0x90060001, 0x00000000}, {0x40000000, 0x00000000},
	{0x03F, 0x00022A58},
	{0x90070001, 0x00000000}, {0x40000000, 0x00000000},
	{0x03F, 0x00022A58},
	{0x90080001, 0x00000000}, {0x40000000, 0x00000000},
	{0x03F, 0x00022A58},
	{0x90290001, 0x00000000}, {0x40000000, 0x00000000},
	{0x03F, 0x00022A58},
	{0x902b0001, 0x00000000}, {0x40000000, 0x00000000},
	{0x03F, 0x00022A58},
	{0xA0000000, 0x00000000},
	{0x03F, 0x00026858},
	{0xB0000000, 0x00000000},
	{0x033, 0x0000002A},
	{0x03E, 0x0000000C},
	{0x80010000, 0x00000000}, {0x40000000, 0x00000000},
	{0x03F, 0x0002C758},
	{0x90020000, 0x00000000}, {0x40000000, 0x00000000},
	{0x03F, 0x0002C758},
	{0x90010001, 0x00000000}, {0x40000000, 0x00000000},
	{0x03F, 0x00022A58},
	{0x90020001, 0x00000000}, {0x40000000, 0x00000000},
	{0x03F, 0x00022A58},
	{0x90030001, 0x00000000}, {0x40000000, 0x00000000},
	{0x03F, 0x00022A58},
	{0x90040001, 0x00000000}, {0x40000000, 0x00000000},
	{0x03F, 0x00022A58},
	{0x90050001, 0x00000000}, {0x40000000, 0x00000000},
	{0x03F, 0x00022A58},
	{0x90060001, 0x00000000}, {0x40000000, 0x00000000},
	{0x03F, 0x00022A58},
	{0x90070001, 0x00000000}, {0x40000000, 0x00000000},
	{0x03F, 0x00022A58},
	{0x90080001, 0x00000000}, {0x40000000, 0x00000000},
	{0x03F, 0x00022A58},
	{0x90290001, 0x00000000}, {0x40000000, 0x00000000},
	{0x03F, 0x00022A58},
	{0x902b0001, 0x00000000}, {0x40000000, 0x00000000},
	{0x03F, 0x00022A58},
	{0xA0000000, 0x00000000},
	{0x03F, 0x0002C758},
	{0xB0000000, 0x00000000},
	{0x033, 0x0000002B},
	{0x03E, 0x0000000C},
	{0x80010000, 0x00000000}, {0x40000000, 0x00000000},
	{0x03F, 0x0002C758},
	{0x90020000, 0x00000000}, {0x40000000, 0x00000000},
	{0x03F, 0x0002C758},
	{0x90010001, 0x00000000}, {0x40000000, 0x00000000},
	{0x03F, 0x00023A58},
	{0x90020001, 0x00000000}, {0x40000000, 0x00000000},
	{0x03F, 0x00023A58},
	{0x90030001, 0x00000000}, {0x40000000, 0x00000000},
	{0x03F, 0x00023A58},
	{0x90040001, 0x00000000}, {0x40000000, 0x00000000},
	{0x03F, 0x00023A58},
	{0x90050001, 0x00000000}, {0x40000000, 0x00000000},
	{0x03F, 0x00023A58},
	{0x90060001, 0x00000000}, {0x40000000, 0x00000000},
	{0x03F, 0x00023A58},
	{0x90070001, 0x00000000}, {0x40000000, 0x00000000},
	{0x03F, 0x00023A58},
	{0x90080001, 0x00000000}, {0x40000000, 0x00000000},
	{0x03F, 0x00023A58},
	{0x90290001, 0x00000000}, {0x40000000, 0x00000000},
	{0x03F, 0x00023A58},
	{0x902b0001, 0x00000000}, {0x40000000, 0x00000000},
	{0x03F, 0x00023A58},
	{0xA0000000, 0x00000000},
	{0x03F, 0x0002C758},
	{0xB0000000, 0x00000000},
	{0x033, 0x0000002C},
	{0x03E, 0x0000000C},
	{0x80010000, 0x00000000}, {0x40000000, 0x00000000},
	{0x03F, 0x00026858},
	{0x90020000, 0x00000000}, {0x40000000, 0x00000000},
	{0x03F, 0x00026858},
	{0x90010001, 0x00000000}, {0x40000000, 0x00000000},
	{0x03F, 0x00022A58},
	{0x90020001, 0x00000000}, {0x40000000, 0x00000000},
	{0x03F, 0x00022A58},
	{0x90030001, 0x00000000}, {0x40000000, 0x00000000},
	{0x03F, 0x00022A58},
	{0x90040001, 0x00000000}, {0x40000000, 0x00000000},
	{0x03F, 0x00022A58},
	{0x90050001, 0x00000000}, {0x40000000, 0x00000000},
	{0x03F, 0x00022A58},
	{0x90060001, 0x00000000}, {0x40000000, 0x00000000},
	{0x03F, 0x00022A58},
	{0x90070001, 0x00000000}, {0x40000000, 0x00000000},
	{0x03F, 0x00022A58},
	{0x90080001, 0x00000000}, {0x40000000, 0x00000000},
	{0x03F, 0x00022A58},
	{0x90290001, 0x00000000}, {0x40000000, 0x00000000},
	{0x03F, 0x00022A58},
	{0x902b0001, 0x00000000}, {0x40000000, 0x00000000},
	{0x03F, 0x00022A58},
	{0xA0000000, 0x00000000},
	{0x03F, 0x00026858},
	{0xB0000000, 0x00000000},
	{0x033, 0x0000002D},
	{0x03E, 0x0000000C},
	{0x80010000, 0x00000000}, {0x40000000, 0x00000000},
	{0x03F, 0x00026858},
	{0x90020000, 0x00000000}, {0x40000000, 0x00000000},
	{0x03F, 0x00026858},
	{0x90010001, 0x00000000}, {0x40000000, 0x00000000},
	{0x03F, 0x00022A58},
	{0x90020001, 0x00000000}, {0x40000000, 0x00000000},
	{0x03F, 0x00022A58},
	{0x90030001, 0x00000000}, {0x40000000, 0x00000000},
	{0x03F, 0x00022A58},
	{0x90040001, 0x00000000}, {0x40000000, 0x00000000},
	{0x03F, 0x00022A58},
	{0x90050001, 0x00000000}, {0x40000000, 0x00000000},
	{0x03F, 0x00022A58},
	{0x90060001, 0x00000000}, {0x40000000, 0x00000000},
	{0x03F, 0x00022A58},
	{0x90070001, 0x00000000}, {0x40000000, 0x00000000},
	{0x03F, 0x00022A58},
	{0x90080001, 0x00000000}, {0x40000000, 0x00000000},
	{0x03F, 0x00022A58},
	{0x90290001, 0x00000000}, {0x40000000, 0x00000000},
	{0x03F, 0x00022A58},
	{0x902b0001, 0x00000000}, {0x40000000, 0x00000000},
	{0x03F, 0x00022A58},
	{0xA0000000, 0x00000000},
	{0x03F, 0x00026858},
	{0xB0000000, 0x00000000},
	{0x033, 0x0000002E},
	{0x03E, 0x0000000C},
	{0x80010000, 0x00000000}, {0x40000000, 0x00000000},
	{0x03F, 0x0002C758},
	{0x90020000, 0x00000000}, {0x40000000, 0x00000000},
	{0x03F, 0x0002C758},
	{0x90010001, 0x00000000}, {0x40000000, 0x00000000},
	{0x03F, 0x00022A58},
	{0x90020001, 0x00000000}, {0x40000000, 0x00000000},
	{0x03F, 0x00022A58},
	{0x90030001, 0x00000000}, {0x40000000, 0x00000000},
	{0x03F, 0x00022A58},
	{0x90040001, 0x00000000}, {0x40000000, 0x00000000},
	{0x03F, 0x00022A58},
	{0x90050001, 0x00000000}, {0x40000000, 0x00000000},
	{0x03F, 0x00022A58},
	{0x90060001, 0x00000000}, {0x40000000, 0x00000000},
	{0x03F, 0x00022A58},
	{0x90070001, 0x00000000}, {0x40000000, 0x00000000},
	{0x03F, 0x00022A58},
	{0x90080001, 0x00000000}, {0x40000000, 0x00000000},
	{0x03F, 0x00022A58},
	{0x90290001, 0x00000000}, {0x40000000, 0x00000000},
	{0x03F, 0x00022A58},
	{0x902b0001, 0x00000000}, {0x40000000, 0x00000000},
	{0x03F, 0x00022A58},
	{0xA0000000, 0x00000000},
	{0x03F, 0x0002C758},
	{0xB0000000, 0x00000000},
	{0x033, 0x0000002F},
	{0x03E, 0x0000000C},
	{0x80010000, 0x00000000}, {0x40000000, 0x00000000},
	{0x03F, 0x0002C758},
	{0x90020000, 0x00000000}, {0x40000000, 0x00000000},
	{0x03F, 0x0002C758},
	{0x90010001, 0x00000000}, {0x40000000, 0x00000000},
	{0x03F, 0x00023A58},
	{0x90020001, 0x00000000}, {0x40000000, 0x00000000},
	{0x03F, 0x00023A58},
	{0x90030001, 0x00000000}, {0x40000000, 0x00000000},
	{0x03F, 0x00023A58},
	{0x90040001, 0x00000000}, {0x40000000, 0x00000000},
	{0x03F, 0x00023A58},
	{0x90050001, 0x00000000}, {0x40000000, 0x00000000},
	{0x03F, 0x00023A58},
	{0x90060001, 0x00000000}, {0x40000000, 0x00000000},
	{0x03F, 0x00023A58},
	{0x90070001, 0x00000000}, {0x40000000, 0x00000000},
	{0x03F, 0x00023A58},
	{0x90080001, 0x00000000}, {0x40000000, 0x00000000},
	{0x03F, 0x00023A58},
	{0x90290001, 0x00000000}, {0x40000000, 0x00000000},
	{0x03F, 0x00023A58},
	{0x902b0001, 0x00000000}, {0x40000000, 0x00000000},
	{0x03F, 0x00023A58},
	{0xA0000000, 0x00000000},
	{0x03F, 0x0002C758},
	{0xB0000000, 0x00000000},
	{0x033, 0x00000030},
	{0x03E, 0x0000000C},
	{0x80010000, 0x00000000}, {0x40000000, 0x00000000},
	{0x03F, 0x00026858},
	{0x90020000, 0x00000000}, {0x40000000, 0x00000000},
	{0x03F, 0x00026858},
	{0x90010001, 0x00000000}, {0x40000000, 0x00000000},
	{0x03F, 0x00022A58},
	{0x90020001, 0x00000000}, {0x40000000, 0x00000000},
	{0x03F, 0x00022A58},
	{0x90030001, 0x00000000}, {0x40000000, 0x00000000},
	{0x03F, 0x00022A58},
	{0x90040001, 0x00000000}, {0x40000000, 0x00000000},
	{0x03F, 0x00022A58},
	{0x90050001, 0x00000000}, {0x40000000, 0x00000000},
	{0x03F, 0x00022A58},
	{0x90060001, 0x00000000}, {0x40000000, 0x00000000},
	{0x03F, 0x00022A58},
	{0x90070001, 0x00000000}, {0x40000000, 0x00000000},
	{0x03F, 0x00022A58},
	{0x90080001, 0x00000000}, {0x40000000, 0x00000000},
	{0x03F, 0x00022A58},
	{0x90290001, 0x00000000}, {0x40000000, 0x00000000},
	{0x03F, 0x00022A58},
	{0x902b0001, 0x00000000}, {0x40000000, 0x00000000},
	{0x03F, 0x00022A58},
	{0xA0000000, 0x00000000},
	{0x03F, 0x00026858},
	{0xB0000000, 0x00000000},
	{0x033, 0x00000031},
	{0x03E, 0x0000000C},
	{0x80010000, 0x00000000}, {0x40000000, 0x00000000},
	{0x03F, 0x00026858},
	{0x90020000, 0x00000000}, {0x40000000, 0x00000000},
	{0x03F, 0x00026858},
	{0x90010001, 0x00000000}, {0x40000000, 0x00000000},
	{0x03F, 0x00022A58},
	{0x90020001, 0x00000000}, {0x40000000, 0x00000000},
	{0x03F, 0x00022A58},
	{0x90030001, 0x00000000}, {0x40000000, 0x00000000},
	{0x03F, 0x00022A58},
	{0x90040001, 0x00000000}, {0x40000000, 0x00000000},
	{0x03F, 0x00022A58},
	{0x90050001, 0x00000000}, {0x40000000, 0x00000000},
	{0x03F, 0x00022A58},
	{0x90060001, 0x00000000}, {0x40000000, 0x00000000},
	{0x03F, 0x00022A58},
	{0x90070001, 0x00000000}, {0x40000000, 0x00000000},
	{0x03F, 0x00022A58},
	{0x90080001, 0x00000000}, {0x40000000, 0x00000000},
	{0x03F, 0x00022A58},
	{0x90290001, 0x00000000}, {0x40000000, 0x00000000},
	{0x03F, 0x00022A58},
	{0x902b0001, 0x00000000}, {0x40000000, 0x00000000},
	{0x03F, 0x00022A58},
	{0xA0000000, 0x00000000},
	{0x03F, 0x00026858},
	{0xB0000000, 0x00000000},
	{0x033, 0x00000032},
	{0x03E, 0x0000000C},
	{0x80010000, 0x00000000}, {0x40000000, 0x00000000},
	{0x03F, 0x0002C758},
	{0x90020000, 0x00000000}, {0x40000000, 0x00000000},
	{0x03F, 0x0002C758},
	{0x90010001, 0x00000000}, {0x40000000, 0x00000000},
	{0x03F, 0x00022A58},
	{0x90020001, 0x00000000}, {0x40000000, 0x00000000},
	{0x03F, 0x00022A58},
	{0x90030001, 0x00000000}, {0x40000000, 0x00000000},
	{0x03F, 0x00022A58},
	{0x90040001, 0x00000000}, {0x40000000, 0x00000000},
	{0x03F, 0x00022A58},
	{0x90050001, 0x00000000}, {0x40000000, 0x00000000},
	{0x03F, 0x00022A58},
	{0x90060001, 0x00000000}, {0x40000000, 0x00000000},
	{0x03F, 0x00022A58},
	{0x90070001, 0x00000000}, {0x40000000, 0x00000000},
	{0x03F, 0x00022A58},
	{0x90080001, 0x00000000}, {0x40000000, 0x00000000},
	{0x03F, 0x00022A58},
	{0x90290001, 0x00000000}, {0x40000000, 0x00000000},
	{0x03F, 0x00022A58},
	{0x902b0001, 0x00000000}, {0x40000000, 0x00000000},
	{0x03F, 0x00022A58},
	{0xA0000000, 0x00000000},
	{0x03F, 0x0002C758},
	{0xB0000000, 0x00000000},
	{0x033, 0x00000033},
	{0x03E, 0x0000000C},
	{0x80010000, 0x00000000}, {0x40000000, 0x00000000},
	{0x03F, 0x0002C758},
	{0x90020000, 0x00000000}, {0x40000000, 0x00000000},
	{0x03F, 0x0002C758},
	{0x90010001, 0x00000000}, {0x40000000, 0x00000000},
	{0x03F, 0x00023A58},
	{0x90020001, 0x00000000}, {0x40000000, 0x00000000},
	{0x03F, 0x00023A58},
	{0x90030001, 0x00000000}, {0x40000000, 0x00000000},
	{0x03F, 0x00023A58},
	{0x90040001, 0x00000000}, {0x40000000, 0x00000000},
	{0x03F, 0x00023A58},
	{0x90050001, 0x00000000}, {0x40000000, 0x00000000},
	{0x03F, 0x00023A58},
	{0x90060001, 0x00000000}, {0x40000000, 0x00000000},
	{0x03F, 0x00023A58},
	{0x90070001, 0x00000000}, {0x40000000, 0x00000000},
	{0x03F, 0x00023A58},
	{0x90080001, 0x00000000}, {0x40000000, 0x00000000},
	{0x03F, 0x00023A58},
	{0x90290001, 0x00000000}, {0x40000000, 0x00000000},
	{0x03F, 0x00023A58},
	{0x902b0001, 0x00000000}, {0x40000000, 0x00000000},
	{0x03F, 0x00023A58},
	{0xA0000000, 0x00000000},
	{0x03F, 0x0002C758},
	{0xB0000000, 0x00000000},
	{0x033, 0x00000034},
	{0x03E, 0x0000000C},
	{0x80010000, 0x00000000}, {0x40000000, 0x00000000},
	{0x03F, 0x00026858},
	{0x90020000, 0x00000000}, {0x40000000, 0x00000000},
	{0x03F, 0x00026858},
	{0x90010001, 0x00000000}, {0x40000000, 0x00000000},
	{0x03F, 0x00022A58},
	{0x90020001, 0x00000000}, {0x40000000, 0x00000000},
	{0x03F, 0x00022A58},
	{0x90030001, 0x00000000}, {0x40000000, 0x00000000},
	{0x03F, 0x00022A58},
	{0x90040001, 0x00000000}, {0x40000000, 0x00000000},
	{0x03F, 0x00022A58},
	{0x90050001, 0x00000000}, {0x40000000, 0x00000000},
	{0x03F, 0x00022A58},
	{0x90060001, 0x00000000}, {0x40000000, 0x00000000},
	{0x03F, 0x00022A58},
	{0x90070001, 0x00000000}, {0x40000000, 0x00000000},
	{0x03F, 0x00022A58},
	{0x90080001, 0x00000000}, {0x40000000, 0x00000000},
	{0x03F, 0x00022A58},
	{0x90290001, 0x00000000}, {0x40000000, 0x00000000},
	{0x03F, 0x00022A58},
	{0x902b0001, 0x00000000}, {0x40000000, 0x00000000},
	{0x03F, 0x00022A58},
	{0xA0000000, 0x00000000},
	{0x03F, 0x00026858},
	{0xB0000000, 0x00000000},
	{0x033, 0x00000035},
	{0x03E, 0x0000000C},
	{0x80010000, 0x00000000}, {0x40000000, 0x00000000},
	{0x03F, 0x00026858},
	{0x90020000, 0x00000000}, {0x40000000, 0x00000000},
	{0x03F, 0x00026858},
	{0x90010001, 0x00000000}, {0x40000000, 0x00000000},
	{0x03F, 0x00022A58},
	{0x90020001, 0x00000000}, {0x40000000, 0x00000000},
	{0x03F, 0x00022A58},
	{0x90030001, 0x00000000}, {0x40000000, 0x00000000},
	{0x03F, 0x00022A58},
	{0x90040001, 0x00000000}, {0x40000000, 0x00000000},
	{0x03F, 0x00022A58},
	{0x90050001, 0x00000000}, {0x40000000, 0x00000000},
	{0x03F, 0x00022A58},
	{0x90060001, 0x00000000}, {0x40000000, 0x00000000},
	{0x03F, 0x00022A58},
	{0x90070001, 0x00000000}, {0x40000000, 0x00000000},
	{0x03F, 0x00022A58},
	{0x90080001, 0x00000000}, {0x40000000, 0x00000000},
	{0x03F, 0x00022A58},
	{0x90290001, 0x00000000}, {0x40000000, 0x00000000},
	{0x03F, 0x00022A58},
	{0x902b0001, 0x00000000}, {0x40000000, 0x00000000},
	{0x03F, 0x00022A58},
	{0xA0000000, 0x00000000},
	{0x03F, 0x00026858},
	{0xB0000000, 0x00000000},
	{0x033, 0x00000036},
	{0x03E, 0x0000000C},
	{0x80010000, 0x00000000}, {0x40000000, 0x00000000},
	{0x03F, 0x0002C758},
	{0x90020000, 0x00000000}, {0x40000000, 0x00000000},
	{0x03F, 0x0002C758},
	{0x90010001, 0x00000000}, {0x40000000, 0x00000000},
	{0x03F, 0x00022A58},
	{0x90020001, 0x00000000}, {0x40000000, 0x00000000},
	{0x03F, 0x00022A58},
	{0x90030001, 0x00000000}, {0x40000000, 0x00000000},
	{0x03F, 0x00022A58},
	{0x90040001, 0x00000000}, {0x40000000, 0x00000000},
	{0x03F, 0x00022A58},
	{0x90050001, 0x00000000}, {0x40000000, 0x00000000},
	{0x03F, 0x00022A58},
	{0x90060001, 0x00000000}, {0x40000000, 0x00000000},
	{0x03F, 0x00022A58},
	{0x90070001, 0x00000000}, {0x40000000, 0x00000000},
	{0x03F, 0x00022A58},
	{0x90080001, 0x00000000}, {0x40000000, 0x00000000},
	{0x03F, 0x00022A58},
	{0x90290001, 0x00000000}, {0x40000000, 0x00000000},
	{0x03F, 0x00022A58},
	{0x902b0001, 0x00000000}, {0x40000000, 0x00000000},
	{0x03F, 0x00022A58},
	{0xA0000000, 0x00000000},
	{0x03F, 0x0002C758},
	{0xB0000000, 0x00000000},
	{0x033, 0x00000037},
	{0x03E, 0x0000000C},
	{0x80010000, 0x00000000}, {0x40000000, 0x00000000},
	{0x03F, 0x0002C758},
	{0x90020000, 0x00000000}, {0x40000000, 0x00000000},
	{0x03F, 0x0002C758},
	{0x90010001, 0x00000000}, {0x40000000, 0x00000000},
	{0x03F, 0x00023A58},
	{0x90020001, 0x00000000}, {0x40000000, 0x00000000},
	{0x03F, 0x00023A58},
	{0x90030001, 0x00000000}, {0x40000000, 0x00000000},
	{0x03F, 0x00023A58},
	{0x90040001, 0x00000000}, {0x40000000, 0x00000000},
	{0x03F, 0x00023A58},
	{0x90050001, 0x00000000}, {0x40000000, 0x00000000},
	{0x03F, 0x00023A58},
	{0x90060001, 0x00000000}, {0x40000000, 0x00000000},
	{0x03F, 0x00023A58},
	{0x90070001, 0x00000000}, {0x40000000, 0x00000000},
	{0x03F, 0x00023A58},
	{0x90080001, 0x00000000}, {0x40000000, 0x00000000},
	{0x03F, 0x00023A58},
	{0x90290001, 0x00000000}, {0x40000000, 0x00000000},
	{0x03F, 0x00023A58},
	{0x902b0001, 0x00000000}, {0x40000000, 0x00000000},
	{0x03F, 0x00023A58},
	{0xA0000000, 0x00000000},
	{0x03F, 0x0002C758},
	{0xB0000000, 0x00000000},
	{0x033, 0x00000038},
	{0x03E, 0x0000000C},
	{0x80010000, 0x00000000}, {0x40000000, 0x00000000},
	{0x03F, 0x00026858},
	{0x90020000, 0x00000000}, {0x40000000, 0x00000000},
	{0x03F, 0x00026858},
	{0x90010001, 0x00000000}, {0x40000000, 0x00000000},
	{0x03F, 0x00022A58},
	{0x90020001, 0x00000000}, {0x40000000, 0x00000000},
	{0x03F, 0x00022A58},
	{0x90030001, 0x00000000}, {0x40000000, 0x00000000},
	{0x03F, 0x00022A58},
	{0x90040001, 0x00000000}, {0x40000000, 0x00000000},
	{0x03F, 0x00022A58},
	{0x90050001, 0x00000000}, {0x40000000, 0x00000000},
	{0x03F, 0x00022A58},
	{0x90060001, 0x00000000}, {0x40000000, 0x00000000},
	{0x03F, 0x00022A58},
	{0x90070001, 0x00000000}, {0x40000000, 0x00000000},
	{0x03F, 0x00022A58},
	{0x90080001, 0x00000000}, {0x40000000, 0x00000000},
	{0x03F, 0x00022A58},
	{0x90290001, 0x00000000}, {0x40000000, 0x00000000},
	{0x03F, 0x00022A58},
	{0x902b0001, 0x00000000}, {0x40000000, 0x00000000},
	{0x03F, 0x00022A58},
	{0xA0000000, 0x00000000},
	{0x03F, 0x00026858},
	{0xB0000000, 0x00000000},
	{0x033, 0x00000039},
	{0x03E, 0x0000000C},
	{0x80010000, 0x00000000}, {0x40000000, 0x00000000},
	{0x03F, 0x00026858},
	{0x90020000, 0x00000000}, {0x40000000, 0x00000000},
	{0x03F, 0x00026858},
	{0x90010001, 0x00000000}, {0x40000000, 0x00000000},
	{0x03F, 0x00022A58},
	{0x90020001, 0x00000000}, {0x40000000, 0x00000000},
	{0x03F, 0x00022A58},
	{0x90030001, 0x00000000}, {0x40000000, 0x00000000},
	{0x03F, 0x00022A58},
	{0x90040001, 0x00000000}, {0x40000000, 0x00000000},
	{0x03F, 0x00022A58},
	{0x90050001, 0x00000000}, {0x40000000, 0x00000000},
	{0x03F, 0x00022A58},
	{0x90060001, 0x00000000}, {0x40000000, 0x00000000},
	{0x03F, 0x00022A58},
	{0x90070001, 0x00000000}, {0x40000000, 0x00000000},
	{0x03F, 0x00022A58},
	{0x90080001, 0x00000000}, {0x40000000, 0x00000000},
	{0x03F, 0x00022A58},
	{0x90290001, 0x00000000}, {0x40000000, 0x00000000},
	{0x03F, 0x00022A58},
	{0x902b0001, 0x00000000}, {0x40000000, 0x00000000},
	{0x03F, 0x00022A58},
	{0xA0000000, 0x00000000},
	{0x03F, 0x00026858},
	{0xB0000000, 0x00000000},
	{0x033, 0x0000003A},
	{0x03E, 0x0000000C},
	{0x80010000, 0x00000000}, {0x40000000, 0x00000000},
	{0x03F, 0x0002C758},
	{0x90020000, 0x00000000}, {0x40000000, 0x00000000},
	{0x03F, 0x0002C758},
	{0x90010001, 0x00000000}, {0x40000000, 0x00000000},
	{0x03F, 0x00022A58},
	{0x90020001, 0x00000000}, {0x40000000, 0x00000000},
	{0x03F, 0x00022A58},
	{0x90030001, 0x00000000}, {0x40000000, 0x00000000},
	{0x03F, 0x00022A58},
	{0x90040001, 0x00000000}, {0x40000000, 0x00000000},
	{0x03F, 0x00022A58},
	{0x90050001, 0x00000000}, {0x40000000, 0x00000000},
	{0x03F, 0x00022A58},
	{0x90060001, 0x00000000}, {0x40000000, 0x00000000},
	{0x03F, 0x00022A58},
	{0x90070001, 0x00000000}, {0x40000000, 0x00000000},
	{0x03F, 0x00022A58},
	{0x90080001, 0x00000000}, {0x40000000, 0x00000000},
	{0x03F, 0x00022A58},
	{0x90290001, 0x00000000}, {0x40000000, 0x00000000},
	{0x03F, 0x00022A58},
	{0x902b0001, 0x00000000}, {0x40000000, 0x00000000},
	{0x03F, 0x00022A58},
	{0xA0000000, 0x00000000},
	{0x03F, 0x0002C758},
	{0xB0000000, 0x00000000},
	{0x033, 0x0000003B},
	{0x03E, 0x0000000C},
	{0x80010000, 0x00000000}, {0x40000000, 0x00000000},
	{0x03F, 0x0002C758},
	{0x90020000, 0x00000000}, {0x40000000, 0x00000000},
	{0x03F, 0x0002C758},
	{0x90010001, 0x00000000}, {0x40000000, 0x00000000},
	{0x03F, 0x00023A58},
	{0x90020001, 0x00000000}, {0x40000000, 0x00000000},
	{0x03F, 0x00023A58},
	{0x90030001, 0x00000000}, {0x40000000, 0x00000000},
	{0x03F, 0x00023A58},
	{0x90040001, 0x00000000}, {0x40000000, 0x00000000},
	{0x03F, 0x00023A58},
	{0x90050001, 0x00000000}, {0x40000000, 0x00000000},
	{0x03F, 0x00023A58},
	{0x90060001, 0x00000000}, {0x40000000, 0x00000000},
	{0x03F, 0x00023A58},
	{0x90070001, 0x00000000}, {0x40000000, 0x00000000},
	{0x03F, 0x00023A58},
	{0x90080001, 0x00000000}, {0x40000000, 0x00000000},
	{0x03F, 0x00023A58},
	{0x90290001, 0x00000000}, {0x40000000, 0x00000000},
	{0x03F, 0x00023A58},
	{0x902b0001, 0x00000000}, {0x40000000, 0x00000000},
	{0x03F, 0x00023A58},
	{0xA0000000, 0x00000000},
	{0x03F, 0x0002C758},
	{0xB0000000, 0x00000000},
	{0x0EF, 0x00000000},
	{0x0EE, 0x00000800},
	{0x033, 0x00000000},
	{0x03F, 0x00000001},
	{0x033, 0x00000001},
	{0x03F, 0x00000003},
	{0x033, 0x00000002},
	{0x03F, 0x00000005},
	{0x033, 0x00000003},
	{0x03F, 0x00000007},
	{0x033, 0x00000004},
	{0x03F, 0x00000001},
	{0x033, 0x00000005},
	{0x03F, 0x00000003},
	{0x033, 0x00000006},
	{0x03F, 0x00000006},
	{0x033, 0x00000007},
	{0x03F, 0x00000007},
	{0x0EE, 0x00000000},
	{0x0EE, 0x00001000},
	{0x033, 0x00000000},
	{0x03F, 0x00003000},
	{0x033, 0x00000001},
	{0x03F, 0x00003001},
	{0x033, 0x00000002},
	{0x03F, 0x00003003},
	{0x033, 0x00000003},
	{0x03F, 0x00003007},
	{0x033, 0x00000004},
	{0x03F, 0x0000300F},
	{0x033, 0x00000005},
	{0x03F, 0x0000310F},
	{0x033, 0x00000006},
	{0x03F, 0x0000330F},
	{0x033, 0x00000007},
	{0x03F, 0x0000330F},
	{0x033, 0x00000008},
	{0x03F, 0x00003000},
	{0x033, 0x00000009},
	{0x03F, 0x00003001},
	{0x033, 0x0000000A},
	{0x03F, 0x00003003},
	{0x033, 0x0000000B},
	{0x80010000, 0x00000000}, {0x40000000, 0x00000000},
	{0x03F, 0x00003007},
	{0x90020000, 0x00000000}, {0x40000000, 0x00000000},
	{0x03F, 0x00003007},
	{0x90010001, 0x00000000}, {0x40000000, 0x00000000},
	{0x03F, 0x00003007},
	{0x90020001, 0x00000000}, {0x40000000, 0x00000000},
	{0x03F, 0x00003007},
	{0x90030001, 0x00000000}, {0x40000000, 0x00000000},
	{0x03F, 0x00003007},
	{0x90040001, 0x00000000}, {0x40000000, 0x00000000},
	{0x03F, 0x00003007},
	{0x90050001, 0x00000000}, {0x40000000, 0x00000000},
	{0x03F, 0x00003007},
	{0x90060001, 0x00000000}, {0x40000000, 0x00000000},
	{0x03F, 0x00003007},
	{0x90070001, 0x00000000}, {0x40000000, 0x00000000},
	{0x03F, 0x00003007},
	{0x90080001, 0x00000000}, {0x40000000, 0x00000000},
	{0x03F, 0x00003007},
	{0x90290001, 0x00000000}, {0x40000000, 0x00000000},
	{0x03F, 0x00003007},
	{0x902b0001, 0x00000000}, {0x40000000, 0x00000000},
	{0x03F, 0x00003007},
	{0xA0000000, 0x00000000},
	{0x03F, 0x00003103},
	{0xB0000000, 0x00000000},
	{0x033, 0x0000000C},
	{0x80010000, 0x00000000}, {0x40000000, 0x00000000},
	{0x03F, 0x00003107},
	{0x90020000, 0x00000000}, {0x40000000, 0x00000000},
	{0x03F, 0x00003107},
	{0x90010001, 0x00000000}, {0x40000000, 0x00000000},
	{0x03F, 0x00003107},
	{0x90020001, 0x00000000}, {0x40000000, 0x00000000},
	{0x03F, 0x00003107},
	{0x90030001, 0x00000000}, {0x40000000, 0x00000000},
	{0x03F, 0x00003107},
	{0x90040001, 0x00000000}, {0x40000000, 0x00000000},
	{0x03F, 0x00003107},
	{0x90050001, 0x00000000}, {0x40000000, 0x00000000},
	{0x03F, 0x00003107},
	{0x90060001, 0x00000000}, {0x40000000, 0x00000000},
	{0x03F, 0x00003107},
	{0x90070001, 0x00000000}, {0x40000000, 0x00000000},
	{0x03F, 0x00003107},
	{0x90080001, 0x00000000}, {0x40000000, 0x00000000},
	{0x03F, 0x00003107},
	{0x90290001, 0x00000000}, {0x40000000, 0x00000000},
	{0x03F, 0x00003107},
	{0x902b0001, 0x00000000}, {0x40000000, 0x00000000},
	{0x03F, 0x00003107},
	{0xA0000000, 0x00000000},
	{0x03F, 0x00003307},
	{0xB0000000, 0x00000000},
	{0x033, 0x0000000D},
	{0x80010000, 0x00000000}, {0x40000000, 0x00000000},
	{0x03F, 0x00003307},
	{0x90020000, 0x00000000}, {0x40000000, 0x00000000},
	{0x03F, 0x00003307},
	{0x90010001, 0x00000000}, {0x40000000, 0x00000000},
	{0x03F, 0x00003307},
	{0x90020001, 0x00000000}, {0x40000000, 0x00000000},
	{0x03F, 0x00003307},
	{0x90030001, 0x00000000}, {0x40000000, 0x00000000},
	{0x03F, 0x00003307},
	{0x90040001, 0x00000000}, {0x40000000, 0x00000000},
	{0x03F, 0x00003307},
	{0x90050001, 0x00000000}, {0x40000000, 0x00000000},
	{0x03F, 0x00003307},
	{0x90060001, 0x00000000}, {0x40000000, 0x00000000},
	{0x03F, 0x00003307},
	{0x90070001, 0x00000000}, {0x40000000, 0x00000000},
	{0x03F, 0x00003307},
	{0x90080001, 0x00000000}, {0x40000000, 0x00000000},
	{0x03F, 0x00003307},
	{0x90290001, 0x00000000}, {0x40000000, 0x00000000},
	{0x03F, 0x00003307},
	{0x902b0001, 0x00000000}, {0x40000000, 0x00000000},
	{0x03F, 0x00003307},
	{0xA0000000, 0x00000000},
	{0x03F, 0x00002307},
	{0xB0000000, 0x00000000},
	{0x033, 0x0000000E},
	{0x80010000, 0x00000000}, {0x40000000, 0x00000000},
	{0x03F, 0x00001307},
	{0x90020000, 0x00000000}, {0x40000000, 0x00000000},
	{0x03F, 0x00001307},
	{0x90010001, 0x00000000}, {0x40000000, 0x00000000},
	{0x03F, 0x00001307},
	{0x90020001, 0x00000000}, {0x40000000, 0x00000000},
	{0x03F, 0x00001307},
	{0x90030001, 0x00000000}, {0x40000000, 0x00000000},
	{0x03F, 0x00001307},
	{0x90040001, 0x00000000}, {0x40000000, 0x00000000},
	{0x03F, 0x00001307},
	{0x90050001, 0x00000000}, {0x40000000, 0x00000000},
	{0x03F, 0x00001307},
	{0x90060001, 0x00000000}, {0x40000000, 0x00000000},
	{0x03F, 0x00001307},
	{0x90070001, 0x00000000}, {0x40000000, 0x00000000},
	{0x03F, 0x00001307},
	{0x90080001, 0x00000000}, {0x40000000, 0x00000000},
	{0x03F, 0x00001307},
	{0x90290001, 0x00000000}, {0x40000000, 0x00000000},
	{0x03F, 0x00001307},
	{0x902b0001, 0x00000000}, {0x40000000, 0x00000000},
	{0x03F, 0x00001307},
	{0xA0000000, 0x00000000},
	{0x03F, 0x00000307},
	{0xB0000000, 0x00000000},
	{0x033, 0x0000000F},
	{0x80010000, 0x00000000}, {0x40000000, 0x00000000},
	{0x03F, 0x00000307},
	{0x90020000, 0x00000000}, {0x40000000, 0x00000000},
	{0x03F, 0x00000307},
	{0x90010001, 0x00000000}, {0x40000000, 0x00000000},
	{0x03F, 0x00000307},
	{0x90020001, 0x00000000}, {0x40000000, 0x00000000},
	{0x03F, 0x00000307},
	{0x90030001, 0x00000000}, {0x40000000, 0x00000000},
	{0x03F, 0x00000307},
	{0x90040001, 0x00000000}, {0x40000000, 0x00000000},
	{0x03F, 0x00000307},
	{0x90050001, 0x00000000}, {0x40000000, 0x00000000},
	{0x03F, 0x00000307},
	{0x90060001, 0x00000000}, {0x40000000, 0x00000000},
	{0x03F, 0x00000307},
	{0x90070001, 0x00000000}, {0x40000000, 0x00000000},
	{0x03F, 0x00000307},
	{0x90080001, 0x00000000}, {0x40000000, 0x00000000},
	{0x03F, 0x00000307},
	{0x90290001, 0x00000000}, {0x40000000, 0x00000000},
	{0x03F, 0x00000307},
	{0x902b0001, 0x00000000}, {0x40000000, 0x00000000},
	{0x03F, 0x00000307},
	{0xA0000000, 0x00000000},
	{0x03F, 0x00000307},
	{0xB0000000, 0x00000000},
	{0x0EE, 0x00000000},
	{0x0EE, 0x00000200},
	{0x033, 0x00000000},
	{0x03F, 0x00000001},
	{0x033, 0x00000001},
	{0x03F, 0x00000003},
	{0x033, 0x00000002},
	{0x03F, 0x00000005},
	{0x033, 0x00000003},
	{0x03F, 0x00000007},
	{0x0EE, 0x00000000},
	{0x80010000, 0x00000000}, {0x40000000, 0x00000000},
	{0x0EC, 0x00000100},
	{0x90020000, 0x00000000}, {0x40000000, 0x00000000},
	{0x0EC, 0x00000100},
	{0x90010001, 0x00000000}, {0x40000000, 0x00000000},
	{0x0EC, 0x00000000},
	{0x90020001, 0x00000000}, {0x40000000, 0x00000000},
	{0x0EC, 0x00000000},
	{0x90030001, 0x00000000}, {0x40000000, 0x00000000},
	{0x0EC, 0x00000000},
	{0x90040001, 0x00000000}, {0x40000000, 0x00000000},
	{0x0EC, 0x00000000},
	{0x90050001, 0x00000000}, {0x40000000, 0x00000000},
	{0x0EC, 0x00000000},
	{0x90060001, 0x00000000}, {0x40000000, 0x00000000},
	{0x0EC, 0x00000000},
	{0x90070001, 0x00000000}, {0x40000000, 0x00000000},
	{0x0EC, 0x00000000},
	{0x90080001, 0x00000000}, {0x40000000, 0x00000000},
	{0x0EC, 0x00000000},
	{0x90290001, 0x00000000}, {0x40000000, 0x00000000},
	{0x0EC, 0x00000000},
	{0x902b0001, 0x00000000}, {0x40000000, 0x00000000},
	{0x0EC, 0x00000000},
	{0xA0000000, 0x00000000},
	{0x0EC, 0x00000100},
	{0xB0000000, 0x00000000},
	{0x033, 0x00000004},
	{0x03D, 0x00000078},
	{0x03E, 0x00080000},
	{0x03F, 0x00000000},
	{0x033, 0x00000005},
	{0x03D, 0x0000007B},
	{0x03E, 0x00020000},
	{0x03F, 0x00000000},
	{0x0EC, 0x00000000},
	{0x0DE, 0x00000000},
	{0x0EF, 0x00000000},
	{0x033, 0x00000000},
	{0x008, 0x00060280},
	{0x009, 0x00030400},
	{0x0EF, 0x00000000},
	{0x80010000, 0x00000000}, {0x40000000, 0x00000000},
	{0x0EF, 0x00000400},
	{0x033, 0x00000000},
	{0x03F, 0x000001FF},
	{0x033, 0x00000001},
	{0x03F, 0x000001FF},
	{0x033, 0x00000002},
	{0x03F, 0x000001F7},
	{0x033, 0x00000003},
	{0x03F, 0x000000FF},
	{0x033, 0x00000004},
	{0x03F, 0x000000FF},
	{0x033, 0x00000005},
	{0x03F, 0x000000FF},
	{0x033, 0x00000006},
	{0x03F, 0x000000FF},
	{0x033, 0x00000007},
	{0x03F, 0x000000FF},
	{0x90020000, 0x00000000}, {0x40000000, 0x00000000},
	{0x0EF, 0x00000400},
	{0x033, 0x00000000},
	{0x03F, 0x000001FF},
	{0x033, 0x00000001},
	{0x03F, 0x000001FF},
	{0x033, 0x00000002},
	{0x03F, 0x000001F7},
	{0x033, 0x00000003},
	{0x03F, 0x000000FF},
	{0x033, 0x00000004},
	{0x03F, 0x000000FF},
	{0x033, 0x00000005},
	{0x03F, 0x000000FF},
	{0x033, 0x00000006},
	{0x03F, 0x000000FF},
	{0x033, 0x00000007},
	{0x03F, 0x000000FF},
	{0x90010001, 0x00000000}, {0x40000000, 0x00000000},
	{0x0EF, 0x00000400},
	{0x033, 0x00000000},
	{0x03F, 0x000001FF},
	{0x033, 0x00000001},
	{0x03F, 0x000001FF},
	{0x033, 0x00000002},
	{0x03F, 0x0000013F},
	{0x033, 0x00000003},
	{0x03F, 0x000000FB},
	{0x033, 0x00000004},
	{0x03F, 0x000000FB},
	{0x033, 0x00000005},
	{0x03F, 0x000000FB},
	{0x033, 0x00000006},
	{0x03F, 0x000000FB},
	{0x033, 0x00000007},
	{0x03F, 0x000000FB},
	{0x90020001, 0x00000000}, {0x40000000, 0x00000000},
	{0x0EF, 0x00000400},
	{0x033, 0x00000000},
	{0x03F, 0x000001FF},
	{0x033, 0x00000001},
	{0x03F, 0x000001FF},
	{0x033, 0x00000002},
	{0x03F, 0x0000013F},
	{0x033, 0x00000003},
	{0x03F, 0x000000FB},
	{0x033, 0x00000004},
	{0x03F, 0x000000FB},
	{0x033, 0x00000005},
	{0x03F, 0x000000FB},
	{0x033, 0x00000006},
	{0x03F, 0x000000FB},
	{0x033, 0x00000007},
	{0x03F, 0x000000FB},
	{0x90030001, 0x00000000}, {0x40000000, 0x00000000},
	{0x0EF, 0x00000400},
	{0x033, 0x00000000},
	{0x03F, 0x000001FF},
	{0x033, 0x00000001},
	{0x03F, 0x000001FF},
	{0x033, 0x00000002},
	{0x03F, 0x0000013F},
	{0x033, 0x00000003},
	{0x03F, 0x000000FB},
	{0x033, 0x00000004},
	{0x03F, 0x000000FB},
	{0x033, 0x00000005},
	{0x03F, 0x000000FB},
	{0x033, 0x00000006},
	{0x03F, 0x000000FB},
	{0x033, 0x00000007},
	{0x03F, 0x000000FB},
	{0x90040001, 0x00000000}, {0x40000000, 0x00000000},
	{0x0EF, 0x00000400},
	{0x033, 0x00000000},
	{0x03F, 0x000001FF},
	{0x033, 0x00000001},
	{0x03F, 0x000001FF},
	{0x033, 0x00000002},
	{0x03F, 0x0000013F},
	{0x033, 0x00000003},
	{0x03F, 0x000000FB},
	{0x033, 0x00000004},
	{0x03F, 0x000000FB},
	{0x033, 0x00000005},
	{0x03F, 0x000000FB},
	{0x033, 0x00000006},
	{0x03F, 0x000000FB},
	{0x033, 0x00000007},
	{0x03F, 0x000000FB},
	{0x90050001, 0x00000000}, {0x40000000, 0x00000000},
	{0x0EF, 0x00000400},
	{0x033, 0x00000000},
	{0x03F, 0x000001FF},
	{0x033, 0x00000001},
	{0x03F, 0x000001FF},
	{0x033, 0x00000002},
	{0x03F, 0x0000013F},
	{0x033, 0x00000003},
	{0x03F, 0x000000FB},
	{0x033, 0x00000004},
	{0x03F, 0x000000FB},
	{0x033, 0x00000005},
	{0x03F, 0x000000FB},
	{0x033, 0x00000006},
	{0x03F, 0x000000FB},
	{0x033, 0x00000007},
	{0x03F, 0x000000FB},
	{0x90060001, 0x00000000}, {0x40000000, 0x00000000},
	{0x0EF, 0x00000400},
	{0x033, 0x00000000},
	{0x03F, 0x000001FF},
	{0x033, 0x00000001},
	{0x03F, 0x000001FF},
	{0x033, 0x00000002},
	{0x03F, 0x0000013F},
	{0x033, 0x00000003},
	{0x03F, 0x000000FB},
	{0x033, 0x00000004},
	{0x03F, 0x000000FB},
	{0x033, 0x00000005},
	{0x03F, 0x000000FB},
	{0x033, 0x00000006},
	{0x03F, 0x000000FB},
	{0x033, 0x00000007},
	{0x03F, 0x000000FB},
	{0x90070001, 0x00000000}, {0x40000000, 0x00000000},
	{0x0EF, 0x00000400},
	{0x033, 0x00000000},
	{0x03F, 0x000001FF},
	{0x033, 0x00000001},
	{0x03F, 0x000001FF},
	{0x033, 0x00000002},
	{0x03F, 0x0000013F},
	{0x033, 0x00000003},
	{0x03F, 0x000000FB},
	{0x033, 0x00000004},
	{0x03F, 0x000000FB},
	{0x033, 0x00000005},
	{0x03F, 0x000000FB},
	{0x033, 0x00000006},
	{0x03F, 0x000000FB},
	{0x033, 0x00000007},
	{0x03F, 0x000000FB},
	{0x90080001, 0x00000000}, {0x40000000, 0x00000000},
	{0x0EF, 0x00000400},
	{0x033, 0x00000000},
	{0x03F, 0x000001FF},
	{0x033, 0x00000001},
	{0x03F, 0x000001FF},
	{0x033, 0x00000002},
	{0x03F, 0x0000013F},
	{0x033, 0x00000003},
	{0x03F, 0x000000FB},
	{0x033, 0x00000004},
	{0x03F, 0x000000FB},
	{0x033, 0x00000005},
	{0x03F, 0x000000FB},
	{0x033, 0x00000006},
	{0x03F, 0x000000FB},
	{0x033, 0x00000007},
	{0x03F, 0x000000FB},
	{0x90290001, 0x00000000}, {0x40000000, 0x00000000},
	{0x0EF, 0x00000400},
	{0x033, 0x00000000},
	{0x03F, 0x000001FF},
	{0x033, 0x00000001},
	{0x03F, 0x000001FF},
	{0x033, 0x00000002},
	{0x03F, 0x0000013F},
	{0x033, 0x00000003},
	{0x03F, 0x000000FB},
	{0x033, 0x00000004},
	{0x03F, 0x000000FB},
	{0x033, 0x00000005},
	{0x03F, 0x000000FB},
	{0x033, 0x00000006},
	{0x03F, 0x000000FB},
	{0x033, 0x00000007},
	{0x03F, 0x000000FB},
	{0x902b0001, 0x00000000}, {0x40000000, 0x00000000},
	{0x0EF, 0x00000400},
	{0x033, 0x00000000},
	{0x03F, 0x000001FF},
	{0x033, 0x00000001},
	{0x03F, 0x000001FF},
	{0x033, 0x00000002},
	{0x03F, 0x0000013F},
	{0x033, 0x00000003},
	{0x03F, 0x000000FB},
	{0x033, 0x00000004},
	{0x03F, 0x000000FB},
	{0x033, 0x00000005},
	{0x03F, 0x000000FB},
	{0x033, 0x00000006},
	{0x03F, 0x000000FB},
	{0x033, 0x00000007},
	{0x03F, 0x000000FB},
	{0xA0000000, 0x00000000},
	{0x0EF, 0x00000400},
	{0x033, 0x00000000},
	{0x03F, 0x000001FF},
	{0x033, 0x00000001},
	{0x03F, 0x000001FF},
	{0x033, 0x00000002},
	{0x03F, 0x000001F7},
	{0x033, 0x00000003},
	{0x03F, 0x000000FF},
	{0x033, 0x00000004},
	{0x03F, 0x000000FF},
	{0x033, 0x00000005},
	{0x03F, 0x000000FF},
	{0x033, 0x00000006},
	{0x03F, 0x000000FF},
	{0x033, 0x00000007},
	{0x03F, 0x000000FF},
	{0xB0000000, 0x00000000},
	{0x0EF, 0x00000200},
	{0x033, 0x00000000},
	{0x03F, 0x0000017F},
	{0x033, 0x00000001},
	{0x03F, 0x0000017F},
	{0x033, 0x00000002},
	{0x03F, 0x0000017F},
	{0x033, 0x00000003},
	{0x03F, 0x0000007F},
	{0x033, 0x00000004},
	{0x03F, 0x0000007F},
	{0x033, 0x00000005},
	{0x03F, 0x0000007F},
	{0x033, 0x00000006},
	{0x03F, 0x0000007F},
	{0x033, 0x00000007},
	{0x03F, 0x0000007F},
	{0x0EF, 0x00000000},
	{0x06E, 0x00077A18},
	{0x06F, 0x00077A18},
	{0x06D, 0x00000C31},
	{0x0EF, 0x00020000},
	{0x033, 0x00000000},
	{0x03F, 0x000005FF},
	{0x0EF, 0x00000000},
	{0x005, 0x00000001},
	{0x80010000, 0x00000000}, {0x40000000, 0x00000000},
	{0x094, 0x000000FC},
	{0x90020000, 0x00000000}, {0x40000000, 0x00000000},
	{0x094, 0x000000FC},
	{0x90010001, 0x00000000}, {0x40000000, 0x00000000},
	{0x094, 0x000000FC},
	{0x90020001, 0x00000000}, {0x40000000, 0x00000000},
	{0x094, 0x000000FC},
	{0x90030001, 0x00000000}, {0x40000000, 0x00000000},
	{0x094, 0x000000FC},
	{0x90040001, 0x00000000}, {0x40000000, 0x00000000},
	{0x094, 0x000000FC},
	{0x90050001, 0x00000000}, {0x40000000, 0x00000000},
	{0x094, 0x000000FC},
	{0x90060001, 0x00000000}, {0x40000000, 0x00000000},
	{0x094, 0x000000FC},
	{0x90070001, 0x00000000}, {0x40000000, 0x00000000},
	{0x094, 0x000000FC},
	{0x90080001, 0x00000000}, {0x40000000, 0x00000000},
	{0x094, 0x000000FC},
	{0x90290001, 0x00000000}, {0x40000000, 0x00000000},
	{0x094, 0x000000FC},
	{0x902b0001, 0x00000000}, {0x40000000, 0x00000000},
	{0x094, 0x000000FC},
	{0xA0000000, 0x00000000},
	{0x094, 0x000001FC},
	{0xB0000000, 0x00000000},
	{0x100EE, 0x00002000},
	{0x10033, 0x00000080},
	{0x80010000, 0x00000000}, {0x40000000, 0x00000000},
	{0x1003F, 0x000000FB},
	{0x90020000, 0x00000000}, {0x40000000, 0x00000000},
	{0x1003F, 0x000000FB},
	{0x90010001, 0x00000000}, {0x40000000, 0x00000000},
	{0x1003F, 0x000000FB},
	{0x90020001, 0x00000000}, {0x40000000, 0x00000000},
	{0x1003F, 0x000000FB},
	{0x90030001, 0x00000000}, {0x40000000, 0x00000000},
	{0x1003F, 0x000000FB},
	{0x90040001, 0x00000000}, {0x40000000, 0x00000000},
	{0x1003F, 0x000000FB},
	{0x90050001, 0x00000000}, {0x40000000, 0x00000000},
	{0x1003F, 0x000000FB},
	{0x90060001, 0x00000000}, {0x40000000, 0x00000000},
	{0x1003F, 0x000000FB},
	{0x90070001, 0x00000000}, {0x40000000, 0x00000000},
	{0x1003F, 0x000000FB},
	{0x90080001, 0x00000000}, {0x40000000, 0x00000000},
	{0x1003F, 0x000000FB},
	{0x90290001, 0x00000000}, {0x40000000, 0x00000000},
	{0x1003F, 0x000000FB},
	{0x902b0001, 0x00000000}, {0x40000000, 0x00000000},
	{0x1003F, 0x000000FB},
	{0xA0000000, 0x00000000},
	{0x1003F, 0x000000F6},
	{0xB0000000, 0x00000000},
	{0x10033, 0x00000081},
	{0x80010000, 0x00000000}, {0x40000000, 0x00000000},
	{0x1003F, 0x000000F8},
	{0x90020000, 0x00000000}, {0x40000000, 0x00000000},
	{0x1003F, 0x000000F8},
	{0x90010001, 0x00000000}, {0x40000000, 0x00000000},
	{0x1003F, 0x000000F8},
	{0x90020001, 0x00000000}, {0x40000000, 0x00000000},
	{0x1003F, 0x000000F8},
	{0x90030001, 0x00000000}, {0x40000000, 0x00000000},
	{0x1003F, 0x000000F8},
	{0x90040001, 0x00000000}, {0x40000000, 0x00000000},
	{0x1003F, 0x000000F8},
	{0x90050001, 0x00000000}, {0x40000000, 0x00000000},
	{0x1003F, 0x000000F8},
	{0x90060001, 0x00000000}, {0x40000000, 0x00000000},
	{0x1003F, 0x000000F8},
	{0x90070001, 0x00000000}, {0x40000000, 0x00000000},
	{0x1003F, 0x000000F8},
	{0x90080001, 0x00000000}, {0x40000000, 0x00000000},
	{0x1003F, 0x000000F8},
	{0x90290001, 0x00000000}, {0x40000000, 0x00000000},
	{0x1003F, 0x000000F8},
	{0x902b0001, 0x00000000}, {0x40000000, 0x00000000},
	{0x1003F, 0x000000F8},
	{0xA0000000, 0x00000000},
	{0x1003F, 0x000000F3},
	{0xB0000000, 0x00000000},
	{0x10033, 0x00000082},
	{0x80010000, 0x00000000}, {0x40000000, 0x00000000},
	{0x1003F, 0x000000F5},
	{0x90020000, 0x00000000}, {0x40000000, 0x00000000},
	{0x1003F, 0x000000F5},
	{0x90010001, 0x00000000}, {0x40000000, 0x00000000},
	{0x1003F, 0x000000F5},
	{0x90020001, 0x00000000}, {0x40000000, 0x00000000},
	{0x1003F, 0x000000F5},
	{0x90030001, 0x00000000}, {0x40000000, 0x00000000},
	{0x1003F, 0x000000F5},
	{0x90040001, 0x00000000}, {0x40000000, 0x00000000},
	{0x1003F, 0x000000F5},
	{0x90050001, 0x00000000}, {0x40000000, 0x00000000},
	{0x1003F, 0x000000F5},
	{0x90060001, 0x00000000}, {0x40000000, 0x00000000},
	{0x1003F, 0x000000F5},
	{0x90070001, 0x00000000}, {0x40000000, 0x00000000},
	{0x1003F, 0x000000F5},
	{0x90080001, 0x00000000}, {0x40000000, 0x00000000},
	{0x1003F, 0x000000F5},
	{0x90290001, 0x00000000}, {0x40000000, 0x00000000},
	{0x1003F, 0x000000F5},
	{0x902b0001, 0x00000000}, {0x40000000, 0x00000000},
	{0x1003F, 0x000000F5},
	{0xA0000000, 0x00000000},
	{0x1003F, 0x000000F0},
	{0xB0000000, 0x00000000},
	{0x10033, 0x00000083},
	{0x80010000, 0x00000000}, {0x40000000, 0x00000000},
	{0x1003F, 0x000000F2},
	{0x90020000, 0x00000000}, {0x40000000, 0x00000000},
	{0x1003F, 0x000000F2},
	{0x90010001, 0x00000000}, {0x40000000, 0x00000000},
	{0x1003F, 0x000000F2},
	{0x90020001, 0x00000000}, {0x40000000, 0x00000000},
	{0x1003F, 0x000000F2},
	{0x90030001, 0x00000000}, {0x40000000, 0x00000000},
	{0x1003F, 0x000000F2},
	{0x90040001, 0x00000000}, {0x40000000, 0x00000000},
	{0x1003F, 0x000000F2},
	{0x90050001, 0x00000000}, {0x40000000, 0x00000000},
	{0x1003F, 0x000000F2},
	{0x90060001, 0x00000000}, {0x40000000, 0x00000000},
	{0x1003F, 0x000000F2},
	{0x90070001, 0x00000000}, {0x40000000, 0x00000000},
	{0x1003F, 0x000000F2},
	{0x90080001, 0x00000000}, {0x40000000, 0x00000000},
	{0x1003F, 0x000000F2},
	{0x90290001, 0x00000000}, {0x40000000, 0x00000000},
	{0x1003F, 0x000000F2},
	{0x902b0001, 0x00000000}, {0x40000000, 0x00000000},
	{0x1003F, 0x000000F2},
	{0xA0000000, 0x00000000},
	{0x1003F, 0x000000ED},
	{0xB0000000, 0x00000000},
	{0x10033, 0x00000084},
	{0x80010000, 0x00000000}, {0x40000000, 0x00000000},
	{0x1003F, 0x000000EF},
	{0x90020000, 0x00000000}, {0x40000000, 0x00000000},
	{0x1003F, 0x000000EF},
	{0x90010001, 0x00000000}, {0x40000000, 0x00000000},
	{0x1003F, 0x000000EF},
	{0x90020001, 0x00000000}, {0x40000000, 0x00000000},
	{0x1003F, 0x000000EF},
	{0x90030001, 0x00000000}, {0x40000000, 0x00000000},
	{0x1003F, 0x000000EF},
	{0x90040001, 0x00000000}, {0x40000000, 0x00000000},
	{0x1003F, 0x000000EF},
	{0x90050001, 0x00000000}, {0x40000000, 0x00000000},
	{0x1003F, 0x000000EF},
	{0x90060001, 0x00000000}, {0x40000000, 0x00000000},
	{0x1003F, 0x000000EF},
	{0x90070001, 0x00000000}, {0x40000000, 0x00000000},
	{0x1003F, 0x000000EF},
	{0x90080001, 0x00000000}, {0x40000000, 0x00000000},
	{0x1003F, 0x000000EF},
	{0x90290001, 0x00000000}, {0x40000000, 0x00000000},
	{0x1003F, 0x000000EF},
	{0x902b0001, 0x00000000}, {0x40000000, 0x00000000},
	{0x1003F, 0x000000EF},
	{0xA0000000, 0x00000000},
	{0x1003F, 0x000000EA},
	{0xB0000000, 0x00000000},
	{0x10033, 0x00000085},
	{0x80010000, 0x00000000}, {0x40000000, 0x00000000},
	{0x1003F, 0x000000EC},
	{0x90020000, 0x00000000}, {0x40000000, 0x00000000},
	{0x1003F, 0x000000EC},
	{0x90010001, 0x00000000}, {0x40000000, 0x00000000},
	{0x1003F, 0x000000EC},
	{0x90020001, 0x00000000}, {0x40000000, 0x00000000},
	{0x1003F, 0x000000EC},
	{0x90030001, 0x00000000}, {0x40000000, 0x00000000},
	{0x1003F, 0x000000EC},
	{0x90040001, 0x00000000}, {0x40000000, 0x00000000},
	{0x1003F, 0x000000EC},
	{0x90050001, 0x00000000}, {0x40000000, 0x00000000},
	{0x1003F, 0x000000EC},
	{0x90060001, 0x00000000}, {0x40000000, 0x00000000},
	{0x1003F, 0x000000EC},
	{0x90070001, 0x00000000}, {0x40000000, 0x00000000},
	{0x1003F, 0x000000EC},
	{0x90080001, 0x00000000}, {0x40000000, 0x00000000},
	{0x1003F, 0x000000EC},
	{0x90290001, 0x00000000}, {0x40000000, 0x00000000},
	{0x1003F, 0x000000EC},
	{0x902b0001, 0x00000000}, {0x40000000, 0x00000000},
	{0x1003F, 0x000000EC},
	{0xA0000000, 0x00000000},
	{0x1003F, 0x000000E7},
	{0xB0000000, 0x00000000},
	{0x10033, 0x00000086},
	{0x80010000, 0x00000000}, {0x40000000, 0x00000000},
	{0x1003F, 0x000000AB},
	{0x90020000, 0x00000000}, {0x40000000, 0x00000000},
	{0x1003F, 0x000000AB},
	{0x90010001, 0x00000000}, {0x40000000, 0x00000000},
	{0x1003F, 0x000000AB},
	{0x90020001, 0x00000000}, {0x40000000, 0x00000000},
	{0x1003F, 0x000000AB},
	{0x90030001, 0x00000000}, {0x40000000, 0x00000000},
	{0x1003F, 0x000000AB},
	{0x90040001, 0x00000000}, {0x40000000, 0x00000000},
	{0x1003F, 0x000000AB},
	{0x90050001, 0x00000000}, {0x40000000, 0x00000000},
	{0x1003F, 0x000000AB},
	{0x90060001, 0x00000000}, {0x40000000, 0x00000000},
	{0x1003F, 0x000000AB},
	{0x90070001, 0x00000000}, {0x40000000, 0x00000000},
	{0x1003F, 0x000000AB},
	{0x90080001, 0x00000000}, {0x40000000, 0x00000000},
	{0x1003F, 0x000000AB},
	{0x90290001, 0x00000000}, {0x40000000, 0x00000000},
	{0x1003F, 0x000000AB},
	{0x902b0001, 0x00000000}, {0x40000000, 0x00000000},
	{0x1003F, 0x000000AB},
	{0xA0000000, 0x00000000},
	{0x1003F, 0x000000A6},
	{0xB0000000, 0x00000000},
	{0x10033, 0x00000087},
	{0x80010000, 0x00000000}, {0x40000000, 0x00000000},
	{0x1003F, 0x000000A8},
	{0x90020000, 0x00000000}, {0x40000000, 0x00000000},
	{0x1003F, 0x000000A8},
	{0x90010001, 0x00000000}, {0x40000000, 0x00000000},
	{0x1003F, 0x000000A8},
	{0x90020001, 0x00000000}, {0x40000000, 0x00000000},
	{0x1003F, 0x000000A8},
	{0x90030001, 0x00000000}, {0x40000000, 0x00000000},
	{0x1003F, 0x000000A8},
	{0x90040001, 0x00000000}, {0x40000000, 0x00000000},
	{0x1003F, 0x000000A8},
	{0x90050001, 0x00000000}, {0x40000000, 0x00000000},
	{0x1003F, 0x000000A8},
	{0x90060001, 0x00000000}, {0x40000000, 0x00000000},
	{0x1003F, 0x000000A8},
	{0x90070001, 0x00000000}, {0x40000000, 0x00000000},
	{0x1003F, 0x000000A8},
	{0x90080001, 0x00000000}, {0x40000000, 0x00000000},
	{0x1003F, 0x000000A8},
	{0x90290001, 0x00000000}, {0x40000000, 0x00000000},
	{0x1003F, 0x000000A8},
	{0x902b0001, 0x00000000}, {0x40000000, 0x00000000},
	{0x1003F, 0x000000A8},
	{0xA0000000, 0x00000000},
	{0x1003F, 0x000000A3},
	{0xB0000000, 0x00000000},
	{0x10033, 0x00000088},
	{0x80010000, 0x00000000}, {0x40000000, 0x00000000},
	{0x1003F, 0x00000068},
	{0x90020000, 0x00000000}, {0x40000000, 0x00000000},
	{0x1003F, 0x00000068},
	{0x90010001, 0x00000000}, {0x40000000, 0x00000000},
	{0x1003F, 0x00000068},
	{0x90020001, 0x00000000}, {0x40000000, 0x00000000},
	{0x1003F, 0x00000068},
	{0x90030001, 0x00000000}, {0x40000000, 0x00000000},
	{0x1003F, 0x00000068},
	{0x90040001, 0x00000000}, {0x40000000, 0x00000000},
	{0x1003F, 0x00000068},
	{0x90050001, 0x00000000}, {0x40000000, 0x00000000},
	{0x1003F, 0x00000068},
	{0x90060001, 0x00000000}, {0x40000000, 0x00000000},
	{0x1003F, 0x00000068},
	{0x90070001, 0x00000000}, {0x40000000, 0x00000000},
	{0x1003F, 0x00000068},
	{0x90080001, 0x00000000}, {0x40000000, 0x00000000},
	{0x1003F, 0x00000068},
	{0x90290001, 0x00000000}, {0x40000000, 0x00000000},
	{0x1003F, 0x00000068},
	{0x902b0001, 0x00000000}, {0x40000000, 0x00000000},
	{0x1003F, 0x00000068},
	{0xA0000000, 0x00000000},
	{0x1003F, 0x00000063},
	{0xB0000000, 0x00000000},
	{0x10033, 0x00000089},
	{0x80010000, 0x00000000}, {0x40000000, 0x00000000},
	{0x1003F, 0x00000065},
	{0x90020000, 0x00000000}, {0x40000000, 0x00000000},
	{0x1003F, 0x00000065},
	{0x90010001, 0x00000000}, {0x40000000, 0x00000000},
	{0x1003F, 0x00000065},
	{0x90020001, 0x00000000}, {0x40000000, 0x00000000},
	{0x1003F, 0x00000065},
	{0x90030001, 0x00000000}, {0x40000000, 0x00000000},
	{0x1003F, 0x00000065},
	{0x90040001, 0x00000000}, {0x40000000, 0x00000000},
	{0x1003F, 0x00000065},
	{0x90050001, 0x00000000}, {0x40000000, 0x00000000},
	{0x1003F, 0x00000065},
	{0x90060001, 0x00000000}, {0x40000000, 0x00000000},
	{0x1003F, 0x00000065},
	{0x90070001, 0x00000000}, {0x40000000, 0x00000000},
	{0x1003F, 0x00000065},
	{0x90080001, 0x00000000}, {0x40000000, 0x00000000},
	{0x1003F, 0x00000065},
	{0x90290001, 0x00000000}, {0x40000000, 0x00000000},
	{0x1003F, 0x00000065},
	{0x902b0001, 0x00000000}, {0x40000000, 0x00000000},
	{0x1003F, 0x00000065},
	{0xA0000000, 0x00000000},
	{0x1003F, 0x00000060},
	{0xB0000000, 0x00000000},
	{0x10033, 0x0000008A},
	{0x80010000, 0x00000000}, {0x40000000, 0x00000000},
	{0x1003F, 0x0000002B},
	{0x90020000, 0x00000000}, {0x40000000, 0x00000000},
	{0x1003F, 0x0000002B},
	{0x90010001, 0x00000000}, {0x40000000, 0x00000000},
	{0x1003F, 0x0000002B},
	{0x90020001, 0x00000000}, {0x40000000, 0x00000000},
	{0x1003F, 0x0000002B},
	{0x90030001, 0x00000000}, {0x40000000, 0x00000000},
	{0x1003F, 0x0000002B},
	{0x90040001, 0x00000000}, {0x40000000, 0x00000000},
	{0x1003F, 0x0000002B},
	{0x90050001, 0x00000000}, {0x40000000, 0x00000000},
	{0x1003F, 0x0000002B},
	{0x90060001, 0x00000000}, {0x40000000, 0x00000000},
	{0x1003F, 0x0000002B},
	{0x90070001, 0x00000000}, {0x40000000, 0x00000000},
	{0x1003F, 0x0000002B},
	{0x90080001, 0x00000000}, {0x40000000, 0x00000000},
	{0x1003F, 0x0000002B},
	{0x90290001, 0x00000000}, {0x40000000, 0x00000000},
	{0x1003F, 0x0000002B},
	{0x902b0001, 0x00000000}, {0x40000000, 0x00000000},
	{0x1003F, 0x0000002B},
	{0xA0000000, 0x00000000},
	{0x1003F, 0x00000026},
	{0xB0000000, 0x00000000},
	{0x10033, 0x0000008B},
	{0x80010000, 0x00000000}, {0x40000000, 0x00000000},
	{0x1003F, 0x00000028},
	{0x90020000, 0x00000000}, {0x40000000, 0x00000000},
	{0x1003F, 0x00000028},
	{0x90010001, 0x00000000}, {0x40000000, 0x00000000},
	{0x1003F, 0x00000028},
	{0x90020001, 0x00000000}, {0x40000000, 0x00000000},
	{0x1003F, 0x00000028},
	{0x90030001, 0x00000000}, {0x40000000, 0x00000000},
	{0x1003F, 0x00000028},
	{0x90040001, 0x00000000}, {0x40000000, 0x00000000},
	{0x1003F, 0x00000028},
	{0x90050001, 0x00000000}, {0x40000000, 0x00000000},
	{0x1003F, 0x00000028},
	{0x90060001, 0x00000000}, {0x40000000, 0x00000000},
	{0x1003F, 0x00000028},
	{0x90070001, 0x00000000}, {0x40000000, 0x00000000},
	{0x1003F, 0x00000028},
	{0x90080001, 0x00000000}, {0x40000000, 0x00000000},
	{0x1003F, 0x00000028},
	{0x90290001, 0x00000000}, {0x40000000, 0x00000000},
	{0x1003F, 0x00000028},
	{0x902b0001, 0x00000000}, {0x40000000, 0x00000000},
	{0x1003F, 0x00000028},
	{0xA0000000, 0x00000000},
	{0x1003F, 0x00000023},
	{0xB0000000, 0x00000000},
	{0x10033, 0x0000008C},
	{0x80010000, 0x00000000}, {0x40000000, 0x00000000},
	{0x1003F, 0x00000025},
	{0x90020000, 0x00000000}, {0x40000000, 0x00000000},
	{0x1003F, 0x00000025},
	{0x90010001, 0x00000000}, {0x40000000, 0x00000000},
	{0x1003F, 0x00000025},
	{0x90020001, 0x00000000}, {0x40000000, 0x00000000},
	{0x1003F, 0x00000025},
	{0x90030001, 0x00000000}, {0x40000000, 0x00000000},
	{0x1003F, 0x00000025},
	{0x90040001, 0x00000000}, {0x40000000, 0x00000000},
	{0x1003F, 0x00000025},
	{0x90050001, 0x00000000}, {0x40000000, 0x00000000},
	{0x1003F, 0x00000025},
	{0x90060001, 0x00000000}, {0x40000000, 0x00000000},
	{0x1003F, 0x00000025},
	{0x90070001, 0x00000000}, {0x40000000, 0x00000000},
	{0x1003F, 0x00000025},
	{0x90080001, 0x00000000}, {0x40000000, 0x00000000},
	{0x1003F, 0x00000025},
	{0x90290001, 0x00000000}, {0x40000000, 0x00000000},
	{0x1003F, 0x00000025},
	{0x902b0001, 0x00000000}, {0x40000000, 0x00000000},
	{0x1003F, 0x00000025},
	{0xA0000000, 0x00000000},
	{0x1003F, 0x00000020},
	{0xB0000000, 0x00000000},
	{0x10033, 0x0000008D},
	{0x80010000, 0x00000000}, {0x40000000, 0x00000000},
	{0x1003F, 0x00000022},
	{0x90020000, 0x00000000}, {0x40000000, 0x00000000},
	{0x1003F, 0x00000022},
	{0x90010001, 0x00000000}, {0x40000000, 0x00000000},
	{0x1003F, 0x00000022},
	{0x90020001, 0x00000000}, {0x40000000, 0x00000000},
	{0x1003F, 0x00000022},
	{0x90030001, 0x00000000}, {0x40000000, 0x00000000},
	{0x1003F, 0x00000022},
	{0x90040001, 0x00000000}, {0x40000000, 0x00000000},
	{0x1003F, 0x00000022},
	{0x90050001, 0x00000000}, {0x40000000, 0x00000000},
	{0x1003F, 0x00000022},
	{0x90060001, 0x00000000}, {0x40000000, 0x00000000},
	{0x1003F, 0x00000022},
	{0x90070001, 0x00000000}, {0x40000000, 0x00000000},
	{0x1003F, 0x00000022},
	{0x90080001, 0x00000000}, {0x40000000, 0x00000000},
	{0x1003F, 0x00000022},
	{0x90290001, 0x00000000}, {0x40000000, 0x00000000},
	{0x1003F, 0x00000022},
	{0x902b0001, 0x00000000}, {0x40000000, 0x00000000},
	{0x1003F, 0x00000022},
	{0xA0000000, 0x00000000},
	{0x1003F, 0x0000001D},
	{0xB0000000, 0x00000000},
	{0x10033, 0x0000008E},
	{0x80010000, 0x00000000}, {0x40000000, 0x00000000},
	{0x1003F, 0x0000001F},
	{0x90020000, 0x00000000}, {0x40000000, 0x00000000},
	{0x1003F, 0x0000001F},
	{0x90010001, 0x00000000}, {0x40000000, 0x00000000},
	{0x1003F, 0x0000001F},
	{0x90020001, 0x00000000}, {0x40000000, 0x00000000},
	{0x1003F, 0x0000001F},
	{0x90030001, 0x00000000}, {0x40000000, 0x00000000},
	{0x1003F, 0x0000001F},
	{0x90040001, 0x00000000}, {0x40000000, 0x00000000},
	{0x1003F, 0x0000001F},
	{0x90050001, 0x00000000}, {0x40000000, 0x00000000},
	{0x1003F, 0x0000001F},
	{0x90060001, 0x00000000}, {0x40000000, 0x00000000},
	{0x1003F, 0x0000001F},
	{0x90070001, 0x00000000}, {0x40000000, 0x00000000},
	{0x1003F, 0x0000001F},
	{0x90080001, 0x00000000}, {0x40000000, 0x00000000},
	{0x1003F, 0x0000001F},
	{0x90290001, 0x00000000}, {0x40000000, 0x00000000},
	{0x1003F, 0x0000001F},
	{0x902b0001, 0x00000000}, {0x40000000, 0x00000000},
	{0x1003F, 0x0000001F},
	{0xA0000000, 0x00000000},
	{0x1003F, 0x0000001A},
	{0xB0000000, 0x00000000},
	{0x10033, 0x0000008F},
	{0x80010000, 0x00000000}, {0x40000000, 0x00000000},
	{0x1003F, 0x0000001C},
	{0x90020000, 0x00000000}, {0x40000000, 0x00000000},
	{0x1003F, 0x0000001C},
	{0x90010001, 0x00000000}, {0x40000000, 0x00000000},
	{0x1003F, 0x0000001C},
	{0x90020001, 0x00000000}, {0x40000000, 0x00000000},
	{0x1003F, 0x0000001C},
	{0x90030001, 0x00000000}, {0x40000000, 0x00000000},
	{0x1003F, 0x0000001C},
	{0x90040001, 0x00000000}, {0x40000000, 0x00000000},
	{0x1003F, 0x0000001C},
	{0x90050001, 0x00000000}, {0x40000000, 0x00000000},
	{0x1003F, 0x0000001C},
	{0x90060001, 0x00000000}, {0x40000000, 0x00000000},
	{0x1003F, 0x0000001C},
	{0x90070001, 0x00000000}, {0x40000000, 0x00000000},
	{0x1003F, 0x0000001C},
	{0x90080001, 0x00000000}, {0x40000000, 0x00000000},
	{0x1003F, 0x0000001C},
	{0x90290001, 0x00000000}, {0x40000000, 0x00000000},
	{0x1003F, 0x0000001C},
	{0x902b0001, 0x00000000}, {0x40000000, 0x00000000},
	{0x1003F, 0x0000001C},
	{0xA0000000, 0x00000000},
	{0x1003F, 0x00000017},
	{0xB0000000, 0x00000000},
	{0x10033, 0x00000090},
	{0x80010000, 0x00000000}, {0x40000000, 0x00000000},
	{0x1003F, 0x00000019},
	{0x90020000, 0x00000000}, {0x40000000, 0x00000000},
	{0x1003F, 0x00000019},
	{0x90010001, 0x00000000}, {0x40000000, 0x00000000},
	{0x1003F, 0x00000019},
	{0x90020001, 0x00000000}, {0x40000000, 0x00000000},
	{0x1003F, 0x00000019},
	{0x90030001, 0x00000000}, {0x40000000, 0x00000000},
	{0x1003F, 0x00000019},
	{0x90040001, 0x00000000}, {0x40000000, 0x00000000},
	{0x1003F, 0x00000019},
	{0x90050001, 0x00000000}, {0x40000000, 0x00000000},
	{0x1003F, 0x00000019},
	{0x90060001, 0x00000000}, {0x40000000, 0x00000000},
	{0x1003F, 0x00000019},
	{0x90070001, 0x00000000}, {0x40000000, 0x00000000},
	{0x1003F, 0x00000019},
	{0x90080001, 0x00000000}, {0x40000000, 0x00000000},
	{0x1003F, 0x00000019},
	{0x90290001, 0x00000000}, {0x40000000, 0x00000000},
	{0x1003F, 0x00000019},
	{0x902b0001, 0x00000000}, {0x40000000, 0x00000000},
	{0x1003F, 0x00000019},
	{0xA0000000, 0x00000000},
	{0x1003F, 0x00000014},
	{0xB0000000, 0x00000000},
	{0x10033, 0x000000A0},
	{0x80010000, 0x00000000}, {0x40000000, 0x00000000},
	{0x1003F, 0x000000FB},
	{0x90020000, 0x00000000}, {0x40000000, 0x00000000},
	{0x1003F, 0x000000FB},
	{0x90010001, 0x00000000}, {0x40000000, 0x00000000},
	{0x1003F, 0x000000FB},
	{0x90020001, 0x00000000}, {0x40000000, 0x00000000},
	{0x1003F, 0x000000FB},
	{0x90030001, 0x00000000}, {0x40000000, 0x00000000},
	{0x1003F, 0x000000FB},
	{0x90040001, 0x00000000}, {0x40000000, 0x00000000},
	{0x1003F, 0x000000FB},
	{0x90050001, 0x00000000}, {0x40000000, 0x00000000},
	{0x1003F, 0x000000FB},
	{0x90060001, 0x00000000}, {0x40000000, 0x00000000},
	{0x1003F, 0x000000FB},
	{0x90070001, 0x00000000}, {0x40000000, 0x00000000},
	{0x1003F, 0x000000FB},
	{0x90080001, 0x00000000}, {0x40000000, 0x00000000},
	{0x1003F, 0x000000FB},
	{0x90290001, 0x00000000}, {0x40000000, 0x00000000},
	{0x1003F, 0x000000FB},
	{0x902b0001, 0x00000000}, {0x40000000, 0x00000000},
	{0x1003F, 0x000000FB},
	{0xA0000000, 0x00000000},
	{0x1003F, 0x000000F6},
	{0xB0000000, 0x00000000},
	{0x10033, 0x000000A1},
	{0x80010000, 0x00000000}, {0x40000000, 0x00000000},
	{0x1003F, 0x000000F8},
	{0x90020000, 0x00000000}, {0x40000000, 0x00000000},
	{0x1003F, 0x000000F8},
	{0x90010001, 0x00000000}, {0x40000000, 0x00000000},
	{0x1003F, 0x000000F8},
	{0x90020001, 0x00000000}, {0x40000000, 0x00000000},
	{0x1003F, 0x000000F8},
	{0x90030001, 0x00000000}, {0x40000000, 0x00000000},
	{0x1003F, 0x000000F8},
	{0x90040001, 0x00000000}, {0x40000000, 0x00000000},
	{0x1003F, 0x000000F8},
	{0x90050001, 0x00000000}, {0x40000000, 0x00000000},
	{0x1003F, 0x000000F8},
	{0x90060001, 0x00000000}, {0x40000000, 0x00000000},
	{0x1003F, 0x000000F8},
	{0x90070001, 0x00000000}, {0x40000000, 0x00000000},
	{0x1003F, 0x000000F8},
	{0x90080001, 0x00000000}, {0x40000000, 0x00000000},
	{0x1003F, 0x000000F8},
	{0x90290001, 0x00000000}, {0x40000000, 0x00000000},
	{0x1003F, 0x000000F8},
	{0x902b0001, 0x00000000}, {0x40000000, 0x00000000},
	{0x1003F, 0x000000F8},
	{0xA0000000, 0x00000000},
	{0x1003F, 0x000000F3},
	{0xB0000000, 0x00000000},
	{0x10033, 0x000000A2},
	{0x80010000, 0x00000000}, {0x40000000, 0x00000000},
	{0x1003F, 0x000000F5},
	{0x90020000, 0x00000000}, {0x40000000, 0x00000000},
	{0x1003F, 0x000000F5},
	{0x90010001, 0x00000000}, {0x40000000, 0x00000000},
	{0x1003F, 0x000000F5},
	{0x90020001, 0x00000000}, {0x40000000, 0x00000000},
	{0x1003F, 0x000000F5},
	{0x90030001, 0x00000000}, {0x40000000, 0x00000000},
	{0x1003F, 0x000000F5},
	{0x90040001, 0x00000000}, {0x40000000, 0x00000000},
	{0x1003F, 0x000000F5},
	{0x90050001, 0x00000000}, {0x40000000, 0x00000000},
	{0x1003F, 0x000000F5},
	{0x90060001, 0x00000000}, {0x40000000, 0x00000000},
	{0x1003F, 0x000000F5},
	{0x90070001, 0x00000000}, {0x40000000, 0x00000000},
	{0x1003F, 0x000000F5},
	{0x90080001, 0x00000000}, {0x40000000, 0x00000000},
	{0x1003F, 0x000000F5},
	{0x90290001, 0x00000000}, {0x40000000, 0x00000000},
	{0x1003F, 0x000000F5},
	{0x902b0001, 0x00000000}, {0x40000000, 0x00000000},
	{0x1003F, 0x000000F5},
	{0xA0000000, 0x00000000},
	{0x1003F, 0x000000F0},
	{0xB0000000, 0x00000000},
	{0x10033, 0x000000A3},
	{0x80010000, 0x00000000}, {0x40000000, 0x00000000},
	{0x1003F, 0x000000F2},
	{0x90020000, 0x00000000}, {0x40000000, 0x00000000},
	{0x1003F, 0x000000F2},
	{0x90010001, 0x00000000}, {0x40000000, 0x00000000},
	{0x1003F, 0x000000F2},
	{0x90020001, 0x00000000}, {0x40000000, 0x00000000},
	{0x1003F, 0x000000F2},
	{0x90030001, 0x00000000}, {0x40000000, 0x00000000},
	{0x1003F, 0x000000F2},
	{0x90040001, 0x00000000}, {0x40000000, 0x00000000},
	{0x1003F, 0x000000F2},
	{0x90050001, 0x00000000}, {0x40000000, 0x00000000},
	{0x1003F, 0x000000F2},
	{0x90060001, 0x00000000}, {0x40000000, 0x00000000},
	{0x1003F, 0x000000F2},
	{0x90070001, 0x00000000}, {0x40000000, 0x00000000},
	{0x1003F, 0x000000F2},
	{0x90080001, 0x00000000}, {0x40000000, 0x00000000},
	{0x1003F, 0x000000F2},
	{0x90290001, 0x00000000}, {0x40000000, 0x00000000},
	{0x1003F, 0x000000F2},
	{0x902b0001, 0x00000000}, {0x40000000, 0x00000000},
	{0x1003F, 0x000000F2},
	{0xA0000000, 0x00000000},
	{0x1003F, 0x000000ED},
	{0xB0000000, 0x00000000},
	{0x10033, 0x000000A4},
	{0x80010000, 0x00000000}, {0x40000000, 0x00000000},
	{0x1003F, 0x000000EF},
	{0x90020000, 0x00000000}, {0x40000000, 0x00000000},
	{0x1003F, 0x000000EF},
	{0x90010001, 0x00000000}, {0x40000000, 0x00000000},
	{0x1003F, 0x000000EF},
	{0x90020001, 0x00000000}, {0x40000000, 0x00000000},
	{0x1003F, 0x000000EF},
	{0x90030001, 0x00000000}, {0x40000000, 0x00000000},
	{0x1003F, 0x000000EF},
	{0x90040001, 0x00000000}, {0x40000000, 0x00000000},
	{0x1003F, 0x000000EF},
	{0x90050001, 0x00000000}, {0x40000000, 0x00000000},
	{0x1003F, 0x000000EF},
	{0x90060001, 0x00000000}, {0x40000000, 0x00000000},
	{0x1003F, 0x000000EF},
	{0x90070001, 0x00000000}, {0x40000000, 0x00000000},
	{0x1003F, 0x000000EF},
	{0x90080001, 0x00000000}, {0x40000000, 0x00000000},
	{0x1003F, 0x000000EF},
	{0x90290001, 0x00000000}, {0x40000000, 0x00000000},
	{0x1003F, 0x000000EF},
	{0x902b0001, 0x00000000}, {0x40000000, 0x00000000},
	{0x1003F, 0x000000EF},
	{0xA0000000, 0x00000000},
	{0x1003F, 0x000000EA},
	{0xB0000000, 0x00000000},
	{0x10033, 0x000000A5},
	{0x80010000, 0x00000000}, {0x40000000, 0x00000000},
	{0x1003F, 0x000000EC},
	{0x90020000, 0x00000000}, {0x40000000, 0x00000000},
	{0x1003F, 0x000000EC},
	{0x90010001, 0x00000000}, {0x40000000, 0x00000000},
	{0x1003F, 0x000000EC},
	{0x90020001, 0x00000000}, {0x40000000, 0x00000000},
	{0x1003F, 0x000000EC},
	{0x90030001, 0x00000000}, {0x40000000, 0x00000000},
	{0x1003F, 0x000000EC},
	{0x90040001, 0x00000000}, {0x40000000, 0x00000000},
	{0x1003F, 0x000000EC},
	{0x90050001, 0x00000000}, {0x40000000, 0x00000000},
	{0x1003F, 0x000000EC},
	{0x90060001, 0x00000000}, {0x40000000, 0x00000000},
	{0x1003F, 0x000000EC},
	{0x90070001, 0x00000000}, {0x40000000, 0x00000000},
	{0x1003F, 0x000000EC},
	{0x90080001, 0x00000000}, {0x40000000, 0x00000000},
	{0x1003F, 0x000000EC},
	{0x90290001, 0x00000000}, {0x40000000, 0x00000000},
	{0x1003F, 0x000000EC},
	{0x902b0001, 0x00000000}, {0x40000000, 0x00000000},
	{0x1003F, 0x000000EC},
	{0xA0000000, 0x00000000},
	{0x1003F, 0x000000E7},
	{0xB0000000, 0x00000000},
	{0x10033, 0x000000A6},
	{0x80010000, 0x00000000}, {0x40000000, 0x00000000},
	{0x1003F, 0x000000AB},
	{0x90020000, 0x00000000}, {0x40000000, 0x00000000},
	{0x1003F, 0x000000AB},
	{0x90010001, 0x00000000}, {0x40000000, 0x00000000},
	{0x1003F, 0x000000AB},
	{0x90020001, 0x00000000}, {0x40000000, 0x00000000},
	{0x1003F, 0x000000AB},
	{0x90030001, 0x00000000}, {0x40000000, 0x00000000},
	{0x1003F, 0x000000AB},
	{0x90040001, 0x00000000}, {0x40000000, 0x00000000},
	{0x1003F, 0x000000AB},
	{0x90050001, 0x00000000}, {0x40000000, 0x00000000},
	{0x1003F, 0x000000AB},
	{0x90060001, 0x00000000}, {0x40000000, 0x00000000},
	{0x1003F, 0x000000AB},
	{0x90070001, 0x00000000}, {0x40000000, 0x00000000},
	{0x1003F, 0x000000AB},
	{0x90080001, 0x00000000}, {0x40000000, 0x00000000},
	{0x1003F, 0x000000AB},
	{0x90290001, 0x00000000}, {0x40000000, 0x00000000},
	{0x1003F, 0x000000AB},
	{0x902b0001, 0x00000000}, {0x40000000, 0x00000000},
	{0x1003F, 0x000000AB},
	{0xA0000000, 0x00000000},
	{0x1003F, 0x000000A6},
	{0xB0000000, 0x00000000},
	{0x10033, 0x000000A7},
	{0x80010000, 0x00000000}, {0x40000000, 0x00000000},
	{0x1003F, 0x000000A8},
	{0x90020000, 0x00000000}, {0x40000000, 0x00000000},
	{0x1003F, 0x000000A8},
	{0x90010001, 0x00000000}, {0x40000000, 0x00000000},
	{0x1003F, 0x000000A8},
	{0x90020001, 0x00000000}, {0x40000000, 0x00000000},
	{0x1003F, 0x000000A8},
	{0x90030001, 0x00000000}, {0x40000000, 0x00000000},
	{0x1003F, 0x000000A8},
	{0x90040001, 0x00000000}, {0x40000000, 0x00000000},
	{0x1003F, 0x000000A8},
	{0x90050001, 0x00000000}, {0x40000000, 0x00000000},
	{0x1003F, 0x000000A8},
	{0x90060001, 0x00000000}, {0x40000000, 0x00000000},
	{0x1003F, 0x000000A8},
	{0x90070001, 0x00000000}, {0x40000000, 0x00000000},
	{0x1003F, 0x000000A8},
	{0x90080001, 0x00000000}, {0x40000000, 0x00000000},
	{0x1003F, 0x000000A8},
	{0x90290001, 0x00000000}, {0x40000000, 0x00000000},
	{0x1003F, 0x000000A8},
	{0x902b0001, 0x00000000}, {0x40000000, 0x00000000},
	{0x1003F, 0x000000A8},
	{0xA0000000, 0x00000000},
	{0x1003F, 0x000000A3},
	{0xB0000000, 0x00000000},
	{0x10033, 0x000000A8},
	{0x80010000, 0x00000000}, {0x40000000, 0x00000000},
	{0x1003F, 0x00000068},
	{0x90020000, 0x00000000}, {0x40000000, 0x00000000},
	{0x1003F, 0x00000068},
	{0x90010001, 0x00000000}, {0x40000000, 0x00000000},
	{0x1003F, 0x00000068},
	{0x90020001, 0x00000000}, {0x40000000, 0x00000000},
	{0x1003F, 0x00000068},
	{0x90030001, 0x00000000}, {0x40000000, 0x00000000},
	{0x1003F, 0x00000068},
	{0x90040001, 0x00000000}, {0x40000000, 0x00000000},
	{0x1003F, 0x00000068},
	{0x90050001, 0x00000000}, {0x40000000, 0x00000000},
	{0x1003F, 0x00000068},
	{0x90060001, 0x00000000}, {0x40000000, 0x00000000},
	{0x1003F, 0x00000068},
	{0x90070001, 0x00000000}, {0x40000000, 0x00000000},
	{0x1003F, 0x00000068},
	{0x90080001, 0x00000000}, {0x40000000, 0x00000000},
	{0x1003F, 0x00000068},
	{0x90290001, 0x00000000}, {0x40000000, 0x00000000},
	{0x1003F, 0x00000068},
	{0x902b0001, 0x00000000}, {0x40000000, 0x00000000},
	{0x1003F, 0x00000068},
	{0xA0000000, 0x00000000},
	{0x1003F, 0x00000063},
	{0xB0000000, 0x00000000},
	{0x10033, 0x000000A9},
	{0x80010000, 0x00000000}, {0x40000000, 0x00000000},
	{0x1003F, 0x00000065},
	{0x90020000, 0x00000000}, {0x40000000, 0x00000000},
	{0x1003F, 0x00000065},
	{0x90010001, 0x00000000}, {0x40000000, 0x00000000},
	{0x1003F, 0x00000065},
	{0x90020001, 0x00000000}, {0x40000000, 0x00000000},
	{0x1003F, 0x00000065},
	{0x90030001, 0x00000000}, {0x40000000, 0x00000000},
	{0x1003F, 0x00000065},
	{0x90040001, 0x00000000}, {0x40000000, 0x00000000},
	{0x1003F, 0x00000065},
	{0x90050001, 0x00000000}, {0x40000000, 0x00000000},
	{0x1003F, 0x00000065},
	{0x90060001, 0x00000000}, {0x40000000, 0x00000000},
	{0x1003F, 0x00000065},
	{0x90070001, 0x00000000}, {0x40000000, 0x00000000},
	{0x1003F, 0x00000065},
	{0x90080001, 0x00000000}, {0x40000000, 0x00000000},
	{0x1003F, 0x00000065},
	{0x90290001, 0x00000000}, {0x40000000, 0x00000000},
	{0x1003F, 0x00000065},
	{0x902b0001, 0x00000000}, {0x40000000, 0x00000000},
	{0x1003F, 0x00000065},
	{0xA0000000, 0x00000000},
	{0x1003F, 0x00000060},
	{0xB0000000, 0x00000000},
	{0x10033, 0x000000AA},
	{0x80010000, 0x00000000}, {0x40000000, 0x00000000},
	{0x1003F, 0x0000002B},
	{0x90020000, 0x00000000}, {0x40000000, 0x00000000},
	{0x1003F, 0x0000002B},
	{0x90010001, 0x00000000}, {0x40000000, 0x00000000},
	{0x1003F, 0x0000002B},
	{0x90020001, 0x00000000}, {0x40000000, 0x00000000},
	{0x1003F, 0x0000002B},
	{0x90030001, 0x00000000}, {0x40000000, 0x00000000},
	{0x1003F, 0x0000002B},
	{0x90040001, 0x00000000}, {0x40000000, 0x00000000},
	{0x1003F, 0x0000002B},
	{0x90050001, 0x00000000}, {0x40000000, 0x00000000},
	{0x1003F, 0x0000002B},
	{0x90060001, 0x00000000}, {0x40000000, 0x00000000},
	{0x1003F, 0x0000002B},
	{0x90070001, 0x00000000}, {0x40000000, 0x00000000},
	{0x1003F, 0x0000002B},
	{0x90080001, 0x00000000}, {0x40000000, 0x00000000},
	{0x1003F, 0x0000002B},
	{0x90290001, 0x00000000}, {0x40000000, 0x00000000},
	{0x1003F, 0x0000002B},
	{0x902b0001, 0x00000000}, {0x40000000, 0x00000000},
	{0x1003F, 0x0000002B},
	{0xA0000000, 0x00000000},
	{0x1003F, 0x00000026},
	{0xB0000000, 0x00000000},
	{0x10033, 0x000000AB},
	{0x80010000, 0x00000000}, {0x40000000, 0x00000000},
	{0x1003F, 0x00000028},
	{0x90020000, 0x00000000}, {0x40000000, 0x00000000},
	{0x1003F, 0x00000028},
	{0x90010001, 0x00000000}, {0x40000000, 0x00000000},
	{0x1003F, 0x00000028},
	{0x90020001, 0x00000000}, {0x40000000, 0x00000000},
	{0x1003F, 0x00000028},
	{0x90030001, 0x00000000}, {0x40000000, 0x00000000},
	{0x1003F, 0x00000028},
	{0x90040001, 0x00000000}, {0x40000000, 0x00000000},
	{0x1003F, 0x00000028},
	{0x90050001, 0x00000000}, {0x40000000, 0x00000000},
	{0x1003F, 0x00000028},
	{0x90060001, 0x00000000}, {0x40000000, 0x00000000},
	{0x1003F, 0x00000028},
	{0x90070001, 0x00000000}, {0x40000000, 0x00000000},
	{0x1003F, 0x00000028},
	{0x90080001, 0x00000000}, {0x40000000, 0x00000000},
	{0x1003F, 0x00000028},
	{0x90290001, 0x00000000}, {0x40000000, 0x00000000},
	{0x1003F, 0x00000028},
	{0x902b0001, 0x00000000}, {0x40000000, 0x00000000},
	{0x1003F, 0x00000028},
	{0xA0000000, 0x00000000},
	{0x1003F, 0x00000023},
	{0xB0000000, 0x00000000},
	{0x10033, 0x000000AC},
	{0x80010000, 0x00000000}, {0x40000000, 0x00000000},
	{0x1003F, 0x00000025},
	{0x90020000, 0x00000000}, {0x40000000, 0x00000000},
	{0x1003F, 0x00000025},
	{0x90010001, 0x00000000}, {0x40000000, 0x00000000},
	{0x1003F, 0x00000025},
	{0x90020001, 0x00000000}, {0x40000000, 0x00000000},
	{0x1003F, 0x00000025},
	{0x90030001, 0x00000000}, {0x40000000, 0x00000000},
	{0x1003F, 0x00000025},
	{0x90040001, 0x00000000}, {0x40000000, 0x00000000},
	{0x1003F, 0x00000025},
	{0x90050001, 0x00000000}, {0x40000000, 0x00000000},
	{0x1003F, 0x00000025},
	{0x90060001, 0x00000000}, {0x40000000, 0x00000000},
	{0x1003F, 0x00000025},
	{0x90070001, 0x00000000}, {0x40000000, 0x00000000},
	{0x1003F, 0x00000025},
	{0x90080001, 0x00000000}, {0x40000000, 0x00000000},
	{0x1003F, 0x00000025},
	{0x90290001, 0x00000000}, {0x40000000, 0x00000000},
	{0x1003F, 0x00000025},
	{0x902b0001, 0x00000000}, {0x40000000, 0x00000000},
	{0x1003F, 0x00000025},
	{0xA0000000, 0x00000000},
	{0x1003F, 0x00000020},
	{0xB0000000, 0x00000000},
	{0x10033, 0x000000AD},
	{0x80010000, 0x00000000}, {0x40000000, 0x00000000},
	{0x1003F, 0x00000022},
	{0x90020000, 0x00000000}, {0x40000000, 0x00000000},
	{0x1003F, 0x00000022},
	{0x90010001, 0x00000000}, {0x40000000, 0x00000000},
	{0x1003F, 0x00000022},
	{0x90020001, 0x00000000}, {0x40000000, 0x00000000},
	{0x1003F, 0x00000022},
	{0x90030001, 0x00000000}, {0x40000000, 0x00000000},
	{0x1003F, 0x00000022},
	{0x90040001, 0x00000000}, {0x40000000, 0x00000000},
	{0x1003F, 0x00000022},
	{0x90050001, 0x00000000}, {0x40000000, 0x00000000},
	{0x1003F, 0x00000022},
	{0x90060001, 0x00000000}, {0x40000000, 0x00000000},
	{0x1003F, 0x00000022},
	{0x90070001, 0x00000000}, {0x40000000, 0x00000000},
	{0x1003F, 0x00000022},
	{0x90080001, 0x00000000}, {0x40000000, 0x00000000},
	{0x1003F, 0x00000022},
	{0x90290001, 0x00000000}, {0x40000000, 0x00000000},
	{0x1003F, 0x00000022},
	{0x902b0001, 0x00000000}, {0x40000000, 0x00000000},
	{0x1003F, 0x00000022},
	{0xA0000000, 0x00000000},
	{0x1003F, 0x0000001D},
	{0xB0000000, 0x00000000},
	{0x10033, 0x000000AE},
	{0x80010000, 0x00000000}, {0x40000000, 0x00000000},
	{0x1003F, 0x0000001F},
	{0x90020000, 0x00000000}, {0x40000000, 0x00000000},
	{0x1003F, 0x0000001F},
	{0x90010001, 0x00000000}, {0x40000000, 0x00000000},
	{0x1003F, 0x0000001F},
	{0x90020001, 0x00000000}, {0x40000000, 0x00000000},
	{0x1003F, 0x0000001F},
	{0x90030001, 0x00000000}, {0x40000000, 0x00000000},
	{0x1003F, 0x0000001F},
	{0x90040001, 0x00000000}, {0x40000000, 0x00000000},
	{0x1003F, 0x0000001F},
	{0x90050001, 0x00000000}, {0x40000000, 0x00000000},
	{0x1003F, 0x0000001F},
	{0x90060001, 0x00000000}, {0x40000000, 0x00000000},
	{0x1003F, 0x0000001F},
	{0x90070001, 0x00000000}, {0x40000000, 0x00000000},
	{0x1003F, 0x0000001F},
	{0x90080001, 0x00000000}, {0x40000000, 0x00000000},
	{0x1003F, 0x0000001F},
	{0x90290001, 0x00000000}, {0x40000000, 0x00000000},
	{0x1003F, 0x0000001F},
	{0x902b0001, 0x00000000}, {0x40000000, 0x00000000},
	{0x1003F, 0x0000001F},
	{0xA0000000, 0x00000000},
	{0x1003F, 0x0000001A},
	{0xB0000000, 0x00000000},
	{0x10033, 0x000000AF},
	{0x80010000, 0x00000000}, {0x40000000, 0x00000000},
	{0x1003F, 0x0000001C},
	{0x90020000, 0x00000000}, {0x40000000, 0x00000000},
	{0x1003F, 0x0000001C},
	{0x90010001, 0x00000000}, {0x40000000, 0x00000000},
	{0x1003F, 0x0000001C},
	{0x90020001, 0x00000000}, {0x40000000, 0x00000000},
	{0x1003F, 0x0000001C},
	{0x90030001, 0x00000000}, {0x40000000, 0x00000000},
	{0x1003F, 0x0000001C},
	{0x90040001, 0x00000000}, {0x40000000, 0x00000000},
	{0x1003F, 0x0000001C},
	{0x90050001, 0x00000000}, {0x40000000, 0x00000000},
	{0x1003F, 0x0000001C},
	{0x90060001, 0x00000000}, {0x40000000, 0x00000000},
	{0x1003F, 0x0000001C},
	{0x90070001, 0x00000000}, {0x40000000, 0x00000000},
	{0x1003F, 0x0000001C},
	{0x90080001, 0x00000000}, {0x40000000, 0x00000000},
	{0x1003F, 0x0000001C},
	{0x90290001, 0x00000000}, {0x40000000, 0x00000000},
	{0x1003F, 0x0000001C},
	{0x902b0001, 0x00000000}, {0x40000000, 0x00000000},
	{0x1003F, 0x0000001C},
	{0xA0000000, 0x00000000},
	{0x1003F, 0x00000017},
	{0xB0000000, 0x00000000},
	{0x10033, 0x000000B0},
	{0x80010000, 0x00000000}, {0x40000000, 0x00000000},
	{0x1003F, 0x00000019},
	{0x90020000, 0x00000000}, {0x40000000, 0x00000000},
	{0x1003F, 0x00000019},
	{0x90010001, 0x00000000}, {0x40000000, 0x00000000},
	{0x1003F, 0x00000019},
	{0x90020001, 0x00000000}, {0x40000000, 0x00000000},
	{0x1003F, 0x00000019},
	{0x90030001, 0x00000000}, {0x40000000, 0x00000000},
	{0x1003F, 0x00000019},
	{0x90040001, 0x00000000}, {0x40000000, 0x00000000},
	{0x1003F, 0x00000019},
	{0x90050001, 0x00000000}, {0x40000000, 0x00000000},
	{0x1003F, 0x00000019},
	{0x90060001, 0x00000000}, {0x40000000, 0x00000000},
	{0x1003F, 0x00000019},
	{0x90070001, 0x00000000}, {0x40000000, 0x00000000},
	{0x1003F, 0x00000019},
	{0x90080001, 0x00000000}, {0x40000000, 0x00000000},
	{0x1003F, 0x00000019},
	{0x90290001, 0x00000000}, {0x40000000, 0x00000000},
	{0x1003F, 0x00000019},
	{0x902b0001, 0x00000000}, {0x40000000, 0x00000000},
	{0x1003F, 0x00000019},
	{0xA0000000, 0x00000000},
	{0x1003F, 0x00000014},
	{0xB0000000, 0x00000000},
	{0x10033, 0x000000C0},
	{0x80010000, 0x00000000}, {0x40000000, 0x00000000},
	{0x1003F, 0x000000FB},
	{0x90020000, 0x00000000}, {0x40000000, 0x00000000},
	{0x1003F, 0x000000FB},
	{0x90010001, 0x00000000}, {0x40000000, 0x00000000},
	{0x1003F, 0x000000FB},
	{0x90020001, 0x00000000}, {0x40000000, 0x00000000},
	{0x1003F, 0x000000FB},
	{0x90030001, 0x00000000}, {0x40000000, 0x00000000},
	{0x1003F, 0x000000FB},
	{0x90040001, 0x00000000}, {0x40000000, 0x00000000},
	{0x1003F, 0x000000FB},
	{0x90050001, 0x00000000}, {0x40000000, 0x00000000},
	{0x1003F, 0x000000FB},
	{0x90060001, 0x00000000}, {0x40000000, 0x00000000},
	{0x1003F, 0x000000FB},
	{0x90070001, 0x00000000}, {0x40000000, 0x00000000},
	{0x1003F, 0x000000FB},
	{0x90080001, 0x00000000}, {0x40000000, 0x00000000},
	{0x1003F, 0x000000FB},
	{0x90290001, 0x00000000}, {0x40000000, 0x00000000},
	{0x1003F, 0x000000FB},
	{0x902b0001, 0x00000000}, {0x40000000, 0x00000000},
	{0x1003F, 0x000000FB},
	{0xA0000000, 0x00000000},
	{0x1003F, 0x000000F6},
	{0xB0000000, 0x00000000},
	{0x10033, 0x000000C1},
	{0x80010000, 0x00000000}, {0x40000000, 0x00000000},
	{0x1003F, 0x000000F8},
	{0x90020000, 0x00000000}, {0x40000000, 0x00000000},
	{0x1003F, 0x000000F8},
	{0x90010001, 0x00000000}, {0x40000000, 0x00000000},
	{0x1003F, 0x000000F8},
	{0x90020001, 0x00000000}, {0x40000000, 0x00000000},
	{0x1003F, 0x000000F8},
	{0x90030001, 0x00000000}, {0x40000000, 0x00000000},
	{0x1003F, 0x000000F8},
	{0x90040001, 0x00000000}, {0x40000000, 0x00000000},
	{0x1003F, 0x000000F8},
	{0x90050001, 0x00000000}, {0x40000000, 0x00000000},
	{0x1003F, 0x000000F8},
	{0x90060001, 0x00000000}, {0x40000000, 0x00000000},
	{0x1003F, 0x000000F8},
	{0x90070001, 0x00000000}, {0x40000000, 0x00000000},
	{0x1003F, 0x000000F8},
	{0x90080001, 0x00000000}, {0x40000000, 0x00000000},
	{0x1003F, 0x000000F8},
	{0x90290001, 0x00000000}, {0x40000000, 0x00000000},
	{0x1003F, 0x000000F8},
	{0x902b0001, 0x00000000}, {0x40000000, 0x00000000},
	{0x1003F, 0x000000F8},
	{0xA0000000, 0x00000000},
	{0x1003F, 0x000000F3},
	{0xB0000000, 0x00000000},
	{0x10033, 0x000000C2},
	{0x80010000, 0x00000000}, {0x40000000, 0x00000000},
	{0x1003F, 0x000000F5},
	{0x90020000, 0x00000000}, {0x40000000, 0x00000000},
	{0x1003F, 0x000000F5},
	{0x90010001, 0x00000000}, {0x40000000, 0x00000000},
	{0x1003F, 0x000000F5},
	{0x90020001, 0x00000000}, {0x40000000, 0x00000000},
	{0x1003F, 0x000000F5},
	{0x90030001, 0x00000000}, {0x40000000, 0x00000000},
	{0x1003F, 0x000000F5},
	{0x90040001, 0x00000000}, {0x40000000, 0x00000000},
	{0x1003F, 0x000000F5},
	{0x90050001, 0x00000000}, {0x40000000, 0x00000000},
	{0x1003F, 0x000000F5},
	{0x90060001, 0x00000000}, {0x40000000, 0x00000000},
	{0x1003F, 0x000000F5},
	{0x90070001, 0x00000000}, {0x40000000, 0x00000000},
	{0x1003F, 0x000000F5},
	{0x90080001, 0x00000000}, {0x40000000, 0x00000000},
	{0x1003F, 0x000000F5},
	{0x90290001, 0x00000000}, {0x40000000, 0x00000000},
	{0x1003F, 0x000000F5},
	{0x902b0001, 0x00000000}, {0x40000000, 0x00000000},
	{0x1003F, 0x000000F5},
	{0xA0000000, 0x00000000},
	{0x1003F, 0x000000F0},
	{0xB0000000, 0x00000000},
	{0x10033, 0x000000C3},
	{0x80010000, 0x00000000}, {0x40000000, 0x00000000},
	{0x1003F, 0x000000F2},
	{0x90020000, 0x00000000}, {0x40000000, 0x00000000},
	{0x1003F, 0x000000F2},
	{0x90010001, 0x00000000}, {0x40000000, 0x00000000},
	{0x1003F, 0x000000F2},
	{0x90020001, 0x00000000}, {0x40000000, 0x00000000},
	{0x1003F, 0x000000F2},
	{0x90030001, 0x00000000}, {0x40000000, 0x00000000},
	{0x1003F, 0x000000F2},
	{0x90040001, 0x00000000}, {0x40000000, 0x00000000},
	{0x1003F, 0x000000F2},
	{0x90050001, 0x00000000}, {0x40000000, 0x00000000},
	{0x1003F, 0x000000F2},
	{0x90060001, 0x00000000}, {0x40000000, 0x00000000},
	{0x1003F, 0x000000F2},
	{0x90070001, 0x00000000}, {0x40000000, 0x00000000},
	{0x1003F, 0x000000F2},
	{0x90080001, 0x00000000}, {0x40000000, 0x00000000},
	{0x1003F, 0x000000F2},
	{0x90290001, 0x00000000}, {0x40000000, 0x00000000},
	{0x1003F, 0x000000F2},
	{0x902b0001, 0x00000000}, {0x40000000, 0x00000000},
	{0x1003F, 0x000000F2},
	{0xA0000000, 0x00000000},
	{0x1003F, 0x000000ED},
	{0xB0000000, 0x00000000},
	{0x10033, 0x000000C4},
	{0x80010000, 0x00000000}, {0x40000000, 0x00000000},
	{0x1003F, 0x000000EF},
	{0x90020000, 0x00000000}, {0x40000000, 0x00000000},
	{0x1003F, 0x000000EF},
	{0x90010001, 0x00000000}, {0x40000000, 0x00000000},
	{0x1003F, 0x000000EF},
	{0x90020001, 0x00000000}, {0x40000000, 0x00000000},
	{0x1003F, 0x000000EF},
	{0x90030001, 0x00000000}, {0x40000000, 0x00000000},
	{0x1003F, 0x000000EF},
	{0x90040001, 0x00000000}, {0x40000000, 0x00000000},
	{0x1003F, 0x000000EF},
	{0x90050001, 0x00000000}, {0x40000000, 0x00000000},
	{0x1003F, 0x000000EF},
	{0x90060001, 0x00000000}, {0x40000000, 0x00000000},
	{0x1003F, 0x000000EF},
	{0x90070001, 0x00000000}, {0x40000000, 0x00000000},
	{0x1003F, 0x000000EF},
	{0x90080001, 0x00000000}, {0x40000000, 0x00000000},
	{0x1003F, 0x000000EF},
	{0x90290001, 0x00000000}, {0x40000000, 0x00000000},
	{0x1003F, 0x000000EF},
	{0x902b0001, 0x00000000}, {0x40000000, 0x00000000},
	{0x1003F, 0x000000EF},
	{0xA0000000, 0x00000000},
	{0x1003F, 0x000000EA},
	{0xB0000000, 0x00000000},
	{0x10033, 0x000000C5},
	{0x80010000, 0x00000000}, {0x40000000, 0x00000000},
	{0x1003F, 0x000000EC},
	{0x90020000, 0x00000000}, {0x40000000, 0x00000000},
	{0x1003F, 0x000000EC},
	{0x90010001, 0x00000000}, {0x40000000, 0x00000000},
	{0x1003F, 0x000000EC},
	{0x90020001, 0x00000000}, {0x40000000, 0x00000000},
	{0x1003F, 0x000000EC},
	{0x90030001, 0x00000000}, {0x40000000, 0x00000000},
	{0x1003F, 0x000000EC},
	{0x90040001, 0x00000000}, {0x40000000, 0x00000000},
	{0x1003F, 0x000000EC},
	{0x90050001, 0x00000000}, {0x40000000, 0x00000000},
	{0x1003F, 0x000000EC},
	{0x90060001, 0x00000000}, {0x40000000, 0x00000000},
	{0x1003F, 0x000000EC},
	{0x90070001, 0x00000000}, {0x40000000, 0x00000000},
	{0x1003F, 0x000000EC},
	{0x90080001, 0x00000000}, {0x40000000, 0x00000000},
	{0x1003F, 0x000000EC},
	{0x90290001, 0x00000000}, {0x40000000, 0x00000000},
	{0x1003F, 0x000000EC},
	{0x902b0001, 0x00000000}, {0x40000000, 0x00000000},
	{0x1003F, 0x000000EC},
	{0xA0000000, 0x00000000},
	{0x1003F, 0x000000E7},
	{0xB0000000, 0x00000000},
	{0x10033, 0x000000C6},
	{0x80010000, 0x00000000}, {0x40000000, 0x00000000},
	{0x1003F, 0x000000AB},
	{0x90020000, 0x00000000}, {0x40000000, 0x00000000},
	{0x1003F, 0x000000AB},
	{0x90010001, 0x00000000}, {0x40000000, 0x00000000},
	{0x1003F, 0x000000AB},
	{0x90020001, 0x00000000}, {0x40000000, 0x00000000},
	{0x1003F, 0x000000AB},
	{0x90030001, 0x00000000}, {0x40000000, 0x00000000},
	{0x1003F, 0x000000AB},
	{0x90040001, 0x00000000}, {0x40000000, 0x00000000},
	{0x1003F, 0x000000AB},
	{0x90050001, 0x00000000}, {0x40000000, 0x00000000},
	{0x1003F, 0x000000AB},
	{0x90060001, 0x00000000}, {0x40000000, 0x00000000},
	{0x1003F, 0x000000AB},
	{0x90070001, 0x00000000}, {0x40000000, 0x00000000},
	{0x1003F, 0x000000AB},
	{0x90080001, 0x00000000}, {0x40000000, 0x00000000},
	{0x1003F, 0x000000AB},
	{0x90290001, 0x00000000}, {0x40000000, 0x00000000},
	{0x1003F, 0x000000AB},
	{0x902b0001, 0x00000000}, {0x40000000, 0x00000000},
	{0x1003F, 0x000000AB},
	{0xA0000000, 0x00000000},
	{0x1003F, 0x000000A6},
	{0xB0000000, 0x00000000},
	{0x10033, 0x000000C7},
	{0x80010000, 0x00000000}, {0x40000000, 0x00000000},
	{0x1003F, 0x000000A8},
	{0x90020000, 0x00000000}, {0x40000000, 0x00000000},
	{0x1003F, 0x000000A8},
	{0x90010001, 0x00000000}, {0x40000000, 0x00000000},
	{0x1003F, 0x000000A8},
	{0x90020001, 0x00000000}, {0x40000000, 0x00000000},
	{0x1003F, 0x000000A8},
	{0x90030001, 0x00000000}, {0x40000000, 0x00000000},
	{0x1003F, 0x000000A8},
	{0x90040001, 0x00000000}, {0x40000000, 0x00000000},
	{0x1003F, 0x000000A8},
	{0x90050001, 0x00000000}, {0x40000000, 0x00000000},
	{0x1003F, 0x000000A8},
	{0x90060001, 0x00000000}, {0x40000000, 0x00000000},
	{0x1003F, 0x000000A8},
	{0x90070001, 0x00000000}, {0x40000000, 0x00000000},
	{0x1003F, 0x000000A8},
	{0x90080001, 0x00000000}, {0x40000000, 0x00000000},
	{0x1003F, 0x000000A8},
	{0x90290001, 0x00000000}, {0x40000000, 0x00000000},
	{0x1003F, 0x000000A8},
	{0x902b0001, 0x00000000}, {0x40000000, 0x00000000},
	{0x1003F, 0x000000A8},
	{0xA0000000, 0x00000000},
	{0x1003F, 0x000000A3},
	{0xB0000000, 0x00000000},
	{0x10033, 0x000000C8},
	{0x80010000, 0x00000000}, {0x40000000, 0x00000000},
	{0x1003F, 0x00000068},
	{0x90020000, 0x00000000}, {0x40000000, 0x00000000},
	{0x1003F, 0x00000068},
	{0x90010001, 0x00000000}, {0x40000000, 0x00000000},
	{0x1003F, 0x00000068},
	{0x90020001, 0x00000000}, {0x40000000, 0x00000000},
	{0x1003F, 0x00000068},
	{0x90030001, 0x00000000}, {0x40000000, 0x00000000},
	{0x1003F, 0x00000068},
	{0x90040001, 0x00000000}, {0x40000000, 0x00000000},
	{0x1003F, 0x00000068},
	{0x90050001, 0x00000000}, {0x40000000, 0x00000000},
	{0x1003F, 0x00000068},
	{0x90060001, 0x00000000}, {0x40000000, 0x00000000},
	{0x1003F, 0x00000068},
	{0x90070001, 0x00000000}, {0x40000000, 0x00000000},
	{0x1003F, 0x00000068},
	{0x90080001, 0x00000000}, {0x40000000, 0x00000000},
	{0x1003F, 0x00000068},
	{0x90290001, 0x00000000}, {0x40000000, 0x00000000},
	{0x1003F, 0x00000068},
	{0x902b0001, 0x00000000}, {0x40000000, 0x00000000},
	{0x1003F, 0x00000068},
	{0xA0000000, 0x00000000},
	{0x1003F, 0x00000063},
	{0xB0000000, 0x00000000},
	{0x10033, 0x000000C9},
	{0x80010000, 0x00000000}, {0x40000000, 0x00000000},
	{0x1003F, 0x00000065},
	{0x90020000, 0x00000000}, {0x40000000, 0x00000000},
	{0x1003F, 0x00000065},
	{0x90010001, 0x00000000}, {0x40000000, 0x00000000},
	{0x1003F, 0x00000065},
	{0x90020001, 0x00000000}, {0x40000000, 0x00000000},
	{0x1003F, 0x00000065},
	{0x90030001, 0x00000000}, {0x40000000, 0x00000000},
	{0x1003F, 0x00000065},
	{0x90040001, 0x00000000}, {0x40000000, 0x00000000},
	{0x1003F, 0x00000065},
	{0x90050001, 0x00000000}, {0x40000000, 0x00000000},
	{0x1003F, 0x00000065},
	{0x90060001, 0x00000000}, {0x40000000, 0x00000000},
	{0x1003F, 0x00000065},
	{0x90070001, 0x00000000}, {0x40000000, 0x00000000},
	{0x1003F, 0x00000065},
	{0x90080001, 0x00000000}, {0x40000000, 0x00000000},
	{0x1003F, 0x00000065},
	{0x90290001, 0x00000000}, {0x40000000, 0x00000000},
	{0x1003F, 0x00000065},
	{0x902b0001, 0x00000000}, {0x40000000, 0x00000000},
	{0x1003F, 0x00000065},
	{0xA0000000, 0x00000000},
	{0x1003F, 0x00000060},
	{0xB0000000, 0x00000000},
	{0x10033, 0x000000CA},
	{0x80010000, 0x00000000}, {0x40000000, 0x00000000},
	{0x1003F, 0x0000002B},
	{0x90020000, 0x00000000}, {0x40000000, 0x00000000},
	{0x1003F, 0x0000002B},
	{0x90010001, 0x00000000}, {0x40000000, 0x00000000},
	{0x1003F, 0x0000002B},
	{0x90020001, 0x00000000}, {0x40000000, 0x00000000},
	{0x1003F, 0x0000002B},
	{0x90030001, 0x00000000}, {0x40000000, 0x00000000},
	{0x1003F, 0x0000002B},
	{0x90040001, 0x00000000}, {0x40000000, 0x00000000},
	{0x1003F, 0x0000002B},
	{0x90050001, 0x00000000}, {0x40000000, 0x00000000},
	{0x1003F, 0x0000002B},
	{0x90060001, 0x00000000}, {0x40000000, 0x00000000},
	{0x1003F, 0x0000002B},
	{0x90070001, 0x00000000}, {0x40000000, 0x00000000},
	{0x1003F, 0x0000002B},
	{0x90080001, 0x00000000}, {0x40000000, 0x00000000},
	{0x1003F, 0x0000002B},
	{0x90290001, 0x00000000}, {0x40000000, 0x00000000},
	{0x1003F, 0x0000002B},
	{0x902b0001, 0x00000000}, {0x40000000, 0x00000000},
	{0x1003F, 0x0000002B},
	{0xA0000000, 0x00000000},
	{0x1003F, 0x00000026},
	{0xB0000000, 0x00000000},
	{0x10033, 0x000000CB},
	{0x80010000, 0x00000000}, {0x40000000, 0x00000000},
	{0x1003F, 0x00000028},
	{0x90020000, 0x00000000}, {0x40000000, 0x00000000},
	{0x1003F, 0x00000028},
	{0x90010001, 0x00000000}, {0x40000000, 0x00000000},
	{0x1003F, 0x00000028},
	{0x90020001, 0x00000000}, {0x40000000, 0x00000000},
	{0x1003F, 0x00000028},
	{0x90030001, 0x00000000}, {0x40000000, 0x00000000},
	{0x1003F, 0x00000028},
	{0x90040001, 0x00000000}, {0x40000000, 0x00000000},
	{0x1003F, 0x00000028},
	{0x90050001, 0x00000000}, {0x40000000, 0x00000000},
	{0x1003F, 0x00000028},
	{0x90060001, 0x00000000}, {0x40000000, 0x00000000},
	{0x1003F, 0x00000028},
	{0x90070001, 0x00000000}, {0x40000000, 0x00000000},
	{0x1003F, 0x00000028},
	{0x90080001, 0x00000000}, {0x40000000, 0x00000000},
	{0x1003F, 0x00000028},
	{0x90290001, 0x00000000}, {0x40000000, 0x00000000},
	{0x1003F, 0x00000028},
	{0x902b0001, 0x00000000}, {0x40000000, 0x00000000},
	{0x1003F, 0x00000028},
	{0xA0000000, 0x00000000},
	{0x1003F, 0x00000023},
	{0xB0000000, 0x00000000},
	{0x10033, 0x000000CC},
	{0x80010000, 0x00000000}, {0x40000000, 0x00000000},
	{0x1003F, 0x00000025},
	{0x90020000, 0x00000000}, {0x40000000, 0x00000000},
	{0x1003F, 0x00000025},
	{0x90010001, 0x00000000}, {0x40000000, 0x00000000},
	{0x1003F, 0x00000025},
	{0x90020001, 0x00000000}, {0x40000000, 0x00000000},
	{0x1003F, 0x00000025},
	{0x90030001, 0x00000000}, {0x40000000, 0x00000000},
	{0x1003F, 0x00000025},
	{0x90040001, 0x00000000}, {0x40000000, 0x00000000},
	{0x1003F, 0x00000025},
	{0x90050001, 0x00000000}, {0x40000000, 0x00000000},
	{0x1003F, 0x00000025},
	{0x90060001, 0x00000000}, {0x40000000, 0x00000000},
	{0x1003F, 0x00000025},
	{0x90070001, 0x00000000}, {0x40000000, 0x00000000},
	{0x1003F, 0x00000025},
	{0x90080001, 0x00000000}, {0x40000000, 0x00000000},
	{0x1003F, 0x00000025},
	{0x90290001, 0x00000000}, {0x40000000, 0x00000000},
	{0x1003F, 0x00000025},
	{0x902b0001, 0x00000000}, {0x40000000, 0x00000000},
	{0x1003F, 0x00000025},
	{0xA0000000, 0x00000000},
	{0x1003F, 0x00000020},
	{0xB0000000, 0x00000000},
	{0x10033, 0x000000CD},
	{0x80010000, 0x00000000}, {0x40000000, 0x00000000},
	{0x1003F, 0x00000022},
	{0x90020000, 0x00000000}, {0x40000000, 0x00000000},
	{0x1003F, 0x00000022},
	{0x90010001, 0x00000000}, {0x40000000, 0x00000000},
	{0x1003F, 0x00000022},
	{0x90020001, 0x00000000}, {0x40000000, 0x00000000},
	{0x1003F, 0x00000022},
	{0x90030001, 0x00000000}, {0x40000000, 0x00000000},
	{0x1003F, 0x00000022},
	{0x90040001, 0x00000000}, {0x40000000, 0x00000000},
	{0x1003F, 0x00000022},
	{0x90050001, 0x00000000}, {0x40000000, 0x00000000},
	{0x1003F, 0x00000022},
	{0x90060001, 0x00000000}, {0x40000000, 0x00000000},
	{0x1003F, 0x00000022},
	{0x90070001, 0x00000000}, {0x40000000, 0x00000000},
	{0x1003F, 0x00000022},
	{0x90080001, 0x00000000}, {0x40000000, 0x00000000},
	{0x1003F, 0x00000022},
	{0x90290001, 0x00000000}, {0x40000000, 0x00000000},
	{0x1003F, 0x00000022},
	{0x902b0001, 0x00000000}, {0x40000000, 0x00000000},
	{0x1003F, 0x00000022},
	{0xA0000000, 0x00000000},
	{0x1003F, 0x0000001D},
	{0xB0000000, 0x00000000},
	{0x10033, 0x000000CE},
	{0x80010000, 0x00000000}, {0x40000000, 0x00000000},
	{0x1003F, 0x0000001F},
	{0x90020000, 0x00000000}, {0x40000000, 0x00000000},
	{0x1003F, 0x0000001F},
	{0x90010001, 0x00000000}, {0x40000000, 0x00000000},
	{0x1003F, 0x0000001F},
	{0x90020001, 0x00000000}, {0x40000000, 0x00000000},
	{0x1003F, 0x0000001F},
	{0x90030001, 0x00000000}, {0x40000000, 0x00000000},
	{0x1003F, 0x0000001F},
	{0x90040001, 0x00000000}, {0x40000000, 0x00000000},
	{0x1003F, 0x0000001F},
	{0x90050001, 0x00000000}, {0x40000000, 0x00000000},
	{0x1003F, 0x0000001F},
	{0x90060001, 0x00000000}, {0x40000000, 0x00000000},
	{0x1003F, 0x0000001F},
	{0x90070001, 0x00000000}, {0x40000000, 0x00000000},
	{0x1003F, 0x0000001F},
	{0x90080001, 0x00000000}, {0x40000000, 0x00000000},
	{0x1003F, 0x0000001F},
	{0x90290001, 0x00000000}, {0x40000000, 0x00000000},
	{0x1003F, 0x0000001F},
	{0x902b0001, 0x00000000}, {0x40000000, 0x00000000},
	{0x1003F, 0x0000001F},
	{0xA0000000, 0x00000000},
	{0x1003F, 0x0000001A},
	{0xB0000000, 0x00000000},
	{0x10033, 0x000000CF},
	{0x80010000, 0x00000000}, {0x40000000, 0x00000000},
	{0x1003F, 0x0000001C},
	{0x90020000, 0x00000000}, {0x40000000, 0x00000000},
	{0x1003F, 0x0000001C},
	{0x90010001, 0x00000000}, {0x40000000, 0x00000000},
	{0x1003F, 0x0000001C},
	{0x90020001, 0x00000000}, {0x40000000, 0x00000000},
	{0x1003F, 0x0000001C},
	{0x90030001, 0x00000000}, {0x40000000, 0x00000000},
	{0x1003F, 0x0000001C},
	{0x90040001, 0x00000000}, {0x40000000, 0x00000000},
	{0x1003F, 0x0000001C},
	{0x90050001, 0x00000000}, {0x40000000, 0x00000000},
	{0x1003F, 0x0000001C},
	{0x90060001, 0x00000000}, {0x40000000, 0x00000000},
	{0x1003F, 0x0000001C},
	{0x90070001, 0x00000000}, {0x40000000, 0x00000000},
	{0x1003F, 0x0000001C},
	{0x90080001, 0x00000000}, {0x40000000, 0x00000000},
	{0x1003F, 0x0000001C},
	{0x90290001, 0x00000000}, {0x40000000, 0x00000000},
	{0x1003F, 0x0000001C},
	{0x902b0001, 0x00000000}, {0x40000000, 0x00000000},
	{0x1003F, 0x0000001C},
	{0xA0000000, 0x00000000},
	{0x1003F, 0x00000017},
	{0xB0000000, 0x00000000},
	{0x10033, 0x000000D0},
	{0x80010000, 0x00000000}, {0x40000000, 0x00000000},
	{0x1003F, 0x00000019},
	{0x90020000, 0x00000000}, {0x40000000, 0x00000000},
	{0x1003F, 0x00000019},
	{0x90010001, 0x00000000}, {0x40000000, 0x00000000},
	{0x1003F, 0x00000019},
	{0x90020001, 0x00000000}, {0x40000000, 0x00000000},
	{0x1003F, 0x00000019},
	{0x90030001, 0x00000000}, {0x40000000, 0x00000000},
	{0x1003F, 0x00000019},
	{0x90040001, 0x00000000}, {0x40000000, 0x00000000},
	{0x1003F, 0x00000019},
	{0x90050001, 0x00000000}, {0x40000000, 0x00000000},
	{0x1003F, 0x00000019},
	{0x90060001, 0x00000000}, {0x40000000, 0x00000000},
	{0x1003F, 0x00000019},
	{0x90070001, 0x00000000}, {0x40000000, 0x00000000},
	{0x1003F, 0x00000019},
	{0x90080001, 0x00000000}, {0x40000000, 0x00000000},
	{0x1003F, 0x00000019},
	{0x90290001, 0x00000000}, {0x40000000, 0x00000000},
	{0x1003F, 0x00000019},
	{0x902b0001, 0x00000000}, {0x40000000, 0x00000000},
	{0x1003F, 0x00000019},
	{0xA0000000, 0x00000000},
	{0x1003F, 0x00000014},
	{0xB0000000, 0x00000000},
	{0x100EE, 0x00000000},
	{0x100EE, 0x00004000},
	{0x10033, 0x00000080},
	{0x1003F, 0x000001A9},
	{0x10033, 0x00000081},
	{0x1003F, 0x000001A3},
	{0x10033, 0x00000082},
	{0x1003F, 0x0000019D},
	{0x10033, 0x00000083},
	{0x1003F, 0x00000197},
	{0x10033, 0x00000084},
	{0x80010000, 0x00000000}, {0x40000000, 0x00000000},
	{0x1003F, 0x00000158},
	{0x90020000, 0x00000000}, {0x40000000, 0x00000000},
	{0x1003F, 0x00000158},
	{0x90010001, 0x00000000}, {0x40000000, 0x00000000},
	{0x1003F, 0x00000158},
	{0x90020001, 0x00000000}, {0x40000000, 0x00000000},
	{0x1003F, 0x00000158},
	{0x90030001, 0x00000000}, {0x40000000, 0x00000000},
	{0x1003F, 0x00000158},
	{0x90040001, 0x00000000}, {0x40000000, 0x00000000},
	{0x1003F, 0x00000158},
	{0x90050001, 0x00000000}, {0x40000000, 0x00000000},
	{0x1003F, 0x00000158},
	{0x90060001, 0x00000000}, {0x40000000, 0x00000000},
	{0x1003F, 0x00000158},
	{0x90070001, 0x00000000}, {0x40000000, 0x00000000},
	{0x1003F, 0x00000158},
	{0x90080001, 0x00000000}, {0x40000000, 0x00000000},
	{0x1003F, 0x00000158},
	{0x90290001, 0x00000000}, {0x40000000, 0x00000000},
	{0x1003F, 0x00000158},
	{0x902b0001, 0x00000000}, {0x40000000, 0x00000000},
	{0x1003F, 0x00000158},
	{0xA0000000, 0x00000000},
	{0x1003F, 0x00000191},
	{0xB0000000, 0x00000000},
	{0x10033, 0x00000085},
	{0x80010000, 0x00000000}, {0x40000000, 0x00000000},
	{0x1003F, 0x0000011F},
	{0x90020000, 0x00000000}, {0x40000000, 0x00000000},
	{0x1003F, 0x0000011F},
	{0x90010001, 0x00000000}, {0x40000000, 0x00000000},
	{0x1003F, 0x0000011F},
	{0x90020001, 0x00000000}, {0x40000000, 0x00000000},
	{0x1003F, 0x0000011F},
	{0x90030001, 0x00000000}, {0x40000000, 0x00000000},
	{0x1003F, 0x0000011F},
	{0x90040001, 0x00000000}, {0x40000000, 0x00000000},
	{0x1003F, 0x0000011F},
	{0x90050001, 0x00000000}, {0x40000000, 0x00000000},
	{0x1003F, 0x0000011F},
	{0x90060001, 0x00000000}, {0x40000000, 0x00000000},
	{0x1003F, 0x0000011F},
	{0x90070001, 0x00000000}, {0x40000000, 0x00000000},
	{0x1003F, 0x0000011F},
	{0x90080001, 0x00000000}, {0x40000000, 0x00000000},
	{0x1003F, 0x0000011F},
	{0x90290001, 0x00000000}, {0x40000000, 0x00000000},
	{0x1003F, 0x0000011F},
	{0x902b0001, 0x00000000}, {0x40000000, 0x00000000},
	{0x1003F, 0x0000011F},
	{0xA0000000, 0x00000000},
	{0x1003F, 0x0000018B},
	{0xB0000000, 0x00000000},
	{0x10033, 0x00000086},
	{0x80010000, 0x00000000}, {0x40000000, 0x00000000},
	{0x1003F, 0x00000119},
	{0x90020000, 0x00000000}, {0x40000000, 0x00000000},
	{0x1003F, 0x00000119},
	{0x90010001, 0x00000000}, {0x40000000, 0x00000000},
	{0x1003F, 0x00000119},
	{0x90020001, 0x00000000}, {0x40000000, 0x00000000},
	{0x1003F, 0x00000119},
	{0x90030001, 0x00000000}, {0x40000000, 0x00000000},
	{0x1003F, 0x00000119},
	{0x90040001, 0x00000000}, {0x40000000, 0x00000000},
	{0x1003F, 0x00000119},
	{0x90050001, 0x00000000}, {0x40000000, 0x00000000},
	{0x1003F, 0x00000119},
	{0x90060001, 0x00000000}, {0x40000000, 0x00000000},
	{0x1003F, 0x00000119},
	{0x90070001, 0x00000000}, {0x40000000, 0x00000000},
	{0x1003F, 0x00000119},
	{0x90080001, 0x00000000}, {0x40000000, 0x00000000},
	{0x1003F, 0x00000119},
	{0x90290001, 0x00000000}, {0x40000000, 0x00000000},
	{0x1003F, 0x00000119},
	{0x902b0001, 0x00000000}, {0x40000000, 0x00000000},
	{0x1003F, 0x00000119},
	{0xA0000000, 0x00000000},
	{0x1003F, 0x0000014D},
	{0xB0000000, 0x00000000},
	{0x10033, 0x00000087},
	{0x80010000, 0x00000000}, {0x40000000, 0x00000000},
	{0x1003F, 0x000000DF},
	{0x90020000, 0x00000000}, {0x40000000, 0x00000000},
	{0x1003F, 0x000000DF},
	{0x90010001, 0x00000000}, {0x40000000, 0x00000000},
	{0x1003F, 0x000000DF},
	{0x90020001, 0x00000000}, {0x40000000, 0x00000000},
	{0x1003F, 0x000000DF},
	{0x90030001, 0x00000000}, {0x40000000, 0x00000000},
	{0x1003F, 0x000000DF},
	{0x90040001, 0x00000000}, {0x40000000, 0x00000000},
	{0x1003F, 0x000000DF},
	{0x90050001, 0x00000000}, {0x40000000, 0x00000000},
	{0x1003F, 0x000000DF},
	{0x90060001, 0x00000000}, {0x40000000, 0x00000000},
	{0x1003F, 0x000000DF},
	{0x90070001, 0x00000000}, {0x40000000, 0x00000000},
	{0x1003F, 0x000000DF},
	{0x90080001, 0x00000000}, {0x40000000, 0x00000000},
	{0x1003F, 0x000000DF},
	{0x90290001, 0x00000000}, {0x40000000, 0x00000000},
	{0x1003F, 0x000000DF},
	{0x902b0001, 0x00000000}, {0x40000000, 0x00000000},
	{0x1003F, 0x000000DF},
	{0xA0000000, 0x00000000},
	{0x1003F, 0x0000010B},
	{0xB0000000, 0x00000000},
	{0x10033, 0x00000088},
	{0x80010000, 0x00000000}, {0x40000000, 0x00000000},
	{0x1003F, 0x000000D9},
	{0x90020000, 0x00000000}, {0x40000000, 0x00000000},
	{0x1003F, 0x000000D9},
	{0x90010001, 0x00000000}, {0x40000000, 0x00000000},
	{0x1003F, 0x000000D9},
	{0x90020001, 0x00000000}, {0x40000000, 0x00000000},
	{0x1003F, 0x000000D9},
	{0x90030001, 0x00000000}, {0x40000000, 0x00000000},
	{0x1003F, 0x000000D9},
	{0x90040001, 0x00000000}, {0x40000000, 0x00000000},
	{0x1003F, 0x000000D9},
	{0x90050001, 0x00000000}, {0x40000000, 0x00000000},
	{0x1003F, 0x000000D9},
	{0x90060001, 0x00000000}, {0x40000000, 0x00000000},
	{0x1003F, 0x000000D9},
	{0x90070001, 0x00000000}, {0x40000000, 0x00000000},
	{0x1003F, 0x000000D9},
	{0x90080001, 0x00000000}, {0x40000000, 0x00000000},
	{0x1003F, 0x000000D9},
	{0x90290001, 0x00000000}, {0x40000000, 0x00000000},
	{0x1003F, 0x000000D9},
	{0x902b0001, 0x00000000}, {0x40000000, 0x00000000},
	{0x1003F, 0x000000D9},
	{0xA0000000, 0x00000000},
	{0x1003F, 0x000000DF},
	{0xB0000000, 0x00000000},
	{0x10033, 0x00000089},
	{0x80010000, 0x00000000}, {0x40000000, 0x00000000},
	{0x1003F, 0x0000009F},
	{0x90020000, 0x00000000}, {0x40000000, 0x00000000},
	{0x1003F, 0x0000009F},
	{0x90010001, 0x00000000}, {0x40000000, 0x00000000},
	{0x1003F, 0x0000009F},
	{0x90020001, 0x00000000}, {0x40000000, 0x00000000},
	{0x1003F, 0x0000009F},
	{0x90030001, 0x00000000}, {0x40000000, 0x00000000},
	{0x1003F, 0x0000009F},
	{0x90040001, 0x00000000}, {0x40000000, 0x00000000},
	{0x1003F, 0x0000009F},
	{0x90050001, 0x00000000}, {0x40000000, 0x00000000},
	{0x1003F, 0x0000009F},
	{0x90060001, 0x00000000}, {0x40000000, 0x00000000},
	{0x1003F, 0x0000009F},
	{0x90070001, 0x00000000}, {0x40000000, 0x00000000},
	{0x1003F, 0x0000009F},
	{0x90080001, 0x00000000}, {0x40000000, 0x00000000},
	{0x1003F, 0x0000009F},
	{0x90290001, 0x00000000}, {0x40000000, 0x00000000},
	{0x1003F, 0x0000009F},
	{0x902b0001, 0x00000000}, {0x40000000, 0x00000000},
	{0x1003F, 0x0000009F},
	{0xA0000000, 0x00000000},
	{0x1003F, 0x000000D9},
	{0xB0000000, 0x00000000},
	{0x10033, 0x0000008A},
	{0x80010000, 0x00000000}, {0x40000000, 0x00000000},
	{0x1003F, 0x00000099},
	{0x90020000, 0x00000000}, {0x40000000, 0x00000000},
	{0x1003F, 0x00000099},
	{0x90010001, 0x00000000}, {0x40000000, 0x00000000},
	{0x1003F, 0x00000099},
	{0x90020001, 0x00000000}, {0x40000000, 0x00000000},
	{0x1003F, 0x00000099},
	{0x90030001, 0x00000000}, {0x40000000, 0x00000000},
	{0x1003F, 0x00000099},
	{0x90040001, 0x00000000}, {0x40000000, 0x00000000},
	{0x1003F, 0x00000099},
	{0x90050001, 0x00000000}, {0x40000000, 0x00000000},
	{0x1003F, 0x00000099},
	{0x90060001, 0x00000000}, {0x40000000, 0x00000000},
	{0x1003F, 0x00000099},
	{0x90070001, 0x00000000}, {0x40000000, 0x00000000},
	{0x1003F, 0x00000099},
	{0x90080001, 0x00000000}, {0x40000000, 0x00000000},
	{0x1003F, 0x00000099},
	{0x90290001, 0x00000000}, {0x40000000, 0x00000000},
	{0x1003F, 0x00000099},
	{0x902b0001, 0x00000000}, {0x40000000, 0x00000000},
	{0x1003F, 0x00000099},
	{0xA0000000, 0x00000000},
	{0x1003F, 0x000000D3},
	{0xB0000000, 0x00000000},
	{0x10033, 0x0000008B},
	{0x80010000, 0x00000000}, {0x40000000, 0x00000000},
	{0x1003F, 0x0000005F},
	{0x90020000, 0x00000000}, {0x40000000, 0x00000000},
	{0x1003F, 0x0000005F},
	{0x90010001, 0x00000000}, {0x40000000, 0x00000000},
	{0x1003F, 0x0000005F},
	{0x90020001, 0x00000000}, {0x40000000, 0x00000000},
	{0x1003F, 0x0000005F},
	{0x90030001, 0x00000000}, {0x40000000, 0x00000000},
	{0x1003F, 0x0000005F},
	{0x90040001, 0x00000000}, {0x40000000, 0x00000000},
	{0x1003F, 0x0000005F},
	{0x90050001, 0x00000000}, {0x40000000, 0x00000000},
	{0x1003F, 0x0000005F},
	{0x90060001, 0x00000000}, {0x40000000, 0x00000000},
	{0x1003F, 0x0000005F},
	{0x90070001, 0x00000000}, {0x40000000, 0x00000000},
	{0x1003F, 0x0000005F},
	{0x90080001, 0x00000000}, {0x40000000, 0x00000000},
	{0x1003F, 0x0000005F},
	{0x90290001, 0x00000000}, {0x40000000, 0x00000000},
	{0x1003F, 0x0000005F},
	{0x902b0001, 0x00000000}, {0x40000000, 0x00000000},
	{0x1003F, 0x0000005F},
	{0xA0000000, 0x00000000},
	{0x1003F, 0x00000099},
	{0xB0000000, 0x00000000},
	{0x10033, 0x0000008C},
	{0x80010000, 0x00000000}, {0x40000000, 0x00000000},
	{0x1003F, 0x00000059},
	{0x90020000, 0x00000000}, {0x40000000, 0x00000000},
	{0x1003F, 0x00000059},
	{0x90010001, 0x00000000}, {0x40000000, 0x00000000},
	{0x1003F, 0x00000059},
	{0x90020001, 0x00000000}, {0x40000000, 0x00000000},
	{0x1003F, 0x00000059},
	{0x90030001, 0x00000000}, {0x40000000, 0x00000000},
	{0x1003F, 0x00000059},
	{0x90040001, 0x00000000}, {0x40000000, 0x00000000},
	{0x1003F, 0x00000059},
	{0x90050001, 0x00000000}, {0x40000000, 0x00000000},
	{0x1003F, 0x00000059},
	{0x90060001, 0x00000000}, {0x40000000, 0x00000000},
	{0x1003F, 0x00000059},
	{0x90070001, 0x00000000}, {0x40000000, 0x00000000},
	{0x1003F, 0x00000059},
	{0x90080001, 0x00000000}, {0x40000000, 0x00000000},
	{0x1003F, 0x00000059},
	{0x90290001, 0x00000000}, {0x40000000, 0x00000000},
	{0x1003F, 0x00000059},
	{0x902b0001, 0x00000000}, {0x40000000, 0x00000000},
	{0x1003F, 0x00000059},
	{0xA0000000, 0x00000000},
	{0x1003F, 0x00000093},
	{0xB0000000, 0x00000000},
	{0x10033, 0x0000008D},
	{0x80010000, 0x00000000}, {0x40000000, 0x00000000},
	{0x1003F, 0x0000001F},
	{0x90020000, 0x00000000}, {0x40000000, 0x00000000},
	{0x1003F, 0x0000001F},
	{0x90010001, 0x00000000}, {0x40000000, 0x00000000},
	{0x1003F, 0x0000001F},
	{0x90020001, 0x00000000}, {0x40000000, 0x00000000},
	{0x1003F, 0x0000001F},
	{0x90030001, 0x00000000}, {0x40000000, 0x00000000},
	{0x1003F, 0x0000001F},
	{0x90040001, 0x00000000}, {0x40000000, 0x00000000},
	{0x1003F, 0x0000001F},
	{0x90050001, 0x00000000}, {0x40000000, 0x00000000},
	{0x1003F, 0x0000001F},
	{0x90060001, 0x00000000}, {0x40000000, 0x00000000},
	{0x1003F, 0x0000001F},
	{0x90070001, 0x00000000}, {0x40000000, 0x00000000},
	{0x1003F, 0x0000001F},
	{0x90080001, 0x00000000}, {0x40000000, 0x00000000},
	{0x1003F, 0x0000001F},
	{0x90290001, 0x00000000}, {0x40000000, 0x00000000},
	{0x1003F, 0x0000001F},
	{0x902b0001, 0x00000000}, {0x40000000, 0x00000000},
	{0x1003F, 0x0000001F},
	{0xA0000000, 0x00000000},
	{0x1003F, 0x00000059},
	{0xB0000000, 0x00000000},
	{0x10033, 0x0000008E},
	{0x80010000, 0x00000000}, {0x40000000, 0x00000000},
	{0x1003F, 0x00000019},
	{0x90020000, 0x00000000}, {0x40000000, 0x00000000},
	{0x1003F, 0x00000019},
	{0x90010001, 0x00000000}, {0x40000000, 0x00000000},
	{0x1003F, 0x00000019},
	{0x90020001, 0x00000000}, {0x40000000, 0x00000000},
	{0x1003F, 0x00000019},
	{0x90030001, 0x00000000}, {0x40000000, 0x00000000},
	{0x1003F, 0x00000019},
	{0x90040001, 0x00000000}, {0x40000000, 0x00000000},
	{0x1003F, 0x00000019},
	{0x90050001, 0x00000000}, {0x40000000, 0x00000000},
	{0x1003F, 0x00000019},
	{0x90060001, 0x00000000}, {0x40000000, 0x00000000},
	{0x1003F, 0x00000019},
	{0x90070001, 0x00000000}, {0x40000000, 0x00000000},
	{0x1003F, 0x00000019},
	{0x90080001, 0x00000000}, {0x40000000, 0x00000000},
	{0x1003F, 0x00000019},
	{0x90290001, 0x00000000}, {0x40000000, 0x00000000},
	{0x1003F, 0x00000019},
	{0x902b0001, 0x00000000}, {0x40000000, 0x00000000},
	{0x1003F, 0x00000019},
	{0xA0000000, 0x00000000},
	{0x1003F, 0x00000053},
	{0xB0000000, 0x00000000},
	{0x10033, 0x0000008F},
	{0x80010000, 0x00000000}, {0x40000000, 0x00000000},
	{0x1003F, 0x00000013},
	{0x90020000, 0x00000000}, {0x40000000, 0x00000000},
	{0x1003F, 0x00000013},
	{0x90010001, 0x00000000}, {0x40000000, 0x00000000},
	{0x1003F, 0x00000013},
	{0x90020001, 0x00000000}, {0x40000000, 0x00000000},
	{0x1003F, 0x00000013},
	{0x90030001, 0x00000000}, {0x40000000, 0x00000000},
	{0x1003F, 0x00000013},
	{0x90040001, 0x00000000}, {0x40000000, 0x00000000},
	{0x1003F, 0x00000013},
	{0x90050001, 0x00000000}, {0x40000000, 0x00000000},
	{0x1003F, 0x00000013},
	{0x90060001, 0x00000000}, {0x40000000, 0x00000000},
	{0x1003F, 0x00000013},
	{0x90070001, 0x00000000}, {0x40000000, 0x00000000},
	{0x1003F, 0x00000013},
	{0x90080001, 0x00000000}, {0x40000000, 0x00000000},
	{0x1003F, 0x00000013},
	{0x90290001, 0x00000000}, {0x40000000, 0x00000000},
	{0x1003F, 0x00000013},
	{0x902b0001, 0x00000000}, {0x40000000, 0x00000000},
	{0x1003F, 0x00000013},
	{0xA0000000, 0x00000000},
	{0x1003F, 0x00000019},
	{0xB0000000, 0x00000000},
	{0x10033, 0x00000090},
	{0x80010000, 0x00000000}, {0x40000000, 0x00000000},
	{0x1003F, 0x0000000D},
	{0x90020000, 0x00000000}, {0x40000000, 0x00000000},
	{0x1003F, 0x0000000D},
	{0x90010001, 0x00000000}, {0x40000000, 0x00000000},
	{0x1003F, 0x0000000D},
	{0x90020001, 0x00000000}, {0x40000000, 0x00000000},
	{0x1003F, 0x0000000D},
	{0x90030001, 0x00000000}, {0x40000000, 0x00000000},
	{0x1003F, 0x0000000D},
	{0x90040001, 0x00000000}, {0x40000000, 0x00000000},
	{0x1003F, 0x0000000D},
	{0x90050001, 0x00000000}, {0x40000000, 0x00000000},
	{0x1003F, 0x0000000D},
	{0x90060001, 0x00000000}, {0x40000000, 0x00000000},
	{0x1003F, 0x0000000D},
	{0x90070001, 0x00000000}, {0x40000000, 0x00000000},
	{0x1003F, 0x0000000D},
	{0x90080001, 0x00000000}, {0x40000000, 0x00000000},
	{0x1003F, 0x0000000D},
	{0x90290001, 0x00000000}, {0x40000000, 0x00000000},
	{0x1003F, 0x0000000D},
	{0x902b0001, 0x00000000}, {0x40000000, 0x00000000},
	{0x1003F, 0x0000000D},
	{0xA0000000, 0x00000000},
	{0x1003F, 0x00000013},
	{0xB0000000, 0x00000000},
	{0x10033, 0x00000091},
	{0x80010000, 0x00000000}, {0x40000000, 0x00000000},
	{0x1003F, 0x00000007},
	{0x90020000, 0x00000000}, {0x40000000, 0x00000000},
	{0x1003F, 0x00000007},
	{0x90010001, 0x00000000}, {0x40000000, 0x00000000},
	{0x1003F, 0x00000007},
	{0x90020001, 0x00000000}, {0x40000000, 0x00000000},
	{0x1003F, 0x00000007},
	{0x90030001, 0x00000000}, {0x40000000, 0x00000000},
	{0x1003F, 0x00000007},
	{0x90040001, 0x00000000}, {0x40000000, 0x00000000},
	{0x1003F, 0x00000007},
	{0x90050001, 0x00000000}, {0x40000000, 0x00000000},
	{0x1003F, 0x00000007},
	{0x90060001, 0x00000000}, {0x40000000, 0x00000000},
	{0x1003F, 0x00000007},
	{0x90070001, 0x00000000}, {0x40000000, 0x00000000},
	{0x1003F, 0x00000007},
	{0x90080001, 0x00000000}, {0x40000000, 0x00000000},
	{0x1003F, 0x00000007},
	{0x90290001, 0x00000000}, {0x40000000, 0x00000000},
	{0x1003F, 0x00000007},
	{0x902b0001, 0x00000000}, {0x40000000, 0x00000000},
	{0x1003F, 0x00000007},
	{0xA0000000, 0x00000000},
	{0x1003F, 0x0000000D},
	{0xB0000000, 0x00000000},
	{0x10033, 0x000000A0},
	{0x1003F, 0x000001A9},
	{0x10033, 0x000000A1},
	{0x1003F, 0x000001A3},
	{0x10033, 0x000000A2},
	{0x1003F, 0x0000019D},
	{0x10033, 0x000000A3},
	{0x1003F, 0x00000197},
	{0x10033, 0x000000A4},
	{0x80010000, 0x00000000}, {0x40000000, 0x00000000},
	{0x1003F, 0x00000158},
	{0x90020000, 0x00000000}, {0x40000000, 0x00000000},
	{0x1003F, 0x00000158},
	{0x90010001, 0x00000000}, {0x40000000, 0x00000000},
	{0x1003F, 0x00000158},
	{0x90020001, 0x00000000}, {0x40000000, 0x00000000},
	{0x1003F, 0x00000158},
	{0x90030001, 0x00000000}, {0x40000000, 0x00000000},
	{0x1003F, 0x00000158},
	{0x90040001, 0x00000000}, {0x40000000, 0x00000000},
	{0x1003F, 0x00000158},
	{0x90050001, 0x00000000}, {0x40000000, 0x00000000},
	{0x1003F, 0x00000158},
	{0x90060001, 0x00000000}, {0x40000000, 0x00000000},
	{0x1003F, 0x00000158},
	{0x90070001, 0x00000000}, {0x40000000, 0x00000000},
	{0x1003F, 0x00000158},
	{0x90080001, 0x00000000}, {0x40000000, 0x00000000},
	{0x1003F, 0x00000158},
	{0x90290001, 0x00000000}, {0x40000000, 0x00000000},
	{0x1003F, 0x00000158},
	{0x902b0001, 0x00000000}, {0x40000000, 0x00000000},
	{0x1003F, 0x00000158},
	{0xA0000000, 0x00000000},
	{0x1003F, 0x00000191},
	{0xB0000000, 0x00000000},
	{0x10033, 0x000000A5},
	{0x80010000, 0x00000000}, {0x40000000, 0x00000000},
	{0x1003F, 0x0000011F},
	{0x90020000, 0x00000000}, {0x40000000, 0x00000000},
	{0x1003F, 0x0000011F},
	{0x90010001, 0x00000000}, {0x40000000, 0x00000000},
	{0x1003F, 0x0000011F},
	{0x90020001, 0x00000000}, {0x40000000, 0x00000000},
	{0x1003F, 0x0000011F},
	{0x90030001, 0x00000000}, {0x40000000, 0x00000000},
	{0x1003F, 0x0000011F},
	{0x90040001, 0x00000000}, {0x40000000, 0x00000000},
	{0x1003F, 0x0000011F},
	{0x90050001, 0x00000000}, {0x40000000, 0x00000000},
	{0x1003F, 0x0000011F},
	{0x90060001, 0x00000000}, {0x40000000, 0x00000000},
	{0x1003F, 0x0000011F},
	{0x90070001, 0x00000000}, {0x40000000, 0x00000000},
	{0x1003F, 0x0000011F},
	{0x90080001, 0x00000000}, {0x40000000, 0x00000000},
	{0x1003F, 0x0000011F},
	{0x90290001, 0x00000000}, {0x40000000, 0x00000000},
	{0x1003F, 0x0000011F},
	{0x902b0001, 0x00000000}, {0x40000000, 0x00000000},
	{0x1003F, 0x0000011F},
	{0xA0000000, 0x00000000},
	{0x1003F, 0x0000018B},
	{0xB0000000, 0x00000000},
	{0x10033, 0x000000A6},
	{0x80010000, 0x00000000}, {0x40000000, 0x00000000},
	{0x1003F, 0x00000119},
	{0x90020000, 0x00000000}, {0x40000000, 0x00000000},
	{0x1003F, 0x00000119},
	{0x90010001, 0x00000000}, {0x40000000, 0x00000000},
	{0x1003F, 0x00000119},
	{0x90020001, 0x00000000}, {0x40000000, 0x00000000},
	{0x1003F, 0x00000119},
	{0x90030001, 0x00000000}, {0x40000000, 0x00000000},
	{0x1003F, 0x00000119},
	{0x90040001, 0x00000000}, {0x40000000, 0x00000000},
	{0x1003F, 0x00000119},
	{0x90050001, 0x00000000}, {0x40000000, 0x00000000},
	{0x1003F, 0x00000119},
	{0x90060001, 0x00000000}, {0x40000000, 0x00000000},
	{0x1003F, 0x00000119},
	{0x90070001, 0x00000000}, {0x40000000, 0x00000000},
	{0x1003F, 0x00000119},
	{0x90080001, 0x00000000}, {0x40000000, 0x00000000},
	{0x1003F, 0x00000119},
	{0x90290001, 0x00000000}, {0x40000000, 0x00000000},
	{0x1003F, 0x00000119},
	{0x902b0001, 0x00000000}, {0x40000000, 0x00000000},
	{0x1003F, 0x00000119},
	{0xA0000000, 0x00000000},
	{0x1003F, 0x0000014D},
	{0xB0000000, 0x00000000},
	{0x10033, 0x000000A7},
	{0x80010000, 0x00000000}, {0x40000000, 0x00000000},
	{0x1003F, 0x000000DF},
	{0x90020000, 0x00000000}, {0x40000000, 0x00000000},
	{0x1003F, 0x000000DF},
	{0x90010001, 0x00000000}, {0x40000000, 0x00000000},
	{0x1003F, 0x000000DF},
	{0x90020001, 0x00000000}, {0x40000000, 0x00000000},
	{0x1003F, 0x000000DF},
	{0x90030001, 0x00000000}, {0x40000000, 0x00000000},
	{0x1003F, 0x000000DF},
	{0x90040001, 0x00000000}, {0x40000000, 0x00000000},
	{0x1003F, 0x000000DF},
	{0x90050001, 0x00000000}, {0x40000000, 0x00000000},
	{0x1003F, 0x000000DF},
	{0x90060001, 0x00000000}, {0x40000000, 0x00000000},
	{0x1003F, 0x000000DF},
	{0x90070001, 0x00000000}, {0x40000000, 0x00000000},
	{0x1003F, 0x000000DF},
	{0x90080001, 0x00000000}, {0x40000000, 0x00000000},
	{0x1003F, 0x000000DF},
	{0x90290001, 0x00000000}, {0x40000000, 0x00000000},
	{0x1003F, 0x000000DF},
	{0x902b0001, 0x00000000}, {0x40000000, 0x00000000},
	{0x1003F, 0x000000DF},
	{0xA0000000, 0x00000000},
	{0x1003F, 0x0000010B},
	{0xB0000000, 0x00000000},
	{0x10033, 0x000000A8},
	{0x80010000, 0x00000000}, {0x40000000, 0x00000000},
	{0x1003F, 0x000000D9},
	{0x90020000, 0x00000000}, {0x40000000, 0x00000000},
	{0x1003F, 0x000000D9},
	{0x90010001, 0x00000000}, {0x40000000, 0x00000000},
	{0x1003F, 0x000000D9},
	{0x90020001, 0x00000000}, {0x40000000, 0x00000000},
	{0x1003F, 0x000000D9},
	{0x90030001, 0x00000000}, {0x40000000, 0x00000000},
	{0x1003F, 0x000000D9},
	{0x90040001, 0x00000000}, {0x40000000, 0x00000000},
	{0x1003F, 0x000000D9},
	{0x90050001, 0x00000000}, {0x40000000, 0x00000000},
	{0x1003F, 0x000000D9},
	{0x90060001, 0x00000000}, {0x40000000, 0x00000000},
	{0x1003F, 0x000000D9},
	{0x90070001, 0x00000000}, {0x40000000, 0x00000000},
	{0x1003F, 0x000000D9},
	{0x90080001, 0x00000000}, {0x40000000, 0x00000000},
	{0x1003F, 0x000000D9},
	{0x90290001, 0x00000000}, {0x40000000, 0x00000000},
	{0x1003F, 0x000000D9},
	{0x902b0001, 0x00000000}, {0x40000000, 0x00000000},
	{0x1003F, 0x000000D9},
	{0xA0000000, 0x00000000},
	{0x1003F, 0x000000DF},
	{0xB0000000, 0x00000000},
	{0x10033, 0x000000A9},
	{0x80010000, 0x00000000}, {0x40000000, 0x00000000},
	{0x1003F, 0x0000009F},
	{0x90020000, 0x00000000}, {0x40000000, 0x00000000},
	{0x1003F, 0x0000009F},
	{0x90010001, 0x00000000}, {0x40000000, 0x00000000},
	{0x1003F, 0x0000009F},
	{0x90020001, 0x00000000}, {0x40000000, 0x00000000},
	{0x1003F, 0x0000009F},
	{0x90030001, 0x00000000}, {0x40000000, 0x00000000},
	{0x1003F, 0x0000009F},
	{0x90040001, 0x00000000}, {0x40000000, 0x00000000},
	{0x1003F, 0x0000009F},
	{0x90050001, 0x00000000}, {0x40000000, 0x00000000},
	{0x1003F, 0x0000009F},
	{0x90060001, 0x00000000}, {0x40000000, 0x00000000},
	{0x1003F, 0x0000009F},
	{0x90070001, 0x00000000}, {0x40000000, 0x00000000},
	{0x1003F, 0x0000009F},
	{0x90080001, 0x00000000}, {0x40000000, 0x00000000},
	{0x1003F, 0x0000009F},
	{0x90290001, 0x00000000}, {0x40000000, 0x00000000},
	{0x1003F, 0x0000009F},
	{0x902b0001, 0x00000000}, {0x40000000, 0x00000000},
	{0x1003F, 0x0000009F},
	{0xA0000000, 0x00000000},
	{0x1003F, 0x000000D9},
	{0xB0000000, 0x00000000},
	{0x10033, 0x000000AA},
	{0x80010000, 0x00000000}, {0x40000000, 0x00000000},
	{0x1003F, 0x00000099},
	{0x90020000, 0x00000000}, {0x40000000, 0x00000000},
	{0x1003F, 0x00000099},
	{0x90010001, 0x00000000}, {0x40000000, 0x00000000},
	{0x1003F, 0x00000099},
	{0x90020001, 0x00000000}, {0x40000000, 0x00000000},
	{0x1003F, 0x00000099},
	{0x90030001, 0x00000000}, {0x40000000, 0x00000000},
	{0x1003F, 0x00000099},
	{0x90040001, 0x00000000}, {0x40000000, 0x00000000},
	{0x1003F, 0x00000099},
	{0x90050001, 0x00000000}, {0x40000000, 0x00000000},
	{0x1003F, 0x00000099},
	{0x90060001, 0x00000000}, {0x40000000, 0x00000000},
	{0x1003F, 0x00000099},
	{0x90070001, 0x00000000}, {0x40000000, 0x00000000},
	{0x1003F, 0x00000099},
	{0x90080001, 0x00000000}, {0x40000000, 0x00000000},
	{0x1003F, 0x00000099},
	{0x90290001, 0x00000000}, {0x40000000, 0x00000000},
	{0x1003F, 0x00000099},
	{0x902b0001, 0x00000000}, {0x40000000, 0x00000000},
	{0x1003F, 0x00000099},
	{0xA0000000, 0x00000000},
	{0x1003F, 0x000000D3},
	{0xB0000000, 0x00000000},
	{0x10033, 0x000000AB},
	{0x80010000, 0x00000000}, {0x40000000, 0x00000000},
	{0x1003F, 0x0000005F},
	{0x90020000, 0x00000000}, {0x40000000, 0x00000000},
	{0x1003F, 0x0000005F},
	{0x90010001, 0x00000000}, {0x40000000, 0x00000000},
	{0x1003F, 0x0000005F},
	{0x90020001, 0x00000000}, {0x40000000, 0x00000000},
	{0x1003F, 0x0000005F},
	{0x90030001, 0x00000000}, {0x40000000, 0x00000000},
	{0x1003F, 0x0000005F},
	{0x90040001, 0x00000000}, {0x40000000, 0x00000000},
	{0x1003F, 0x0000005F},
	{0x90050001, 0x00000000}, {0x40000000, 0x00000000},
	{0x1003F, 0x0000005F},
	{0x90060001, 0x00000000}, {0x40000000, 0x00000000},
	{0x1003F, 0x0000005F},
	{0x90070001, 0x00000000}, {0x40000000, 0x00000000},
	{0x1003F, 0x0000005F},
	{0x90080001, 0x00000000}, {0x40000000, 0x00000000},
	{0x1003F, 0x0000005F},
	{0x90290001, 0x00000000}, {0x40000000, 0x00000000},
	{0x1003F, 0x0000005F},
	{0x902b0001, 0x00000000}, {0x40000000, 0x00000000},
	{0x1003F, 0x0000005F},
	{0xA0000000, 0x00000000},
	{0x1003F, 0x00000099},
	{0xB0000000, 0x00000000},
	{0x10033, 0x000000AC},
	{0x80010000, 0x00000000}, {0x40000000, 0x00000000},
	{0x1003F, 0x00000059},
	{0x90020000, 0x00000000}, {0x40000000, 0x00000000},
	{0x1003F, 0x00000059},
	{0x90010001, 0x00000000}, {0x40000000, 0x00000000},
	{0x1003F, 0x00000059},
	{0x90020001, 0x00000000}, {0x40000000, 0x00000000},
	{0x1003F, 0x00000059},
	{0x90030001, 0x00000000}, {0x40000000, 0x00000000},
	{0x1003F, 0x00000059},
	{0x90040001, 0x00000000}, {0x40000000, 0x00000000},
	{0x1003F, 0x00000059},
	{0x90050001, 0x00000000}, {0x40000000, 0x00000000},
	{0x1003F, 0x00000059},
	{0x90060001, 0x00000000}, {0x40000000, 0x00000000},
	{0x1003F, 0x00000059},
	{0x90070001, 0x00000000}, {0x40000000, 0x00000000},
	{0x1003F, 0x00000059},
	{0x90080001, 0x00000000}, {0x40000000, 0x00000000},
	{0x1003F, 0x00000059},
	{0x90290001, 0x00000000}, {0x40000000, 0x00000000},
	{0x1003F, 0x00000059},
	{0x902b0001, 0x00000000}, {0x40000000, 0x00000000},
	{0x1003F, 0x00000059},
	{0xA0000000, 0x00000000},
	{0x1003F, 0x00000093},
	{0xB0000000, 0x00000000},
	{0x10033, 0x000000AD},
	{0x80010000, 0x00000000}, {0x40000000, 0x00000000},
	{0x1003F, 0x0000001F},
	{0x90020000, 0x00000000}, {0x40000000, 0x00000000},
	{0x1003F, 0x0000001F},
	{0x90010001, 0x00000000}, {0x40000000, 0x00000000},
	{0x1003F, 0x0000001F},
	{0x90020001, 0x00000000}, {0x40000000, 0x00000000},
	{0x1003F, 0x0000001F},
	{0x90030001, 0x00000000}, {0x40000000, 0x00000000},
	{0x1003F, 0x0000001F},
	{0x90040001, 0x00000000}, {0x40000000, 0x00000000},
	{0x1003F, 0x0000001F},
	{0x90050001, 0x00000000}, {0x40000000, 0x00000000},
	{0x1003F, 0x0000001F},
	{0x90060001, 0x00000000}, {0x40000000, 0x00000000},
	{0x1003F, 0x0000001F},
	{0x90070001, 0x00000000}, {0x40000000, 0x00000000},
	{0x1003F, 0x0000001F},
	{0x90080001, 0x00000000}, {0x40000000, 0x00000000},
	{0x1003F, 0x0000001F},
	{0x90290001, 0x00000000}, {0x40000000, 0x00000000},
	{0x1003F, 0x0000001F},
	{0x902b0001, 0x00000000}, {0x40000000, 0x00000000},
	{0x1003F, 0x0000001F},
	{0xA0000000, 0x00000000},
	{0x1003F, 0x00000059},
	{0xB0000000, 0x00000000},
	{0x10033, 0x000000AE},
	{0x80010000, 0x00000000}, {0x40000000, 0x00000000},
	{0x1003F, 0x00000019},
	{0x90020000, 0x00000000}, {0x40000000, 0x00000000},
	{0x1003F, 0x00000019},
	{0x90010001, 0x00000000}, {0x40000000, 0x00000000},
	{0x1003F, 0x00000019},
	{0x90020001, 0x00000000}, {0x40000000, 0x00000000},
	{0x1003F, 0x00000019},
	{0x90030001, 0x00000000}, {0x40000000, 0x00000000},
	{0x1003F, 0x00000019},
	{0x90040001, 0x00000000}, {0x40000000, 0x00000000},
	{0x1003F, 0x00000019},
	{0x90050001, 0x00000000}, {0x40000000, 0x00000000},
	{0x1003F, 0x00000019},
	{0x90060001, 0x00000000}, {0x40000000, 0x00000000},
	{0x1003F, 0x00000019},
	{0x90070001, 0x00000000}, {0x40000000, 0x00000000},
	{0x1003F, 0x00000019},
	{0x90080001, 0x00000000}, {0x40000000, 0x00000000},
	{0x1003F, 0x00000019},
	{0x90290001, 0x00000000}, {0x40000000, 0x00000000},
	{0x1003F, 0x00000019},
	{0x902b0001, 0x00000000}, {0x40000000, 0x00000000},
	{0x1003F, 0x00000019},
	{0xA0000000, 0x00000000},
	{0x1003F, 0x00000053},
	{0xB0000000, 0x00000000},
	{0x10033, 0x000000AF},
	{0x80010000, 0x00000000}, {0x40000000, 0x00000000},
	{0x1003F, 0x00000013},
	{0x90020000, 0x00000000}, {0x40000000, 0x00000000},
	{0x1003F, 0x00000013},
	{0x90010001, 0x00000000}, {0x40000000, 0x00000000},
	{0x1003F, 0x00000013},
	{0x90020001, 0x00000000}, {0x40000000, 0x00000000},
	{0x1003F, 0x00000013},
	{0x90030001, 0x00000000}, {0x40000000, 0x00000000},
	{0x1003F, 0x00000013},
	{0x90040001, 0x00000000}, {0x40000000, 0x00000000},
	{0x1003F, 0x00000013},
	{0x90050001, 0x00000000}, {0x40000000, 0x00000000},
	{0x1003F, 0x00000013},
	{0x90060001, 0x00000000}, {0x40000000, 0x00000000},
	{0x1003F, 0x00000013},
	{0x90070001, 0x00000000}, {0x40000000, 0x00000000},
	{0x1003F, 0x00000013},
	{0x90080001, 0x00000000}, {0x40000000, 0x00000000},
	{0x1003F, 0x00000013},
	{0x90290001, 0x00000000}, {0x40000000, 0x00000000},
	{0x1003F, 0x00000013},
	{0x902b0001, 0x00000000}, {0x40000000, 0x00000000},
	{0x1003F, 0x00000013},
	{0xA0000000, 0x00000000},
	{0x1003F, 0x00000019},
	{0xB0000000, 0x00000000},
	{0x10033, 0x000000B0},
	{0x80010000, 0x00000000}, {0x40000000, 0x00000000},
	{0x1003F, 0x0000000D},
	{0x90020000, 0x00000000}, {0x40000000, 0x00000000},
	{0x1003F, 0x0000000D},
	{0x90010001, 0x00000000}, {0x40000000, 0x00000000},
	{0x1003F, 0x0000000D},
	{0x90020001, 0x00000000}, {0x40000000, 0x00000000},
	{0x1003F, 0x0000000D},
	{0x90030001, 0x00000000}, {0x40000000, 0x00000000},
	{0x1003F, 0x0000000D},
	{0x90040001, 0x00000000}, {0x40000000, 0x00000000},
	{0x1003F, 0x0000000D},
	{0x90050001, 0x00000000}, {0x40000000, 0x00000000},
	{0x1003F, 0x0000000D},
	{0x90060001, 0x00000000}, {0x40000000, 0x00000000},
	{0x1003F, 0x0000000D},
	{0x90070001, 0x00000000}, {0x40000000, 0x00000000},
	{0x1003F, 0x0000000D},
	{0x90080001, 0x00000000}, {0x40000000, 0x00000000},
	{0x1003F, 0x0000000D},
	{0x90290001, 0x00000000}, {0x40000000, 0x00000000},
	{0x1003F, 0x0000000D},
	{0x902b0001, 0x00000000}, {0x40000000, 0x00000000},
	{0x1003F, 0x0000000D},
	{0xA0000000, 0x00000000},
	{0x1003F, 0x00000013},
	{0xB0000000, 0x00000000},
	{0x10033, 0x000000B1},
	{0x80010000, 0x00000000}, {0x40000000, 0x00000000},
	{0x1003F, 0x00000007},
	{0x90020000, 0x00000000}, {0x40000000, 0x00000000},
	{0x1003F, 0x00000007},
	{0x90010001, 0x00000000}, {0x40000000, 0x00000000},
	{0x1003F, 0x00000007},
	{0x90020001, 0x00000000}, {0x40000000, 0x00000000},
	{0x1003F, 0x00000007},
	{0x90030001, 0x00000000}, {0x40000000, 0x00000000},
	{0x1003F, 0x00000007},
	{0x90040001, 0x00000000}, {0x40000000, 0x00000000},
	{0x1003F, 0x00000007},
	{0x90050001, 0x00000000}, {0x40000000, 0x00000000},
	{0x1003F, 0x00000007},
	{0x90060001, 0x00000000}, {0x40000000, 0x00000000},
	{0x1003F, 0x00000007},
	{0x90070001, 0x00000000}, {0x40000000, 0x00000000},
	{0x1003F, 0x00000007},
	{0x90080001, 0x00000000}, {0x40000000, 0x00000000},
	{0x1003F, 0x00000007},
	{0x90290001, 0x00000000}, {0x40000000, 0x00000000},
	{0x1003F, 0x00000007},
	{0x902b0001, 0x00000000}, {0x40000000, 0x00000000},
	{0x1003F, 0x00000007},
	{0xA0000000, 0x00000000},
	{0x1003F, 0x0000000D},
	{0xB0000000, 0x00000000},
	{0x10033, 0x000000C0},
	{0x1003F, 0x000001A9},
	{0x10033, 0x000000C1},
	{0x1003F, 0x000001A3},
	{0x10033, 0x000000C2},
	{0x1003F, 0x0000019D},
	{0x10033, 0x000000C3},
	{0x1003F, 0x00000197},
	{0x10033, 0x000000C4},
	{0x80010000, 0x00000000}, {0x40000000, 0x00000000},
	{0x1003F, 0x00000158},
	{0x90020000, 0x00000000}, {0x40000000, 0x00000000},
	{0x1003F, 0x00000158},
	{0x90010001, 0x00000000}, {0x40000000, 0x00000000},
	{0x1003F, 0x00000158},
	{0x90020001, 0x00000000}, {0x40000000, 0x00000000},
	{0x1003F, 0x00000158},
	{0x90030001, 0x00000000}, {0x40000000, 0x00000000},
	{0x1003F, 0x00000158},
	{0x90040001, 0x00000000}, {0x40000000, 0x00000000},
	{0x1003F, 0x00000158},
	{0x90050001, 0x00000000}, {0x40000000, 0x00000000},
	{0x1003F, 0x00000158},
	{0x90060001, 0x00000000}, {0x40000000, 0x00000000},
	{0x1003F, 0x00000158},
	{0x90070001, 0x00000000}, {0x40000000, 0x00000000},
	{0x1003F, 0x00000158},
	{0x90080001, 0x00000000}, {0x40000000, 0x00000000},
	{0x1003F, 0x00000158},
	{0x90290001, 0x00000000}, {0x40000000, 0x00000000},
	{0x1003F, 0x00000158},
	{0x902b0001, 0x00000000}, {0x40000000, 0x00000000},
	{0x1003F, 0x00000158},
	{0xA0000000, 0x00000000},
	{0x1003F, 0x00000191},
	{0xB0000000, 0x00000000},
	{0x10033, 0x000000C5},
	{0x80010000, 0x00000000}, {0x40000000, 0x00000000},
	{0x1003F, 0x0000011F},
	{0x90020000, 0x00000000}, {0x40000000, 0x00000000},
	{0x1003F, 0x0000011F},
	{0x90010001, 0x00000000}, {0x40000000, 0x00000000},
	{0x1003F, 0x0000011F},
	{0x90020001, 0x00000000}, {0x40000000, 0x00000000},
	{0x1003F, 0x0000011F},
	{0x90030001, 0x00000000}, {0x40000000, 0x00000000},
	{0x1003F, 0x0000011F},
	{0x90040001, 0x00000000}, {0x40000000, 0x00000000},
	{0x1003F, 0x0000011F},
	{0x90050001, 0x00000000}, {0x40000000, 0x00000000},
	{0x1003F, 0x0000011F},
	{0x90060001, 0x00000000}, {0x40000000, 0x00000000},
	{0x1003F, 0x0000011F},
	{0x90070001, 0x00000000}, {0x40000000, 0x00000000},
	{0x1003F, 0x0000011F},
	{0x90080001, 0x00000000}, {0x40000000, 0x00000000},
	{0x1003F, 0x0000011F},
	{0x90290001, 0x00000000}, {0x40000000, 0x00000000},
	{0x1003F, 0x0000011F},
	{0x902b0001, 0x00000000}, {0x40000000, 0x00000000},
	{0x1003F, 0x0000011F},
	{0xA0000000, 0x00000000},
	{0x1003F, 0x0000018B},
	{0xB0000000, 0x00000000},
	{0x10033, 0x000000C6},
	{0x80010000, 0x00000000}, {0x40000000, 0x00000000},
	{0x1003F, 0x00000119},
	{0x90020000, 0x00000000}, {0x40000000, 0x00000000},
	{0x1003F, 0x00000119},
	{0x90010001, 0x00000000}, {0x40000000, 0x00000000},
	{0x1003F, 0x00000119},
	{0x90020001, 0x00000000}, {0x40000000, 0x00000000},
	{0x1003F, 0x00000119},
	{0x90030001, 0x00000000}, {0x40000000, 0x00000000},
	{0x1003F, 0x00000119},
	{0x90040001, 0x00000000}, {0x40000000, 0x00000000},
	{0x1003F, 0x00000119},
	{0x90050001, 0x00000000}, {0x40000000, 0x00000000},
	{0x1003F, 0x00000119},
	{0x90060001, 0x00000000}, {0x40000000, 0x00000000},
	{0x1003F, 0x00000119},
	{0x90070001, 0x00000000}, {0x40000000, 0x00000000},
	{0x1003F, 0x00000119},
	{0x90080001, 0x00000000}, {0x40000000, 0x00000000},
	{0x1003F, 0x00000119},
	{0x90290001, 0x00000000}, {0x40000000, 0x00000000},
	{0x1003F, 0x00000119},
	{0x902b0001, 0x00000000}, {0x40000000, 0x00000000},
	{0x1003F, 0x00000119},
	{0xA0000000, 0x00000000},
	{0x1003F, 0x0000014D},
	{0xB0000000, 0x00000000},
	{0x10033, 0x000000C7},
	{0x80010000, 0x00000000}, {0x40000000, 0x00000000},
	{0x1003F, 0x000000DF},
	{0x90020000, 0x00000000}, {0x40000000, 0x00000000},
	{0x1003F, 0x000000DF},
	{0x90010001, 0x00000000}, {0x40000000, 0x00000000},
	{0x1003F, 0x000000DF},
	{0x90020001, 0x00000000}, {0x40000000, 0x00000000},
	{0x1003F, 0x000000DF},
	{0x90030001, 0x00000000}, {0x40000000, 0x00000000},
	{0x1003F, 0x000000DF},
	{0x90040001, 0x00000000}, {0x40000000, 0x00000000},
	{0x1003F, 0x000000DF},
	{0x90050001, 0x00000000}, {0x40000000, 0x00000000},
	{0x1003F, 0x000000DF},
	{0x90060001, 0x00000000}, {0x40000000, 0x00000000},
	{0x1003F, 0x000000DF},
	{0x90070001, 0x00000000}, {0x40000000, 0x00000000},
	{0x1003F, 0x000000DF},
	{0x90080001, 0x00000000}, {0x40000000, 0x00000000},
	{0x1003F, 0x000000DF},
	{0x90290001, 0x00000000}, {0x40000000, 0x00000000},
	{0x1003F, 0x000000DF},
	{0x902b0001, 0x00000000}, {0x40000000, 0x00000000},
	{0x1003F, 0x000000DF},
	{0xA0000000, 0x00000000},
	{0x1003F, 0x0000010B},
	{0xB0000000, 0x00000000},
	{0x10033, 0x000000C8},
	{0x80010000, 0x00000000}, {0x40000000, 0x00000000},
	{0x1003F, 0x000000D9},
	{0x90020000, 0x00000000}, {0x40000000, 0x00000000},
	{0x1003F, 0x000000D9},
	{0x90010001, 0x00000000}, {0x40000000, 0x00000000},
	{0x1003F, 0x000000D9},
	{0x90020001, 0x00000000}, {0x40000000, 0x00000000},
	{0x1003F, 0x000000D9},
	{0x90030001, 0x00000000}, {0x40000000, 0x00000000},
	{0x1003F, 0x000000D9},
	{0x90040001, 0x00000000}, {0x40000000, 0x00000000},
	{0x1003F, 0x000000D9},
	{0x90050001, 0x00000000}, {0x40000000, 0x00000000},
	{0x1003F, 0x000000D9},
	{0x90060001, 0x00000000}, {0x40000000, 0x00000000},
	{0x1003F, 0x000000D9},
	{0x90070001, 0x00000000}, {0x40000000, 0x00000000},
	{0x1003F, 0x000000D9},
	{0x90080001, 0x00000000}, {0x40000000, 0x00000000},
	{0x1003F, 0x000000D9},
	{0x90290001, 0x00000000}, {0x40000000, 0x00000000},
	{0x1003F, 0x000000D9},
	{0x902b0001, 0x00000000}, {0x40000000, 0x00000000},
	{0x1003F, 0x000000D9},
	{0xA0000000, 0x00000000},
	{0x1003F, 0x000000DF},
	{0xB0000000, 0x00000000},
	{0x10033, 0x000000C9},
	{0x80010000, 0x00000000}, {0x40000000, 0x00000000},
	{0x1003F, 0x0000009F},
	{0x90020000, 0x00000000}, {0x40000000, 0x00000000},
	{0x1003F, 0x0000009F},
	{0x90010001, 0x00000000}, {0x40000000, 0x00000000},
	{0x1003F, 0x0000009F},
	{0x90020001, 0x00000000}, {0x40000000, 0x00000000},
	{0x1003F, 0x0000009F},
	{0x90030001, 0x00000000}, {0x40000000, 0x00000000},
	{0x1003F, 0x0000009F},
	{0x90040001, 0x00000000}, {0x40000000, 0x00000000},
	{0x1003F, 0x0000009F},
	{0x90050001, 0x00000000}, {0x40000000, 0x00000000},
	{0x1003F, 0x0000009F},
	{0x90060001, 0x00000000}, {0x40000000, 0x00000000},
	{0x1003F, 0x0000009F},
	{0x90070001, 0x00000000}, {0x40000000, 0x00000000},
	{0x1003F, 0x0000009F},
	{0x90080001, 0x00000000}, {0x40000000, 0x00000000},
	{0x1003F, 0x0000009F},
	{0x90290001, 0x00000000}, {0x40000000, 0x00000000},
	{0x1003F, 0x0000009F},
	{0x902b0001, 0x00000000}, {0x40000000, 0x00000000},
	{0x1003F, 0x0000009F},
	{0xA0000000, 0x00000000},
	{0x1003F, 0x000000D9},
	{0xB0000000, 0x00000000},
	{0x10033, 0x000000CA},
	{0x80010000, 0x00000000}, {0x40000000, 0x00000000},
	{0x1003F, 0x00000099},
	{0x90020000, 0x00000000}, {0x40000000, 0x00000000},
	{0x1003F, 0x00000099},
	{0x90010001, 0x00000000}, {0x40000000, 0x00000000},
	{0x1003F, 0x00000099},
	{0x90020001, 0x00000000}, {0x40000000, 0x00000000},
	{0x1003F, 0x00000099},
	{0x90030001, 0x00000000}, {0x40000000, 0x00000000},
	{0x1003F, 0x00000099},
	{0x90040001, 0x00000000}, {0x40000000, 0x00000000},
	{0x1003F, 0x00000099},
	{0x90050001, 0x00000000}, {0x40000000, 0x00000000},
	{0x1003F, 0x00000099},
	{0x90060001, 0x00000000}, {0x40000000, 0x00000000},
	{0x1003F, 0x00000099},
	{0x90070001, 0x00000000}, {0x40000000, 0x00000000},
	{0x1003F, 0x00000099},
	{0x90080001, 0x00000000}, {0x40000000, 0x00000000},
	{0x1003F, 0x00000099},
	{0x90290001, 0x00000000}, {0x40000000, 0x00000000},
	{0x1003F, 0x00000099},
	{0x902b0001, 0x00000000}, {0x40000000, 0x00000000},
	{0x1003F, 0x00000099},
	{0xA0000000, 0x00000000},
	{0x1003F, 0x000000D3},
	{0xB0000000, 0x00000000},
	{0x10033, 0x000000CB},
	{0x80010000, 0x00000000}, {0x40000000, 0x00000000},
	{0x1003F, 0x0000005F},
	{0x90020000, 0x00000000}, {0x40000000, 0x00000000},
	{0x1003F, 0x0000005F},
	{0x90010001, 0x00000000}, {0x40000000, 0x00000000},
	{0x1003F, 0x0000005F},
	{0x90020001, 0x00000000}, {0x40000000, 0x00000000},
	{0x1003F, 0x0000005F},
	{0x90030001, 0x00000000}, {0x40000000, 0x00000000},
	{0x1003F, 0x0000005F},
	{0x90040001, 0x00000000}, {0x40000000, 0x00000000},
	{0x1003F, 0x0000005F},
	{0x90050001, 0x00000000}, {0x40000000, 0x00000000},
	{0x1003F, 0x0000005F},
	{0x90060001, 0x00000000}, {0x40000000, 0x00000000},
	{0x1003F, 0x0000005F},
	{0x90070001, 0x00000000}, {0x40000000, 0x00000000},
	{0x1003F, 0x0000005F},
	{0x90080001, 0x00000000}, {0x40000000, 0x00000000},
	{0x1003F, 0x0000005F},
	{0x90290001, 0x00000000}, {0x40000000, 0x00000000},
	{0x1003F, 0x0000005F},
	{0x902b0001, 0x00000000}, {0x40000000, 0x00000000},
	{0x1003F, 0x0000005F},
	{0xA0000000, 0x00000000},
	{0x1003F, 0x00000099},
	{0xB0000000, 0x00000000},
	{0x10033, 0x000000CC},
	{0x80010000, 0x00000000}, {0x40000000, 0x00000000},
	{0x1003F, 0x00000059},
	{0x90020000, 0x00000000}, {0x40000000, 0x00000000},
	{0x1003F, 0x00000059},
	{0x90010001, 0x00000000}, {0x40000000, 0x00000000},
	{0x1003F, 0x00000059},
	{0x90020001, 0x00000000}, {0x40000000, 0x00000000},
	{0x1003F, 0x00000059},
	{0x90030001, 0x00000000}, {0x40000000, 0x00000000},
	{0x1003F, 0x00000059},
	{0x90040001, 0x00000000}, {0x40000000, 0x00000000},
	{0x1003F, 0x00000059},
	{0x90050001, 0x00000000}, {0x40000000, 0x00000000},
	{0x1003F, 0x00000059},
	{0x90060001, 0x00000000}, {0x40000000, 0x00000000},
	{0x1003F, 0x00000059},
	{0x90070001, 0x00000000}, {0x40000000, 0x00000000},
	{0x1003F, 0x00000059},
	{0x90080001, 0x00000000}, {0x40000000, 0x00000000},
	{0x1003F, 0x00000059},
	{0x90290001, 0x00000000}, {0x40000000, 0x00000000},
	{0x1003F, 0x00000059},
	{0x902b0001, 0x00000000}, {0x40000000, 0x00000000},
	{0x1003F, 0x00000059},
	{0xA0000000, 0x00000000},
	{0x1003F, 0x00000093},
	{0xB0000000, 0x00000000},
	{0x10033, 0x000000CD},
	{0x80010000, 0x00000000}, {0x40000000, 0x00000000},
	{0x1003F, 0x0000001F},
	{0x90020000, 0x00000000}, {0x40000000, 0x00000000},
	{0x1003F, 0x0000001F},
	{0x90010001, 0x00000000}, {0x40000000, 0x00000000},
	{0x1003F, 0x0000001F},
	{0x90020001, 0x00000000}, {0x40000000, 0x00000000},
	{0x1003F, 0x0000001F},
	{0x90030001, 0x00000000}, {0x40000000, 0x00000000},
	{0x1003F, 0x0000001F},
	{0x90040001, 0x00000000}, {0x40000000, 0x00000000},
	{0x1003F, 0x0000001F},
	{0x90050001, 0x00000000}, {0x40000000, 0x00000000},
	{0x1003F, 0x0000001F},
	{0x90060001, 0x00000000}, {0x40000000, 0x00000000},
	{0x1003F, 0x0000001F},
	{0x90070001, 0x00000000}, {0x40000000, 0x00000000},
	{0x1003F, 0x0000001F},
	{0x90080001, 0x00000000}, {0x40000000, 0x00000000},
	{0x1003F, 0x0000001F},
	{0x90290001, 0x00000000}, {0x40000000, 0x00000000},
	{0x1003F, 0x0000001F},
	{0x902b0001, 0x00000000}, {0x40000000, 0x00000000},
	{0x1003F, 0x0000001F},
	{0xA0000000, 0x00000000},
	{0x1003F, 0x00000059},
	{0xB0000000, 0x00000000},
	{0x10033, 0x000000CE},
	{0x80010000, 0x00000000}, {0x40000000, 0x00000000},
	{0x1003F, 0x00000019},
	{0x90020000, 0x00000000}, {0x40000000, 0x00000000},
	{0x1003F, 0x00000019},
	{0x90010001, 0x00000000}, {0x40000000, 0x00000000},
	{0x1003F, 0x00000019},
	{0x90020001, 0x00000000}, {0x40000000, 0x00000000},
	{0x1003F, 0x00000019},
	{0x90030001, 0x00000000}, {0x40000000, 0x00000000},
	{0x1003F, 0x00000019},
	{0x90040001, 0x00000000}, {0x40000000, 0x00000000},
	{0x1003F, 0x00000019},
	{0x90050001, 0x00000000}, {0x40000000, 0x00000000},
	{0x1003F, 0x00000019},
	{0x90060001, 0x00000000}, {0x40000000, 0x00000000},
	{0x1003F, 0x00000019},
	{0x90070001, 0x00000000}, {0x40000000, 0x00000000},
	{0x1003F, 0x00000019},
	{0x90080001, 0x00000000}, {0x40000000, 0x00000000},
	{0x1003F, 0x00000019},
	{0x90290001, 0x00000000}, {0x40000000, 0x00000000},
	{0x1003F, 0x00000019},
	{0x902b0001, 0x00000000}, {0x40000000, 0x00000000},
	{0x1003F, 0x00000019},
	{0xA0000000, 0x00000000},
	{0x1003F, 0x00000053},
	{0xB0000000, 0x00000000},
	{0x10033, 0x000000CF},
	{0x80010000, 0x00000000}, {0x40000000, 0x00000000},
	{0x1003F, 0x00000013},
	{0x90020000, 0x00000000}, {0x40000000, 0x00000000},
	{0x1003F, 0x00000013},
	{0x90010001, 0x00000000}, {0x40000000, 0x00000000},
	{0x1003F, 0x00000013},
	{0x90020001, 0x00000000}, {0x40000000, 0x00000000},
	{0x1003F, 0x00000013},
	{0x90030001, 0x00000000}, {0x40000000, 0x00000000},
	{0x1003F, 0x00000013},
	{0x90040001, 0x00000000}, {0x40000000, 0x00000000},
	{0x1003F, 0x00000013},
	{0x90050001, 0x00000000}, {0x40000000, 0x00000000},
	{0x1003F, 0x00000013},
	{0x90060001, 0x00000000}, {0x40000000, 0x00000000},
	{0x1003F, 0x00000013},
	{0x90070001, 0x00000000}, {0x40000000, 0x00000000},
	{0x1003F, 0x00000013},
	{0x90080001, 0x00000000}, {0x40000000, 0x00000000},
	{0x1003F, 0x00000013},
	{0x90290001, 0x00000000}, {0x40000000, 0x00000000},
	{0x1003F, 0x00000013},
	{0x902b0001, 0x00000000}, {0x40000000, 0x00000000},
	{0x1003F, 0x00000013},
	{0xA0000000, 0x00000000},
	{0x1003F, 0x00000019},
	{0xB0000000, 0x00000000},
	{0x10033, 0x000000D0},
	{0x80010000, 0x00000000}, {0x40000000, 0x00000000},
	{0x1003F, 0x0000000D},
	{0x90020000, 0x00000000}, {0x40000000, 0x00000000},
	{0x1003F, 0x0000000D},
	{0x90010001, 0x00000000}, {0x40000000, 0x00000000},
	{0x1003F, 0x0000000D},
	{0x90020001, 0x00000000}, {0x40000000, 0x00000000},
	{0x1003F, 0x0000000D},
	{0x90030001, 0x00000000}, {0x40000000, 0x00000000},
	{0x1003F, 0x0000000D},
	{0x90040001, 0x00000000}, {0x40000000, 0x00000000},
	{0x1003F, 0x0000000D},
	{0x90050001, 0x00000000}, {0x40000000, 0x00000000},
	{0x1003F, 0x0000000D},
	{0x90060001, 0x00000000}, {0x40000000, 0x00000000},
	{0x1003F, 0x0000000D},
	{0x90070001, 0x00000000}, {0x40000000, 0x00000000},
	{0x1003F, 0x0000000D},
	{0x90080001, 0x00000000}, {0x40000000, 0x00000000},
	{0x1003F, 0x0000000D},
	{0x90290001, 0x00000000}, {0x40000000, 0x00000000},
	{0x1003F, 0x0000000D},
	{0x902b0001, 0x00000000}, {0x40000000, 0x00000000},
	{0x1003F, 0x0000000D},
	{0xA0000000, 0x00000000},
	{0x1003F, 0x00000013},
	{0xB0000000, 0x00000000},
	{0x10033, 0x000000D1},
	{0x80010000, 0x00000000}, {0x40000000, 0x00000000},
	{0x1003F, 0x00000007},
	{0x90020000, 0x00000000}, {0x40000000, 0x00000000},
	{0x1003F, 0x00000007},
	{0x90010001, 0x00000000}, {0x40000000, 0x00000000},
	{0x1003F, 0x00000007},
	{0x90020001, 0x00000000}, {0x40000000, 0x00000000},
	{0x1003F, 0x00000007},
	{0x90030001, 0x00000000}, {0x40000000, 0x00000000},
	{0x1003F, 0x00000007},
	{0x90040001, 0x00000000}, {0x40000000, 0x00000000},
	{0x1003F, 0x00000007},
	{0x90050001, 0x00000000}, {0x40000000, 0x00000000},
	{0x1003F, 0x00000007},
	{0x90060001, 0x00000000}, {0x40000000, 0x00000000},
	{0x1003F, 0x00000007},
	{0x90070001, 0x00000000}, {0x40000000, 0x00000000},
	{0x1003F, 0x00000007},
	{0x90080001, 0x00000000}, {0x40000000, 0x00000000},
	{0x1003F, 0x00000007},
	{0x90290001, 0x00000000}, {0x40000000, 0x00000000},
	{0x1003F, 0x00000007},
	{0x902b0001, 0x00000000}, {0x40000000, 0x00000000},
	{0x1003F, 0x00000007},
	{0xA0000000, 0x00000000},
	{0x1003F, 0x0000000D},
	{0xB0000000, 0x00000000},
	{0x100EE, 0x00000000},
	{0x100EE, 0x00002000},
	{0x10033, 0x00000000},
	{0x1003F, 0x000000F6},
	{0x10033, 0x00000001},
	{0x1003F, 0x000000F3},
	{0x10033, 0x00000002},
	{0x1003F, 0x000000F0},
	{0x10033, 0x00000003},
	{0x1003F, 0x000000ED},
	{0x10033, 0x00000004},
	{0x1003F, 0x000000EA},
	{0x10033, 0x00000005},
	{0x1003F, 0x000000E7},
	{0x10033, 0x00000006},
	{0x1003F, 0x000000A6},
	{0x10033, 0x00000007},
	{0x1003F, 0x000000A3},
	{0x10033, 0x00000008},
	{0x1003F, 0x00000063},
	{0x10033, 0x00000009},
	{0x1003F, 0x00000060},
	{0x10033, 0x0000000A},
	{0x1003F, 0x00000023},
	{0x10033, 0x0000000B},
	{0x1003F, 0x00000020},
	{0x10033, 0x0000000C},
	{0x1003F, 0x0000001D},
	{0x10033, 0x0000000D},
	{0x1003F, 0x0000001A},
	{0x10033, 0x0000000E},
	{0x1003F, 0x00000017},
	{0x10033, 0x0000000F},
	{0x1003F, 0x00000014},
	{0x10033, 0x00000010},
	{0x1003F, 0x00000011},
	{0x100EE, 0x00000000},
	{0x100EE, 0x00004000},
	{0x10033, 0x00000000},
	{0x1003F, 0x000001AF},
	{0x10033, 0x00000001},
	{0x1003F, 0x000001A9},
	{0x10033, 0x00000002},
	{0x1003F, 0x000001A3},
	{0x10033, 0x00000003},
	{0x1003F, 0x0000019D},
	{0x10033, 0x00000004},
	{0x1003F, 0x00000197},
	{0x10033, 0x00000005},
	{0x1003F, 0x0000015F},
	{0x10033, 0x00000006},
	{0x1003F, 0x00000159},
	{0x10033, 0x00000007},
	{0x1003F, 0x0000011F},
	{0x10033, 0x00000008},
	{0x1003F, 0x00000119},
	{0x10033, 0x00000009},
	{0x1003F, 0x000000DF},
	{0x10033, 0x0000000A},
	{0x1003F, 0x000000D9},
	{0x10033, 0x0000000B},
	{0x1003F, 0x0000009F},
	{0x10033, 0x0000000C},
	{0x1003F, 0x00000099},
	{0x10033, 0x0000000D},
	{0x1003F, 0x0000005F},
	{0x10033, 0x0000000E},
	{0x1003F, 0x00000059},
	{0x10033, 0x0000000F},
	{0x1003F, 0x0000001F},
	{0x10033, 0x00000010},
	{0x1003F, 0x00000019},
	{0x10033, 0x00000011},
	{0x1003F, 0x00000013},
	{0x100EE, 0x00000000},
	{0x10005, 0x00000001},
	{0x09F, 0x00000032},
};
const RadioTable radioATable{radioARegisters,sizeof(radioARegisters)/sizeof(RadioRegister),RadioTableKind::radio,0};

static const RadioRegister radioBRegisters[] = {
	{0xF0010000, 0x00000000},
	{0xF0020000, 0x00000001},
	{0xF0010001, 0x00000002},
	{0xF0020001, 0x00000003},
	{0xF0030001, 0x00000004},
	{0xF0040001, 0x00000005},
	{0xF0050001, 0x00000006},
	{0xF0060001, 0x00000007},
	{0xF0070001, 0x00000008},
	{0xF0080001, 0x00000009},
	{0xF0290001, 0x0000000A},
	{0xF02B0001, 0x0000000B},
	{0x005, 0x00000000},
	{0x000, 0x00030000},
	{0x10000, 0x00030000},
	{0x018, 0x00011124},
	{0x10018, 0x00011124},
	{0x000, 0x00033C00},
	{0x10000, 0x00033C00},
	{0x01A, 0x00040004},
	{0x011, 0x00014073},
	{0x067, 0x00000070},
	{0x059, 0x000A0000},
	{0x066, 0x00000100},
	{0x05A, 0x0007F000},
	{0x0A4, 0x0006FF12},
	{0x043, 0x00005000},
	{0x0E1, 0x00000001},
	{0x0DD, 0x000001A0},
	{0x0CA, 0x00002000},
	{0x0D3, 0x00000003},
	{0x0B3, 0x0004EFE0},
	{0x0B4, 0x0007C03E},
	{0x0B5, 0x0003A201},
	{0x0BB, 0x000C7000},
	{0x0ED, 0x00002000},
	{0x033, 0x00000002},
	{0x03D, 0x0004A883},
	{0x03E, 0x00000000},
	{0x03F, 0x00000001},
	{0x033, 0x00000006},
	{0x03D, 0x0004A883},
	{0x03E, 0x00000000},
	{0x03F, 0x00000001},
	{0x0ED, 0x00000000},
	{0x018, 0x00001001},
	{0x10018, 0x00001001},
	{0x002, 0x0000000D},
	{0x10002, 0x0000000D},
	{0x0EE, 0x00000004},
	{0x033, 0x0000000B},
	{0x03F, 0x0000000B},
	{0x033, 0x0000000C},
	{0x03F, 0x00000012},
	{0x033, 0x0000000D},
	{0x03F, 0x00000019},
	{0x0EE, 0x00000000},
	{0x08F, 0x000D0F7A},
	{0x0EF, 0x00080000},
	{0x033, 0x00000008},
	{0x80010000, 0x00000000}, {0x40000000, 0x00000000},
	{0x03E, 0x00000031},
	{0x03F, 0x00000D30},
	{0x90020000, 0x00000000}, {0x40000000, 0x00000000},
	{0x03E, 0x00000031},
	{0x03F, 0x00000D30},
	{0x90010001, 0x00000000}, {0x40000000, 0x00000000},
	{0x03E, 0x00000031},
	{0x03F, 0x00000D30},
	{0x90020001, 0x00000000}, {0x40000000, 0x00000000},
	{0x03E, 0x00000031},
	{0x03F, 0x00000D30},
	{0x90030001, 0x00000000}, {0x40000000, 0x00000000},
	{0x03E, 0x00000031},
	{0x03F, 0x00000D30},
	{0x90040001, 0x00000000}, {0x40000000, 0x00000000},
	{0x03E, 0x00000031},
	{0x03F, 0x00000D30},
	{0x90050001, 0x00000000}, {0x40000000, 0x00000000},
	{0x03E, 0x00000031},
	{0x03F, 0x00000D30},
	{0x90060001, 0x00000000}, {0x40000000, 0x00000000},
	{0x03E, 0x00000031},
	{0x03F, 0x00000D30},
	{0x90070001, 0x00000000}, {0x40000000, 0x00000000},
	{0x03E, 0x00000031},
	{0x03F, 0x00000D30},
	{0x90080001, 0x00000000}, {0x40000000, 0x00000000},
	{0x03E, 0x00000031},
	{0x03F, 0x00000D30},
	{0x90290001, 0x00000000}, {0x40000000, 0x00000000},
	{0x03E, 0x00000031},
	{0x03F, 0x00000D30},
	{0x902b0001, 0x00000000}, {0x40000000, 0x00000000},
	{0x03E, 0x00000031},
	{0x03F, 0x00000D30},
	{0xA0000000, 0x00000000},
	{0x03E, 0x000000C4},
	{0x03F, 0x000034C0},
	{0xB0000000, 0x00000000},
	{0x033, 0x0000000A},
	{0x80010000, 0x00000000}, {0x40000000, 0x00000000},
	{0x03E, 0x00000031},
	{0x03F, 0x00000D74},
	{0x90020000, 0x00000000}, {0x40000000, 0x00000000},
	{0x03E, 0x00000031},
	{0x03F, 0x00000D74},
	{0x90010001, 0x00000000}, {0x40000000, 0x00000000},
	{0x03E, 0x00000031},
	{0x03F, 0x00000D74},
	{0x90020001, 0x00000000}, {0x40000000, 0x00000000},
	{0x03E, 0x00000031},
	{0x03F, 0x00000D74},
	{0x90030001, 0x00000000}, {0x40000000, 0x00000000},
	{0x03E, 0x00000031},
	{0x03F, 0x00000D74},
	{0x90040001, 0x00000000}, {0x40000000, 0x00000000},
	{0x03E, 0x00000031},
	{0x03F, 0x00000D74},
	{0x90050001, 0x00000000}, {0x40000000, 0x00000000},
	{0x03E, 0x00000031},
	{0x03F, 0x00000D74},
	{0x90060001, 0x00000000}, {0x40000000, 0x00000000},
	{0x03E, 0x00000031},
	{0x03F, 0x00000D74},
	{0x90070001, 0x00000000}, {0x40000000, 0x00000000},
	{0x03E, 0x00000031},
	{0x03F, 0x00000D74},
	{0x90080001, 0x00000000}, {0x40000000, 0x00000000},
	{0x03E, 0x00000031},
	{0x03F, 0x00000D74},
	{0x90290001, 0x00000000}, {0x40000000, 0x00000000},
	{0x03E, 0x00000031},
	{0x03F, 0x00000D74},
	{0x902b0001, 0x00000000}, {0x40000000, 0x00000000},
	{0x03E, 0x00000031},
	{0x03F, 0x00000D74},
	{0xA0000000, 0x00000000},
	{0x03E, 0x000000C4},
	{0x03F, 0x000035D0},
	{0xB0000000, 0x00000000},
	{0x033, 0x0000000B},
	{0x80010000, 0x00000000}, {0x40000000, 0x00000000},
	{0x03E, 0x00000031},
	{0x03F, 0x00000D72},
	{0x90020000, 0x00000000}, {0x40000000, 0x00000000},
	{0x03E, 0x00000031},
	{0x03F, 0x00000D72},
	{0x90010001, 0x00000000}, {0x40000000, 0x00000000},
	{0x03E, 0x00000031},
	{0x03F, 0x00000D72},
	{0x90020001, 0x00000000}, {0x40000000, 0x00000000},
	{0x03E, 0x00000031},
	{0x03F, 0x00000D72},
	{0x90030001, 0x00000000}, {0x40000000, 0x00000000},
	{0x03E, 0x00000031},
	{0x03F, 0x00000D72},
	{0x90040001, 0x00000000}, {0x40000000, 0x00000000},
	{0x03E, 0x00000031},
	{0x03F, 0x00000D72},
	{0x90050001, 0x00000000}, {0x40000000, 0x00000000},
	{0x03E, 0x00000031},
	{0x03F, 0x00000D72},
	{0x90060001, 0x00000000}, {0x40000000, 0x00000000},
	{0x03E, 0x00000031},
	{0x03F, 0x00000D72},
	{0x90070001, 0x00000000}, {0x40000000, 0x00000000},
	{0x03E, 0x00000031},
	{0x03F, 0x00000D72},
	{0x90080001, 0x00000000}, {0x40000000, 0x00000000},
	{0x03E, 0x00000031},
	{0x03F, 0x00000D72},
	{0x90290001, 0x00000000}, {0x40000000, 0x00000000},
	{0x03E, 0x00000031},
	{0x03F, 0x00000D72},
	{0x902b0001, 0x00000000}, {0x40000000, 0x00000000},
	{0x03E, 0x00000031},
	{0x03F, 0x00000D72},
	{0xA0000000, 0x00000000},
	{0x03E, 0x000000C4},
	{0x03F, 0x000035C8},
	{0xB0000000, 0x00000000},
	{0x033, 0x0000008A},
	{0x03E, 0x00000031},
	{0x03F, 0x00000D7D},
	{0x0EF, 0x00000000},
	{0x08D, 0x000CC800},
	{0x0EF, 0x00004000},
	{0x033, 0x00000007},
	{0x03F, 0x00000700},
	{0x033, 0x00000006},
	{0x03F, 0x00000700},
	{0x033, 0x00000005},
	{0x03F, 0x00090600},
	{0x033, 0x00000004},
	{0x03F, 0x000A3500},
	{0x033, 0x00000003},
	{0x03F, 0x000A3400},
	{0x033, 0x00000002},
	{0x03F, 0x00008B00},
	{0x033, 0x00000001},
	{0x03F, 0x00001B00},
	{0x033, 0x00000000},
	{0x03F, 0x00003A00},
	{0x033, 0x0000000F},
	{0x03F, 0x00000700},
	{0x033, 0x0000000E},
	{0x03F, 0x00000700},
	{0x033, 0x0000000D},
	{0x03F, 0x00090600},
	{0x033, 0x0000000C},
	{0x03F, 0x000A3500},
	{0x033, 0x0000000B},
	{0x03F, 0x000A3400},
	{0x033, 0x0000000A},
	{0x03F, 0x00008B00},
	{0x033, 0x00000009},
	{0x03F, 0x00001B00},
	{0x033, 0x00000008},
	{0x03F, 0x00003A00},
	{0x033, 0x00000017},
	{0x03F, 0x00000705},
	{0x033, 0x00000016},
	{0x03F, 0x00000705},
	{0x033, 0x00000015},
	{0x03F, 0x00090605},
	{0x033, 0x00000014},
	{0x03F, 0x000A3505},
	{0x033, 0x00000013},
	{0x03F, 0x000A3405},
	{0x033, 0x00000012},
	{0x03F, 0x00008B05},
	{0x033, 0x00000011},
	{0x03F, 0x00001B05},
	{0x033, 0x00000010},
	{0x03F, 0x00003A05},
	{0x0EF, 0x00000000},
	{0x0EE, 0x00000010},
	{0x033, 0x00000006},
	{0x03F, 0x00000003},
	{0x033, 0x00000007},
	{0x03F, 0x00000003},
	{0x033, 0x00000008},
	{0x03F, 0x00000001},
	{0x0EE, 0x00000000},
	{0x0EF, 0x00001000},
	{0x033, 0x00000000},
	{0x03F, 0x00000015},
	{0x033, 0x00000001},
	{0x80010000, 0x00000000}, {0x40000000, 0x00000000},
	{0x03F, 0x00000005},
	{0x90020000, 0x00000000}, {0x40000000, 0x00000000},
	{0x03F, 0x00000005},
	{0x90010001, 0x00000000}, {0x40000000, 0x00000000},
	{0x03F, 0x00000017},
	{0x90020001, 0x00000000}, {0x40000000, 0x00000000},
	{0x03F, 0x00000017},
	{0x90030001, 0x00000000}, {0x40000000, 0x00000000},
	{0x03F, 0x00000017},
	{0x90040001, 0x00000000}, {0x40000000, 0x00000000},
	{0x03F, 0x00000017},
	{0x90050001, 0x00000000}, {0x40000000, 0x00000000},
	{0x03F, 0x00000017},
	{0x90060001, 0x00000000}, {0x40000000, 0x00000000},
	{0x03F, 0x00000017},
	{0x90070001, 0x00000000}, {0x40000000, 0x00000000},
	{0x03F, 0x00000017},
	{0x90080001, 0x00000000}, {0x40000000, 0x00000000},
	{0x03F, 0x00000017},
	{0x90290001, 0x00000000}, {0x40000000, 0x00000000},
	{0x03F, 0x00000017},
	{0x902b0001, 0x00000000}, {0x40000000, 0x00000000},
	{0x03F, 0x00000017},
	{0xA0000000, 0x00000000},
	{0x03F, 0x00000005},
	{0xB0000000, 0x00000000},
	{0x033, 0x00000002},
	{0x80010000, 0x00000000}, {0x40000000, 0x00000000},
	{0x03F, 0x00000017},
	{0x90020000, 0x00000000}, {0x40000000, 0x00000000},
	{0x03F, 0x00000017},
	{0x90010001, 0x00000000}, {0x40000000, 0x00000000},
	{0x03F, 0x00000015},
	{0x90020001, 0x00000000}, {0x40000000, 0x00000000},
	{0x03F, 0x00000015},
	{0x90030001, 0x00000000}, {0x40000000, 0x00000000},
	{0x03F, 0x00000015},
	{0x90040001, 0x00000000}, {0x40000000, 0x00000000},
	{0x03F, 0x00000015},
	{0x90050001, 0x00000000}, {0x40000000, 0x00000000},
	{0x03F, 0x00000015},
	{0x90060001, 0x00000000}, {0x40000000, 0x00000000},
	{0x03F, 0x00000015},
	{0x90070001, 0x00000000}, {0x40000000, 0x00000000},
	{0x03F, 0x00000015},
	{0x90080001, 0x00000000}, {0x40000000, 0x00000000},
	{0x03F, 0x00000015},
	{0x90290001, 0x00000000}, {0x40000000, 0x00000000},
	{0x03F, 0x00000015},
	{0x902b0001, 0x00000000}, {0x40000000, 0x00000000},
	{0x03F, 0x00000015},
	{0xA0000000, 0x00000000},
	{0x03F, 0x00000017},
	{0xB0000000, 0x00000000},
	{0x033, 0x00000003},
	{0x80010000, 0x00000000}, {0x40000000, 0x00000000},
	{0x03F, 0x00000007},
	{0x90020000, 0x00000000}, {0x40000000, 0x00000000},
	{0x03F, 0x00000007},
	{0x90010001, 0x00000000}, {0x40000000, 0x00000000},
	{0x03F, 0x00000005},
	{0x90020001, 0x00000000}, {0x40000000, 0x00000000},
	{0x03F, 0x00000005},
	{0x90030001, 0x00000000}, {0x40000000, 0x00000000},
	{0x03F, 0x00000005},
	{0x90040001, 0x00000000}, {0x40000000, 0x00000000},
	{0x03F, 0x00000005},
	{0x90050001, 0x00000000}, {0x40000000, 0x00000000},
	{0x03F, 0x00000005},
	{0x90060001, 0x00000000}, {0x40000000, 0x00000000},
	{0x03F, 0x00000005},
	{0x90070001, 0x00000000}, {0x40000000, 0x00000000},
	{0x03F, 0x00000005},
	{0x90080001, 0x00000000}, {0x40000000, 0x00000000},
	{0x03F, 0x00000005},
	{0x90290001, 0x00000000}, {0x40000000, 0x00000000},
	{0x03F, 0x00000005},
	{0x902b0001, 0x00000000}, {0x40000000, 0x00000000},
	{0x03F, 0x00000005},
	{0xA0000000, 0x00000000},
	{0x03F, 0x00000007},
	{0xB0000000, 0x00000000},
	{0x0EF, 0x00000000},
	{0x0EF, 0x00008000},
	{0x033, 0x00000000},
	{0x03E, 0x00004FC0},
	{0x03F, 0x00000087},
	{0x033, 0x00000001},
	{0x03E, 0x000046C0},
	{0x03F, 0x00000087},
	{0x033, 0x00000002},
	{0x03E, 0x00004240},
	{0x03F, 0x00000087},
	{0x033, 0x00000003},
	{0x03E, 0x00008010},
	{0x03F, 0x00000147},
	{0x033, 0x00000004},
	{0x03E, 0x0000A048},
	{0x03F, 0x0000004F},
	{0x033, 0x00000005},
	{0x03E, 0x0000A030},
	{0x03F, 0x0000005F},
	{0x033, 0x00000006},
	{0x03E, 0x0000A000},
	{0x03F, 0x0000009F},
	{0x033, 0x00000008},
	{0x03E, 0x00004FC0},
	{0x03F, 0x00000087},
	{0x033, 0x00000009},
	{0x03E, 0x000046C0},
	{0x03F, 0x00000087},
	{0x033, 0x0000000A},
	{0x03E, 0x00004240},
	{0x03F, 0x00000087},
	{0x033, 0x0000000B},
	{0x03E, 0x00008010},
	{0x03F, 0x00000147},
	{0x033, 0x0000000C},
	{0x03E, 0x0000A048},
	{0x03F, 0x0000004F},
	{0x033, 0x0000000D},
	{0x03E, 0x0000A030},
	{0x03F, 0x0000005F},
	{0x033, 0x0000000E},
	{0x03E, 0x0000A000},
	{0x03F, 0x0000009F},
	{0x033, 0x00000010},
	{0x03E, 0x00004FC0},
	{0x03F, 0x00000087},
	{0x033, 0x00000011},
	{0x03E, 0x000046C0},
	{0x03F, 0x00000087},
	{0x033, 0x00000012},
	{0x03E, 0x00004240},
	{0x03F, 0x00000087},
	{0x033, 0x00000013},
	{0x03E, 0x00008010},
	{0x03F, 0x00000147},
	{0x033, 0x00000014},
	{0x03E, 0x0000A048},
	{0x03F, 0x0000004F},
	{0x033, 0x00000015},
	{0x03E, 0x0000A030},
	{0x03F, 0x0000005F},
	{0x033, 0x00000016},
	{0x03E, 0x0000A000},
	{0x03F, 0x0000009F},
	{0x033, 0x00000020},
	{0x03E, 0x00004FC0},
	{0x03F, 0x00000087},
	{0x033, 0x00000021},
	{0x03E, 0x000046C0},
	{0x03F, 0x00000087},
	{0x033, 0x00000022},
	{0x03E, 0x00004240},
	{0x03F, 0x00000087},
	{0x033, 0x00000023},
	{0x03E, 0x00008010},
	{0x03F, 0x00000147},
	{0x033, 0x00000024},
	{0x03E, 0x0000A048},
	{0x03F, 0x0000004F},
	{0x033, 0x00000025},
	{0x03E, 0x0000A030},
	{0x03F, 0x0000005F},
	{0x033, 0x00000026},
	{0x03E, 0x0000A000},
	{0x03F, 0x0000009F},
	{0x033, 0x00000028},
	{0x03E, 0x00004FC0},
	{0x03F, 0x00000087},
	{0x033, 0x00000029},
	{0x03E, 0x000046C0},
	{0x03F, 0x00000087},
	{0x033, 0x0000002A},
	{0x03E, 0x00004240},
	{0x03F, 0x00000087},
	{0x033, 0x0000002B},
	{0x03E, 0x00008010},
	{0x03F, 0x00000147},
	{0x033, 0x0000002C},
	{0x03E, 0x0000A048},
	{0x03F, 0x0000004F},
	{0x033, 0x0000002D},
	{0x03E, 0x0000A030},
	{0x03F, 0x0000005F},
	{0x033, 0x0000002E},
	{0x03E, 0x0000A000},
	{0x03F, 0x0000009F},
	{0x033, 0x00000030},
	{0x03E, 0x00004FC0},
	{0x03F, 0x00000087},
	{0x033, 0x00000031},
	{0x03E, 0x000046C0},
	{0x03F, 0x00000087},
	{0x033, 0x00000032},
	{0x03E, 0x00004240},
	{0x03F, 0x00000087},
	{0x033, 0x00000033},
	{0x03E, 0x00008010},
	{0x03F, 0x00000147},
	{0x033, 0x00000034},
	{0x03E, 0x0000A048},
	{0x03F, 0x0000004F},
	{0x033, 0x00000035},
	{0x03E, 0x0000A030},
	{0x03F, 0x0000005F},
	{0x033, 0x00000036},
	{0x03E, 0x0000A000},
	{0x03F, 0x0000009F},
	{0x0EF, 0x00000000},
	{0x0EF, 0x00000100},
	{0x033, 0x00000000},
	{0x03F, 0x00004346},
	{0x033, 0x00000001},
	{0x03F, 0x00004346},
	{0x033, 0x00000002},
	{0x03F, 0x00004346},
	{0x033, 0x00000003},
	{0x80010000, 0x00000000}, {0x40000000, 0x00000000},
	{0x03F, 0x00004346},
	{0x90020000, 0x00000000}, {0x40000000, 0x00000000},
	{0x03F, 0x00004346},
	{0x90010001, 0x00000000}, {0x40000000, 0x00000000},
	{0x03F, 0x00004376},
	{0x90020001, 0x00000000}, {0x40000000, 0x00000000},
	{0x03F, 0x00004376},
	{0x90030001, 0x00000000}, {0x40000000, 0x00000000},
	{0x03F, 0x00004376},
	{0x90040001, 0x00000000}, {0x40000000, 0x00000000},
	{0x03F, 0x00004376},
	{0x90050001, 0x00000000}, {0x40000000, 0x00000000},
	{0x03F, 0x00004376},
	{0x90060001, 0x00000000}, {0x40000000, 0x00000000},
	{0x03F, 0x00004376},
	{0x90070001, 0x00000000}, {0x40000000, 0x00000000},
	{0x03F, 0x00004376},
	{0x90080001, 0x00000000}, {0x40000000, 0x00000000},
	{0x03F, 0x00004376},
	{0x90290001, 0x00000000}, {0x40000000, 0x00000000},
	{0x03F, 0x00004376},
	{0x902b0001, 0x00000000}, {0x40000000, 0x00000000},
	{0x03F, 0x00004376},
	{0xA0000000, 0x00000000},
	{0x03F, 0x00004346},
	{0xB0000000, 0x00000000},
	{0x033, 0x00000004},
	{0x03F, 0x00004346},
	{0x033, 0x00000005},
	{0x80010000, 0x00000000}, {0x40000000, 0x00000000},
	{0x03F, 0x00004346},
	{0x90020000, 0x00000000}, {0x40000000, 0x00000000},
	{0x03F, 0x00004346},
	{0x90010001, 0x00000000}, {0x40000000, 0x00000000},
	{0x03F, 0x00004317},
	{0x90020001, 0x00000000}, {0x40000000, 0x00000000},
	{0x03F, 0x00004317},
	{0x90030001, 0x00000000}, {0x40000000, 0x00000000},
	{0x03F, 0x00004317},
	{0x90040001, 0x00000000}, {0x40000000, 0x00000000},
	{0x03F, 0x00004317},
	{0x90050001, 0x00000000}, {0x40000000, 0x00000000},
	{0x03F, 0x00004317},
	{0x90060001, 0x00000000}, {0x40000000, 0x00000000},
	{0x03F, 0x00004317},
	{0x90070001, 0x00000000}, {0x40000000, 0x00000000},
	{0x03F, 0x00004317},
	{0x90080001, 0x00000000}, {0x40000000, 0x00000000},
	{0x03F, 0x00004317},
	{0x90290001, 0x00000000}, {0x40000000, 0x00000000},
	{0x03F, 0x00004317},
	{0x902b0001, 0x00000000}, {0x40000000, 0x00000000},
	{0x03F, 0x00004317},
	{0xA0000000, 0x00000000},
	{0x03F, 0x00004346},
	{0xB0000000, 0x00000000},
	{0x033, 0x00000006},
	{0x80010000, 0x00000000}, {0x40000000, 0x00000000},
	{0x03F, 0x00004346},
	{0x90020000, 0x00000000}, {0x40000000, 0x00000000},
	{0x03F, 0x00004346},
	{0x90010001, 0x00000000}, {0x40000000, 0x00000000},
	{0x03F, 0x00004376},
	{0x90020001, 0x00000000}, {0x40000000, 0x00000000},
	{0x03F, 0x00004376},
	{0x90030001, 0x00000000}, {0x40000000, 0x00000000},
	{0x03F, 0x00004376},
	{0x90040001, 0x00000000}, {0x40000000, 0x00000000},
	{0x03F, 0x00004376},
	{0x90050001, 0x00000000}, {0x40000000, 0x00000000},
	{0x03F, 0x00004376},
	{0x90060001, 0x00000000}, {0x40000000, 0x00000000},
	{0x03F, 0x00004376},
	{0x90070001, 0x00000000}, {0x40000000, 0x00000000},
	{0x03F, 0x00004376},
	{0x90080001, 0x00000000}, {0x40000000, 0x00000000},
	{0x03F, 0x00004376},
	{0x90290001, 0x00000000}, {0x40000000, 0x00000000},
	{0x03F, 0x00004376},
	{0x902b0001, 0x00000000}, {0x40000000, 0x00000000},
	{0x03F, 0x00004376},
	{0xA0000000, 0x00000000},
	{0x03F, 0x00004346},
	{0xB0000000, 0x00000000},
	{0x033, 0x00000007},
	{0x80010000, 0x00000000}, {0x40000000, 0x00000000},
	{0x03F, 0x00004346},
	{0x90020000, 0x00000000}, {0x40000000, 0x00000000},
	{0x03F, 0x00004346},
	{0x90010001, 0x00000000}, {0x40000000, 0x00000000},
	{0x03F, 0x00004376},
	{0x90020001, 0x00000000}, {0x40000000, 0x00000000},
	{0x03F, 0x00004376},
	{0x90030001, 0x00000000}, {0x40000000, 0x00000000},
	{0x03F, 0x00004376},
	{0x90040001, 0x00000000}, {0x40000000, 0x00000000},
	{0x03F, 0x00004376},
	{0x90050001, 0x00000000}, {0x40000000, 0x00000000},
	{0x03F, 0x00004376},
	{0x90060001, 0x00000000}, {0x40000000, 0x00000000},
	{0x03F, 0x00004376},
	{0x90070001, 0x00000000}, {0x40000000, 0x00000000},
	{0x03F, 0x00004376},
	{0x90080001, 0x00000000}, {0x40000000, 0x00000000},
	{0x03F, 0x00004376},
	{0x90290001, 0x00000000}, {0x40000000, 0x00000000},
	{0x03F, 0x00004376},
	{0x902b0001, 0x00000000}, {0x40000000, 0x00000000},
	{0x03F, 0x00004376},
	{0xA0000000, 0x00000000},
	{0x03F, 0x00004346},
	{0xB0000000, 0x00000000},
	{0x033, 0x00000008},
	{0x80010000, 0x00000000}, {0x40000000, 0x00000000},
	{0x03F, 0x00004346},
	{0x90020000, 0x00000000}, {0x40000000, 0x00000000},
	{0x03F, 0x00004346},
	{0x90010001, 0x00000000}, {0x40000000, 0x00000000},
	{0x03F, 0x00004376},
	{0x90020001, 0x00000000}, {0x40000000, 0x00000000},
	{0x03F, 0x00004376},
	{0x90030001, 0x00000000}, {0x40000000, 0x00000000},
	{0x03F, 0x00004376},
	{0x90040001, 0x00000000}, {0x40000000, 0x00000000},
	{0x03F, 0x00004376},
	{0x90050001, 0x00000000}, {0x40000000, 0x00000000},
	{0x03F, 0x00004376},
	{0x90060001, 0x00000000}, {0x40000000, 0x00000000},
	{0x03F, 0x00004376},
	{0x90070001, 0x00000000}, {0x40000000, 0x00000000},
	{0x03F, 0x00004376},
	{0x90080001, 0x00000000}, {0x40000000, 0x00000000},
	{0x03F, 0x00004376},
	{0x90290001, 0x00000000}, {0x40000000, 0x00000000},
	{0x03F, 0x00004376},
	{0x902b0001, 0x00000000}, {0x40000000, 0x00000000},
	{0x03F, 0x00004376},
	{0xA0000000, 0x00000000},
	{0x03F, 0x00004346},
	{0xB0000000, 0x00000000},
	{0x033, 0x00000009},
	{0x80010000, 0x00000000}, {0x40000000, 0x00000000},
	{0x03F, 0x00004346},
	{0x90020000, 0x00000000}, {0x40000000, 0x00000000},
	{0x03F, 0x00004346},
	{0x90010001, 0x00000000}, {0x40000000, 0x00000000},
	{0x03F, 0x00004376},
	{0x90020001, 0x00000000}, {0x40000000, 0x00000000},
	{0x03F, 0x00004376},
	{0x90030001, 0x00000000}, {0x40000000, 0x00000000},
	{0x03F, 0x00004376},
	{0x90040001, 0x00000000}, {0x40000000, 0x00000000},
	{0x03F, 0x00004376},
	{0x90050001, 0x00000000}, {0x40000000, 0x00000000},
	{0x03F, 0x00004376},
	{0x90060001, 0x00000000}, {0x40000000, 0x00000000},
	{0x03F, 0x00004376},
	{0x90070001, 0x00000000}, {0x40000000, 0x00000000},
	{0x03F, 0x00004376},
	{0x90080001, 0x00000000}, {0x40000000, 0x00000000},
	{0x03F, 0x00004376},
	{0x90290001, 0x00000000}, {0x40000000, 0x00000000},
	{0x03F, 0x00004376},
	{0x902b0001, 0x00000000}, {0x40000000, 0x00000000},
	{0x03F, 0x00004376},
	{0xA0000000, 0x00000000},
	{0x03F, 0x00004346},
	{0xB0000000, 0x00000000},
	{0x033, 0x0000000A},
	{0x80010000, 0x00000000}, {0x40000000, 0x00000000},
	{0x03F, 0x00004346},
	{0x90020000, 0x00000000}, {0x40000000, 0x00000000},
	{0x03F, 0x00004346},
	{0x90010001, 0x00000000}, {0x40000000, 0x00000000},
	{0x03F, 0x000043A6},
	{0x90020001, 0x00000000}, {0x40000000, 0x00000000},
	{0x03F, 0x000043A6},
	{0x90030001, 0x00000000}, {0x40000000, 0x00000000},
	{0x03F, 0x000043A6},
	{0x90040001, 0x00000000}, {0x40000000, 0x00000000},
	{0x03F, 0x000043A6},
	{0x90050001, 0x00000000}, {0x40000000, 0x00000000},
	{0x03F, 0x000043A6},
	{0x90060001, 0x00000000}, {0x40000000, 0x00000000},
	{0x03F, 0x000043A6},
	{0x90070001, 0x00000000}, {0x40000000, 0x00000000},
	{0x03F, 0x000043A6},
	{0x90080001, 0x00000000}, {0x40000000, 0x00000000},
	{0x03F, 0x000043A6},
	{0x90290001, 0x00000000}, {0x40000000, 0x00000000},
	{0x03F, 0x000043A6},
	{0x902b0001, 0x00000000}, {0x40000000, 0x00000000},
	{0x03F, 0x000043A6},
	{0xA0000000, 0x00000000},
	{0x03F, 0x00004346},
	{0xB0000000, 0x00000000},
	{0x033, 0x0000000B},
	{0x80010000, 0x00000000}, {0x40000000, 0x00000000},
	{0x03F, 0x00004346},
	{0x90020000, 0x00000000}, {0x40000000, 0x00000000},
	{0x03F, 0x00004346},
	{0x90010001, 0x00000000}, {0x40000000, 0x00000000},
	{0x03F, 0x000043A6},
	{0x90020001, 0x00000000}, {0x40000000, 0x00000000},
	{0x03F, 0x000043A6},
	{0x90030001, 0x00000000}, {0x40000000, 0x00000000},
	{0x03F, 0x000043A6},
	{0x90040001, 0x00000000}, {0x40000000, 0x00000000},
	{0x03F, 0x000043A6},
	{0x90050001, 0x00000000}, {0x40000000, 0x00000000},
	{0x03F, 0x000043A6},
	{0x90060001, 0x00000000}, {0x40000000, 0x00000000},
	{0x03F, 0x000043A6},
	{0x90070001, 0x00000000}, {0x40000000, 0x00000000},
	{0x03F, 0x000043A6},
	{0x90080001, 0x00000000}, {0x40000000, 0x00000000},
	{0x03F, 0x000043A6},
	{0x90290001, 0x00000000}, {0x40000000, 0x00000000},
	{0x03F, 0x000043A6},
	{0x902b0001, 0x00000000}, {0x40000000, 0x00000000},
	{0x03F, 0x000043A6},
	{0xA0000000, 0x00000000},
	{0x03F, 0x00004346},
	{0xB0000000, 0x00000000},
	{0x033, 0x0000000C},
	{0x80010000, 0x00000000}, {0x40000000, 0x00000000},
	{0x03F, 0x00004346},
	{0x90020000, 0x00000000}, {0x40000000, 0x00000000},
	{0x03F, 0x00004346},
	{0x90010001, 0x00000000}, {0x40000000, 0x00000000},
	{0x03F, 0x000043A6},
	{0x90020001, 0x00000000}, {0x40000000, 0x00000000},
	{0x03F, 0x000043A6},
	{0x90030001, 0x00000000}, {0x40000000, 0x00000000},
	{0x03F, 0x000043A6},
	{0x90040001, 0x00000000}, {0x40000000, 0x00000000},
	{0x03F, 0x000043A6},
	{0x90050001, 0x00000000}, {0x40000000, 0x00000000},
	{0x03F, 0x000043A6},
	{0x90060001, 0x00000000}, {0x40000000, 0x00000000},
	{0x03F, 0x000043A6},
	{0x90070001, 0x00000000}, {0x40000000, 0x00000000},
	{0x03F, 0x000043A6},
	{0x90080001, 0x00000000}, {0x40000000, 0x00000000},
	{0x03F, 0x000043A6},
	{0x90290001, 0x00000000}, {0x40000000, 0x00000000},
	{0x03F, 0x000043A6},
	{0x902b0001, 0x00000000}, {0x40000000, 0x00000000},
	{0x03F, 0x000043A6},
	{0xA0000000, 0x00000000},
	{0x03F, 0x00004346},
	{0xB0000000, 0x00000000},
	{0x033, 0x0000000D},
	{0x80010000, 0x00000000}, {0x40000000, 0x00000000},
	{0x03F, 0x00004346},
	{0x90020000, 0x00000000}, {0x40000000, 0x00000000},
	{0x03F, 0x00004346},
	{0x90010001, 0x00000000}, {0x40000000, 0x00000000},
	{0x03F, 0x000043A6},
	{0x90020001, 0x00000000}, {0x40000000, 0x00000000},
	{0x03F, 0x000043A6},
	{0x90030001, 0x00000000}, {0x40000000, 0x00000000},
	{0x03F, 0x000043A6},
	{0x90040001, 0x00000000}, {0x40000000, 0x00000000},
	{0x03F, 0x000043A6},
	{0x90050001, 0x00000000}, {0x40000000, 0x00000000},
	{0x03F, 0x000043A6},
	{0x90060001, 0x00000000}, {0x40000000, 0x00000000},
	{0x03F, 0x000043A6},
	{0x90070001, 0x00000000}, {0x40000000, 0x00000000},
	{0x03F, 0x000043A6},
	{0x90080001, 0x00000000}, {0x40000000, 0x00000000},
	{0x03F, 0x000043A6},
	{0x90290001, 0x00000000}, {0x40000000, 0x00000000},
	{0x03F, 0x000043A6},
	{0x902b0001, 0x00000000}, {0x40000000, 0x00000000},
	{0x03F, 0x000043A6},
	{0xA0000000, 0x00000000},
	{0x03F, 0x00004346},
	{0xB0000000, 0x00000000},
	{0x033, 0x0000000E},
	{0x80010000, 0x00000000}, {0x40000000, 0x00000000},
	{0x03F, 0x00004366},
	{0x90020000, 0x00000000}, {0x40000000, 0x00000000},
	{0x03F, 0x00004366},
	{0x90010001, 0x00000000}, {0x40000000, 0x00000000},
	{0x03F, 0x00004346},
	{0x90020001, 0x00000000}, {0x40000000, 0x00000000},
	{0x03F, 0x00004346},
	{0x90030001, 0x00000000}, {0x40000000, 0x00000000},
	{0x03F, 0x00004346},
	{0x90040001, 0x00000000}, {0x40000000, 0x00000000},
	{0x03F, 0x00004346},
	{0x90050001, 0x00000000}, {0x40000000, 0x00000000},
	{0x03F, 0x00004346},
	{0x90060001, 0x00000000}, {0x40000000, 0x00000000},
	{0x03F, 0x00004346},
	{0x90070001, 0x00000000}, {0x40000000, 0x00000000},
	{0x03F, 0x00004346},
	{0x90080001, 0x00000000}, {0x40000000, 0x00000000},
	{0x03F, 0x00004346},
	{0x90290001, 0x00000000}, {0x40000000, 0x00000000},
	{0x03F, 0x00004346},
	{0x902b0001, 0x00000000}, {0x40000000, 0x00000000},
	{0x03F, 0x00004346},
	{0xA0000000, 0x00000000},
	{0x03F, 0x00004366},
	{0xB0000000, 0x00000000},
	{0x033, 0x0000000F},
	{0x80010000, 0x00000000}, {0x40000000, 0x00000000},
	{0x03F, 0x00004366},
	{0x90020000, 0x00000000}, {0x40000000, 0x00000000},
	{0x03F, 0x00004366},
	{0x90010001, 0x00000000}, {0x40000000, 0x00000000},
	{0x03F, 0x00004346},
	{0x90020001, 0x00000000}, {0x40000000, 0x00000000},
	{0x03F, 0x00004346},
	{0x90030001, 0x00000000}, {0x40000000, 0x00000000},
	{0x03F, 0x00004346},
	{0x90040001, 0x00000000}, {0x40000000, 0x00000000},
	{0x03F, 0x00004346},
	{0x90050001, 0x00000000}, {0x40000000, 0x00000000},
	{0x03F, 0x00004346},
	{0x90060001, 0x00000000}, {0x40000000, 0x00000000},
	{0x03F, 0x00004346},
	{0x90070001, 0x00000000}, {0x40000000, 0x00000000},
	{0x03F, 0x00004346},
	{0x90080001, 0x00000000}, {0x40000000, 0x00000000},
	{0x03F, 0x00004346},
	{0x90290001, 0x00000000}, {0x40000000, 0x00000000},
	{0x03F, 0x00004346},
	{0x902b0001, 0x00000000}, {0x40000000, 0x00000000},
	{0x03F, 0x00004346},
	{0xA0000000, 0x00000000},
	{0x03F, 0x00004366},
	{0xB0000000, 0x00000000},
	{0x033, 0x00000010},
	{0x80010000, 0x00000000}, {0x40000000, 0x00000000},
	{0x03F, 0x00004366},
	{0x90020000, 0x00000000}, {0x40000000, 0x00000000},
	{0x03F, 0x00004366},
	{0x90010001, 0x00000000}, {0x40000000, 0x00000000},
	{0x03F, 0x00004346},
	{0x90020001, 0x00000000}, {0x40000000, 0x00000000},
	{0x03F, 0x00004346},
	{0x90030001, 0x00000000}, {0x40000000, 0x00000000},
	{0x03F, 0x00004346},
	{0x90040001, 0x00000000}, {0x40000000, 0x00000000},
	{0x03F, 0x00004346},
	{0x90050001, 0x00000000}, {0x40000000, 0x00000000},
	{0x03F, 0x00004346},
	{0x90060001, 0x00000000}, {0x40000000, 0x00000000},
	{0x03F, 0x00004346},
	{0x90070001, 0x00000000}, {0x40000000, 0x00000000},
	{0x03F, 0x00004346},
	{0x90080001, 0x00000000}, {0x40000000, 0x00000000},
	{0x03F, 0x00004346},
	{0x90290001, 0x00000000}, {0x40000000, 0x00000000},
	{0x03F, 0x00004346},
	{0x902b0001, 0x00000000}, {0x40000000, 0x00000000},
	{0x03F, 0x00004346},
	{0xA0000000, 0x00000000},
	{0x03F, 0x00004366},
	{0xB0000000, 0x00000000},
	{0x033, 0x00000011},
	{0x80010000, 0x00000000}, {0x40000000, 0x00000000},
	{0x03F, 0x00004366},
	{0x90020000, 0x00000000}, {0x40000000, 0x00000000},
	{0x03F, 0x00004366},
	{0x90010001, 0x00000000}, {0x40000000, 0x00000000},
	{0x03F, 0x00004346},
	{0x90020001, 0x00000000}, {0x40000000, 0x00000000},
	{0x03F, 0x00004346},
	{0x90030001, 0x00000000}, {0x40000000, 0x00000000},
	{0x03F, 0x00004346},
	{0x90040001, 0x00000000}, {0x40000000, 0x00000000},
	{0x03F, 0x00004346},
	{0x90050001, 0x00000000}, {0x40000000, 0x00000000},
	{0x03F, 0x00004346},
	{0x90060001, 0x00000000}, {0x40000000, 0x00000000},
	{0x03F, 0x00004346},
	{0x90070001, 0x00000000}, {0x40000000, 0x00000000},
	{0x03F, 0x00004346},
	{0x90080001, 0x00000000}, {0x40000000, 0x00000000},
	{0x03F, 0x00004346},
	{0x90290001, 0x00000000}, {0x40000000, 0x00000000},
	{0x03F, 0x00004346},
	{0x902b0001, 0x00000000}, {0x40000000, 0x00000000},
	{0x03F, 0x00004346},
	{0xA0000000, 0x00000000},
	{0x03F, 0x00004366},
	{0xB0000000, 0x00000000},
	{0x033, 0x00000012},
	{0x80010000, 0x00000000}, {0x40000000, 0x00000000},
	{0x03F, 0x00004366},
	{0x90020000, 0x00000000}, {0x40000000, 0x00000000},
	{0x03F, 0x00004366},
	{0x90010001, 0x00000000}, {0x40000000, 0x00000000},
	{0x03F, 0x00004346},
	{0x90020001, 0x00000000}, {0x40000000, 0x00000000},
	{0x03F, 0x00004346},
	{0x90030001, 0x00000000}, {0x40000000, 0x00000000},
	{0x03F, 0x00004346},
	{0x90040001, 0x00000000}, {0x40000000, 0x00000000},
	{0x03F, 0x00004346},
	{0x90050001, 0x00000000}, {0x40000000, 0x00000000},
	{0x03F, 0x00004346},
	{0x90060001, 0x00000000}, {0x40000000, 0x00000000},
	{0x03F, 0x00004346},
	{0x90070001, 0x00000000}, {0x40000000, 0x00000000},
	{0x03F, 0x00004346},
	{0x90080001, 0x00000000}, {0x40000000, 0x00000000},
	{0x03F, 0x00004346},
	{0x90290001, 0x00000000}, {0x40000000, 0x00000000},
	{0x03F, 0x00004346},
	{0x902b0001, 0x00000000}, {0x40000000, 0x00000000},
	{0x03F, 0x00004346},
	{0xA0000000, 0x00000000},
	{0x03F, 0x00004366},
	{0xB0000000, 0x00000000},
	{0x033, 0x00000013},
	{0x80010000, 0x00000000}, {0x40000000, 0x00000000},
	{0x03F, 0x00004366},
	{0x90020000, 0x00000000}, {0x40000000, 0x00000000},
	{0x03F, 0x00004366},
	{0x90010001, 0x00000000}, {0x40000000, 0x00000000},
	{0x03F, 0x00004347},
	{0x90020001, 0x00000000}, {0x40000000, 0x00000000},
	{0x03F, 0x00004347},
	{0x90030001, 0x00000000}, {0x40000000, 0x00000000},
	{0x03F, 0x00004347},
	{0x90040001, 0x00000000}, {0x40000000, 0x00000000},
	{0x03F, 0x00004347},
	{0x90050001, 0x00000000}, {0x40000000, 0x00000000},
	{0x03F, 0x00004347},
	{0x90060001, 0x00000000}, {0x40000000, 0x00000000},
	{0x03F, 0x00004347},
	{0x90070001, 0x00000000}, {0x40000000, 0x00000000},
	{0x03F, 0x00004347},
	{0x90080001, 0x00000000}, {0x40000000, 0x00000000},
	{0x03F, 0x00004347},
	{0x90290001, 0x00000000}, {0x40000000, 0x00000000},
	{0x03F, 0x00004347},
	{0x902b0001, 0x00000000}, {0x40000000, 0x00000000},
	{0x03F, 0x00004347},
	{0xA0000000, 0x00000000},
	{0x03F, 0x00004366},
	{0xB0000000, 0x00000000},
	{0x033, 0x00000014},
	{0x80010000, 0x00000000}, {0x40000000, 0x00000000},
	{0x03F, 0x00004366},
	{0x90020000, 0x00000000}, {0x40000000, 0x00000000},
	{0x03F, 0x00004366},
	{0x90010001, 0x00000000}, {0x40000000, 0x00000000},
	{0x03F, 0x00004346},
	{0x90020001, 0x00000000}, {0x40000000, 0x00000000},
	{0x03F, 0x00004346},
	{0x90030001, 0x00000000}, {0x40000000, 0x00000000},
	{0x03F, 0x00004346},
	{0x90040001, 0x00000000}, {0x40000000, 0x00000000},
	{0x03F, 0x00004346},
	{0x90050001, 0x00000000}, {0x40000000, 0x00000000},
	{0x03F, 0x00004346},
	{0x90060001, 0x00000000}, {0x40000000, 0x00000000},
	{0x03F, 0x00004346},
	{0x90070001, 0x00000000}, {0x40000000, 0x00000000},
	{0x03F, 0x00004346},
	{0x90080001, 0x00000000}, {0x40000000, 0x00000000},
	{0x03F, 0x00004346},
	{0x90290001, 0x00000000}, {0x40000000, 0x00000000},
	{0x03F, 0x00004346},
	{0x902b0001, 0x00000000}, {0x40000000, 0x00000000},
	{0x03F, 0x00004346},
	{0xA0000000, 0x00000000},
	{0x03F, 0x00004366},
	{0xB0000000, 0x00000000},
	{0x033, 0x00000015},
	{0x80010000, 0x00000000}, {0x40000000, 0x00000000},
	{0x03F, 0x00004366},
	{0x90020000, 0x00000000}, {0x40000000, 0x00000000},
	{0x03F, 0x00004366},
	{0x90010001, 0x00000000}, {0x40000000, 0x00000000},
	{0x03F, 0x00004346},
	{0x90020001, 0x00000000}, {0x40000000, 0x00000000},
	{0x03F, 0x00004346},
	{0x90030001, 0x00000000}, {0x40000000, 0x00000000},
	{0x03F, 0x00004346},
	{0x90040001, 0x00000000}, {0x40000000, 0x00000000},
	{0x03F, 0x00004346},
	{0x90050001, 0x00000000}, {0x40000000, 0x00000000},
	{0x03F, 0x00004346},
	{0x90060001, 0x00000000}, {0x40000000, 0x00000000},
	{0x03F, 0x00004346},
	{0x90070001, 0x00000000}, {0x40000000, 0x00000000},
	{0x03F, 0x00004346},
	{0x90080001, 0x00000000}, {0x40000000, 0x00000000},
	{0x03F, 0x00004346},
	{0x90290001, 0x00000000}, {0x40000000, 0x00000000},
	{0x03F, 0x00004346},
	{0x902b0001, 0x00000000}, {0x40000000, 0x00000000},
	{0x03F, 0x00004346},
	{0xA0000000, 0x00000000},
	{0x03F, 0x00004366},
	{0xB0000000, 0x00000000},
	{0x033, 0x00000016},
	{0x80010000, 0x00000000}, {0x40000000, 0x00000000},
	{0x03F, 0x00004366},
	{0x90020000, 0x00000000}, {0x40000000, 0x00000000},
	{0x03F, 0x00004366},
	{0x90010001, 0x00000000}, {0x40000000, 0x00000000},
	{0x03F, 0x00004346},
	{0x90020001, 0x00000000}, {0x40000000, 0x00000000},
	{0x03F, 0x00004346},
	{0x90030001, 0x00000000}, {0x40000000, 0x00000000},
	{0x03F, 0x00004346},
	{0x90040001, 0x00000000}, {0x40000000, 0x00000000},
	{0x03F, 0x00004346},
	{0x90050001, 0x00000000}, {0x40000000, 0x00000000},
	{0x03F, 0x00004346},
	{0x90060001, 0x00000000}, {0x40000000, 0x00000000},
	{0x03F, 0x00004346},
	{0x90070001, 0x00000000}, {0x40000000, 0x00000000},
	{0x03F, 0x00004346},
	{0x90080001, 0x00000000}, {0x40000000, 0x00000000},
	{0x03F, 0x00004346},
	{0x90290001, 0x00000000}, {0x40000000, 0x00000000},
	{0x03F, 0x00004346},
	{0x902b0001, 0x00000000}, {0x40000000, 0x00000000},
	{0x03F, 0x00004346},
	{0xA0000000, 0x00000000},
	{0x03F, 0x00004366},
	{0xB0000000, 0x00000000},
	{0x033, 0x00000017},
	{0x80010000, 0x00000000}, {0x40000000, 0x00000000},
	{0x03F, 0x00004366},
	{0x90020000, 0x00000000}, {0x40000000, 0x00000000},
	{0x03F, 0x00004366},
	{0x90010001, 0x00000000}, {0x40000000, 0x00000000},
	{0x03F, 0x00004347},
	{0x90020001, 0x00000000}, {0x40000000, 0x00000000},
	{0x03F, 0x00004347},
	{0x90030001, 0x00000000}, {0x40000000, 0x00000000},
	{0x03F, 0x00004347},
	{0x90040001, 0x00000000}, {0x40000000, 0x00000000},
	{0x03F, 0x00004347},
	{0x90050001, 0x00000000}, {0x40000000, 0x00000000},
	{0x03F, 0x00004347},
	{0x90060001, 0x00000000}, {0x40000000, 0x00000000},
	{0x03F, 0x00004347},
	{0x90070001, 0x00000000}, {0x40000000, 0x00000000},
	{0x03F, 0x00004347},
	{0x90080001, 0x00000000}, {0x40000000, 0x00000000},
	{0x03F, 0x00004347},
	{0x90290001, 0x00000000}, {0x40000000, 0x00000000},
	{0x03F, 0x00004347},
	{0x902b0001, 0x00000000}, {0x40000000, 0x00000000},
	{0x03F, 0x00004347},
	{0xA0000000, 0x00000000},
	{0x03F, 0x00004366},
	{0xB0000000, 0x00000000},
	{0x033, 0x00000020},
	{0x80010000, 0x00000000}, {0x40000000, 0x00000000},
	{0x03F, 0x00004366},
	{0x90020000, 0x00000000}, {0x40000000, 0x00000000},
	{0x03F, 0x00004366},
	{0x90010001, 0x00000000}, {0x40000000, 0x00000000},
	{0x03F, 0x00004346},
	{0x90020001, 0x00000000}, {0x40000000, 0x00000000},
	{0x03F, 0x00004346},
	{0x90030001, 0x00000000}, {0x40000000, 0x00000000},
	{0x03F, 0x00004346},
	{0x90040001, 0x00000000}, {0x40000000, 0x00000000},
	{0x03F, 0x00004346},
	{0x90050001, 0x00000000}, {0x40000000, 0x00000000},
	{0x03F, 0x00004346},
	{0x90060001, 0x00000000}, {0x40000000, 0x00000000},
	{0x03F, 0x00004346},
	{0x90070001, 0x00000000}, {0x40000000, 0x00000000},
	{0x03F, 0x00004346},
	{0x90080001, 0x00000000}, {0x40000000, 0x00000000},
	{0x03F, 0x00004346},
	{0x90290001, 0x00000000}, {0x40000000, 0x00000000},
	{0x03F, 0x00004346},
	{0x902b0001, 0x00000000}, {0x40000000, 0x00000000},
	{0x03F, 0x00004346},
	{0xA0000000, 0x00000000},
	{0x03F, 0x00004366},
	{0xB0000000, 0x00000000},
	{0x033, 0x00000021},
	{0x80010000, 0x00000000}, {0x40000000, 0x00000000},
	{0x03F, 0x00004366},
	{0x90020000, 0x00000000}, {0x40000000, 0x00000000},
	{0x03F, 0x00004366},
	{0x90010001, 0x00000000}, {0x40000000, 0x00000000},
	{0x03F, 0x00004347},
	{0x90020001, 0x00000000}, {0x40000000, 0x00000000},
	{0x03F, 0x00004347},
	{0x90030001, 0x00000000}, {0x40000000, 0x00000000},
	{0x03F, 0x00004347},
	{0x90040001, 0x00000000}, {0x40000000, 0x00000000},
	{0x03F, 0x00004347},
	{0x90050001, 0x00000000}, {0x40000000, 0x00000000},
	{0x03F, 0x00004347},
	{0x90060001, 0x00000000}, {0x40000000, 0x00000000},
	{0x03F, 0x00004347},
	{0x90070001, 0x00000000}, {0x40000000, 0x00000000},
	{0x03F, 0x00004347},
	{0x90080001, 0x00000000}, {0x40000000, 0x00000000},
	{0x03F, 0x00004347},
	{0x90290001, 0x00000000}, {0x40000000, 0x00000000},
	{0x03F, 0x00004347},
	{0x902b0001, 0x00000000}, {0x40000000, 0x00000000},
	{0x03F, 0x00004347},
	{0xA0000000, 0x00000000},
	{0x03F, 0x00004366},
	{0xB0000000, 0x00000000},
	{0x033, 0x00000022},
	{0x80010000, 0x00000000}, {0x40000000, 0x00000000},
	{0x03F, 0x00004366},
	{0x90020000, 0x00000000}, {0x40000000, 0x00000000},
	{0x03F, 0x00004366},
	{0x90010001, 0x00000000}, {0x40000000, 0x00000000},
	{0x03F, 0x00004346},
	{0x90020001, 0x00000000}, {0x40000000, 0x00000000},
	{0x03F, 0x00004346},
	{0x90030001, 0x00000000}, {0x40000000, 0x00000000},
	{0x03F, 0x00004346},
	{0x90040001, 0x00000000}, {0x40000000, 0x00000000},
	{0x03F, 0x00004346},
	{0x90050001, 0x00000000}, {0x40000000, 0x00000000},
	{0x03F, 0x00004346},
	{0x90060001, 0x00000000}, {0x40000000, 0x00000000},
	{0x03F, 0x00004346},
	{0x90070001, 0x00000000}, {0x40000000, 0x00000000},
	{0x03F, 0x00004346},
	{0x90080001, 0x00000000}, {0x40000000, 0x00000000},
	{0x03F, 0x00004346},
	{0x90290001, 0x00000000}, {0x40000000, 0x00000000},
	{0x03F, 0x00004346},
	{0x902b0001, 0x00000000}, {0x40000000, 0x00000000},
	{0x03F, 0x00004346},
	{0xA0000000, 0x00000000},
	{0x03F, 0x00004366},
	{0xB0000000, 0x00000000},
	{0x033, 0x00000023},
	{0x03F, 0x00004386},
	{0x033, 0x00000024},
	{0x03F, 0x00004386},
	{0x033, 0x00000025},
	{0x03F, 0x00004386},
	{0x033, 0x00000026},
	{0x03F, 0x00004386},
	{0x033, 0x00000027},
	{0x03F, 0x00004386},
	{0x0EF, 0x00000000},
	{0x067, 0x00008072},
	{0x0EF, 0x00000010},
	{0x033, 0x00000001},
	{0x03F, 0x00000ED5},
	{0x033, 0x00000002},
	{0x03F, 0x00000FC5},
	{0x033, 0x00000003},
	{0x03F, 0x00000A93},
	{0x033, 0x00000004},
	{0x03F, 0x00000973},
	{0x033, 0x00000005},
	{0x03F, 0x00000761},
	{0x033, 0x00000006},
	{0x03F, 0x00000761},
	{0x0EF, 0x00000000},
	{0x0EF, 0x00000080},
	{0x033, 0x00000000},
	{0x03E, 0x0000000B},
	{0x80010000, 0x00000000}, {0x40000000, 0x00000000},
	{0x03F, 0x00026558},
	{0x90020000, 0x00000000}, {0x40000000, 0x00000000},
	{0x03F, 0x00026558},
	{0x90010001, 0x00000000}, {0x40000000, 0x00000000},
	{0x03F, 0x00022758},
	{0x90020001, 0x00000000}, {0x40000000, 0x00000000},
	{0x03F, 0x00022758},
	{0x90030001, 0x00000000}, {0x40000000, 0x00000000},
	{0x03F, 0x00022758},
	{0x90040001, 0x00000000}, {0x40000000, 0x00000000},
	{0x03F, 0x00022758},
	{0x90050001, 0x00000000}, {0x40000000, 0x00000000},
	{0x03F, 0x00022758},
	{0x90060001, 0x00000000}, {0x40000000, 0x00000000},
	{0x03F, 0x00022758},
	{0x90070001, 0x00000000}, {0x40000000, 0x00000000},
	{0x03F, 0x00022758},
	{0x90080001, 0x00000000}, {0x40000000, 0x00000000},
	{0x03F, 0x00022758},
	{0x90290001, 0x00000000}, {0x40000000, 0x00000000},
	{0x03F, 0x00022758},
	{0x902b0001, 0x00000000}, {0x40000000, 0x00000000},
	{0x03F, 0x00022758},
	{0xA0000000, 0x00000000},
	{0x03F, 0x00026558},
	{0xB0000000, 0x00000000},
	{0x033, 0x00000001},
	{0x03E, 0x0000000B},
	{0x80010000, 0x00000000}, {0x40000000, 0x00000000},
	{0x03F, 0x00026558},
	{0x90020000, 0x00000000}, {0x40000000, 0x00000000},
	{0x03F, 0x00026558},
	{0x90010001, 0x00000000}, {0x40000000, 0x00000000},
	{0x03F, 0x00022758},
	{0x90020001, 0x00000000}, {0x40000000, 0x00000000},
	{0x03F, 0x00022758},
	{0x90030001, 0x00000000}, {0x40000000, 0x00000000},
	{0x03F, 0x00022758},
	{0x90040001, 0x00000000}, {0x40000000, 0x00000000},
	{0x03F, 0x00022758},
	{0x90050001, 0x00000000}, {0x40000000, 0x00000000},
	{0x03F, 0x00022758},
	{0x90060001, 0x00000000}, {0x40000000, 0x00000000},
	{0x03F, 0x00022758},
	{0x90070001, 0x00000000}, {0x40000000, 0x00000000},
	{0x03F, 0x00022758},
	{0x90080001, 0x00000000}, {0x40000000, 0x00000000},
	{0x03F, 0x00022758},
	{0x90290001, 0x00000000}, {0x40000000, 0x00000000},
	{0x03F, 0x00022758},
	{0x902b0001, 0x00000000}, {0x40000000, 0x00000000},
	{0x03F, 0x00022758},
	{0xA0000000, 0x00000000},
	{0x03F, 0x00026558},
	{0xB0000000, 0x00000000},
	{0x033, 0x00000002},
	{0x03E, 0x0000000C},
	{0x80010000, 0x00000000}, {0x40000000, 0x00000000},
	{0x03F, 0x00027558},
	{0x90020000, 0x00000000}, {0x40000000, 0x00000000},
	{0x03F, 0x00027558},
	{0x90010001, 0x00000000}, {0x40000000, 0x00000000},
	{0x03F, 0x00020758},
	{0x90020001, 0x00000000}, {0x40000000, 0x00000000},
	{0x03F, 0x00020758},
	{0x90030001, 0x00000000}, {0x40000000, 0x00000000},
	{0x03F, 0x00020758},
	{0x90040001, 0x00000000}, {0x40000000, 0x00000000},
	{0x03F, 0x00020758},
	{0x90050001, 0x00000000}, {0x40000000, 0x00000000},
	{0x03F, 0x00020758},
	{0x90060001, 0x00000000}, {0x40000000, 0x00000000},
	{0x03F, 0x00020758},
	{0x90070001, 0x00000000}, {0x40000000, 0x00000000},
	{0x03F, 0x00020758},
	{0x90080001, 0x00000000}, {0x40000000, 0x00000000},
	{0x03F, 0x00020758},
	{0x90290001, 0x00000000}, {0x40000000, 0x00000000},
	{0x03F, 0x00020758},
	{0x902b0001, 0x00000000}, {0x40000000, 0x00000000},
	{0x03F, 0x00020758},
	{0xA0000000, 0x00000000},
	{0x03F, 0x00027558},
	{0xB0000000, 0x00000000},
	{0x033, 0x00000003},
	{0x03E, 0x0000000C},
	{0x80010000, 0x00000000}, {0x40000000, 0x00000000},
	{0x03F, 0x00027558},
	{0x90020000, 0x00000000}, {0x40000000, 0x00000000},
	{0x03F, 0x00027558},
	{0x90010001, 0x00000000}, {0x40000000, 0x00000000},
	{0x03F, 0x00020758},
	{0x90020001, 0x00000000}, {0x40000000, 0x00000000},
	{0x03F, 0x00020758},
	{0x90030001, 0x00000000}, {0x40000000, 0x00000000},
	{0x03F, 0x00020758},
	{0x90040001, 0x00000000}, {0x40000000, 0x00000000},
	{0x03F, 0x00020758},
	{0x90050001, 0x00000000}, {0x40000000, 0x00000000},
	{0x03F, 0x00020758},
	{0x90060001, 0x00000000}, {0x40000000, 0x00000000},
	{0x03F, 0x00020758},
	{0x90070001, 0x00000000}, {0x40000000, 0x00000000},
	{0x03F, 0x00020758},
	{0x90080001, 0x00000000}, {0x40000000, 0x00000000},
	{0x03F, 0x00020758},
	{0x90290001, 0x00000000}, {0x40000000, 0x00000000},
	{0x03F, 0x00020758},
	{0x902b0001, 0x00000000}, {0x40000000, 0x00000000},
	{0x03F, 0x00020758},
	{0xA0000000, 0x00000000},
	{0x03F, 0x00027558},
	{0xB0000000, 0x00000000},
	{0x033, 0x00000004},
	{0x03E, 0x0000000B},
	{0x80010000, 0x00000000}, {0x40000000, 0x00000000},
	{0x03F, 0x00026558},
	{0x90020000, 0x00000000}, {0x40000000, 0x00000000},
	{0x03F, 0x00026558},
	{0x90010001, 0x00000000}, {0x40000000, 0x00000000},
	{0x03F, 0x00022758},
	{0x90020001, 0x00000000}, {0x40000000, 0x00000000},
	{0x03F, 0x00022758},
	{0x90030001, 0x00000000}, {0x40000000, 0x00000000},
	{0x03F, 0x00022758},
	{0x90040001, 0x00000000}, {0x40000000, 0x00000000},
	{0x03F, 0x00022758},
	{0x90050001, 0x00000000}, {0x40000000, 0x00000000},
	{0x03F, 0x00022758},
	{0x90060001, 0x00000000}, {0x40000000, 0x00000000},
	{0x03F, 0x00022758},
	{0x90070001, 0x00000000}, {0x40000000, 0x00000000},
	{0x03F, 0x00022758},
	{0x90080001, 0x00000000}, {0x40000000, 0x00000000},
	{0x03F, 0x00022758},
	{0x90290001, 0x00000000}, {0x40000000, 0x00000000},
	{0x03F, 0x00022758},
	{0x902b0001, 0x00000000}, {0x40000000, 0x00000000},
	{0x03F, 0x00022758},
	{0xA0000000, 0x00000000},
	{0x03F, 0x00026558},
	{0xB0000000, 0x00000000},
	{0x033, 0x00000005},
	{0x03E, 0x0000000B},
	{0x80010000, 0x00000000}, {0x40000000, 0x00000000},
	{0x03F, 0x00026558},
	{0x90020000, 0x00000000}, {0x40000000, 0x00000000},
	{0x03F, 0x00026558},
	{0x90010001, 0x00000000}, {0x40000000, 0x00000000},
	{0x03F, 0x00022758},
	{0x90020001, 0x00000000}, {0x40000000, 0x00000000},
	{0x03F, 0x00022758},
	{0x90030001, 0x00000000}, {0x40000000, 0x00000000},
	{0x03F, 0x00022758},
	{0x90040001, 0x00000000}, {0x40000000, 0x00000000},
	{0x03F, 0x00022758},
	{0x90050001, 0x00000000}, {0x40000000, 0x00000000},
	{0x03F, 0x00022758},
	{0x90060001, 0x00000000}, {0x40000000, 0x00000000},
	{0x03F, 0x00022758},
	{0x90070001, 0x00000000}, {0x40000000, 0x00000000},
	{0x03F, 0x00022758},
	{0x90080001, 0x00000000}, {0x40000000, 0x00000000},
	{0x03F, 0x00022758},
	{0x90290001, 0x00000000}, {0x40000000, 0x00000000},
	{0x03F, 0x00022758},
	{0x902b0001, 0x00000000}, {0x40000000, 0x00000000},
	{0x03F, 0x00022758},
	{0xA0000000, 0x00000000},
	{0x03F, 0x00026558},
	{0xB0000000, 0x00000000},
	{0x033, 0x00000006},
	{0x03E, 0x0000000C},
	{0x80010000, 0x00000000}, {0x40000000, 0x00000000},
	{0x03F, 0x00027558},
	{0x90020000, 0x00000000}, {0x40000000, 0x00000000},
	{0x03F, 0x00027558},
	{0x90010001, 0x00000000}, {0x40000000, 0x00000000},
	{0x03F, 0x00020758},
	{0x90020001, 0x00000000}, {0x40000000, 0x00000000},
	{0x03F, 0x00020758},
	{0x90030001, 0x00000000}, {0x40000000, 0x00000000},
	{0x03F, 0x00020758},
	{0x90040001, 0x00000000}, {0x40000000, 0x00000000},
	{0x03F, 0x00020758},
	{0x90050001, 0x00000000}, {0x40000000, 0x00000000},
	{0x03F, 0x00020758},
	{0x90060001, 0x00000000}, {0x40000000, 0x00000000},
	{0x03F, 0x00020758},
	{0x90070001, 0x00000000}, {0x40000000, 0x00000000},
	{0x03F, 0x00020758},
	{0x90080001, 0x00000000}, {0x40000000, 0x00000000},
	{0x03F, 0x00020758},
	{0x90290001, 0x00000000}, {0x40000000, 0x00000000},
	{0x03F, 0x00020758},
	{0x902b0001, 0x00000000}, {0x40000000, 0x00000000},
	{0x03F, 0x00020758},
	{0xA0000000, 0x00000000},
	{0x03F, 0x00027558},
	{0xB0000000, 0x00000000},
	{0x033, 0x00000007},
	{0x03E, 0x0000000C},
	{0x80010000, 0x00000000}, {0x40000000, 0x00000000},
	{0x03F, 0x00027558},
	{0x90020000, 0x00000000}, {0x40000000, 0x00000000},
	{0x03F, 0x00027558},
	{0x90010001, 0x00000000}, {0x40000000, 0x00000000},
	{0x03F, 0x00020758},
	{0x90020001, 0x00000000}, {0x40000000, 0x00000000},
	{0x03F, 0x00020758},
	{0x90030001, 0x00000000}, {0x40000000, 0x00000000},
	{0x03F, 0x00020758},
	{0x90040001, 0x00000000}, {0x40000000, 0x00000000},
	{0x03F, 0x00020758},
	{0x90050001, 0x00000000}, {0x40000000, 0x00000000},
	{0x03F, 0x00020758},
	{0x90060001, 0x00000000}, {0x40000000, 0x00000000},
	{0x03F, 0x00020758},
	{0x90070001, 0x00000000}, {0x40000000, 0x00000000},
	{0x03F, 0x00020758},
	{0x90080001, 0x00000000}, {0x40000000, 0x00000000},
	{0x03F, 0x00020758},
	{0x90290001, 0x00000000}, {0x40000000, 0x00000000},
	{0x03F, 0x00020758},
	{0x902b0001, 0x00000000}, {0x40000000, 0x00000000},
	{0x03F, 0x00020758},
	{0xA0000000, 0x00000000},
	{0x03F, 0x00027558},
	{0xB0000000, 0x00000000},
	{0x033, 0x00000008},
	{0x03E, 0x0000000B},
	{0x80010000, 0x00000000}, {0x40000000, 0x00000000},
	{0x03F, 0x00026558},
	{0x90020000, 0x00000000}, {0x40000000, 0x00000000},
	{0x03F, 0x00026558},
	{0x90010001, 0x00000000}, {0x40000000, 0x00000000},
	{0x03F, 0x00022758},
	{0x90020001, 0x00000000}, {0x40000000, 0x00000000},
	{0x03F, 0x00022758},
	{0x90030001, 0x00000000}, {0x40000000, 0x00000000},
	{0x03F, 0x00022758},
	{0x90040001, 0x00000000}, {0x40000000, 0x00000000},
	{0x03F, 0x00022758},
	{0x90050001, 0x00000000}, {0x40000000, 0x00000000},
	{0x03F, 0x00022758},
	{0x90060001, 0x00000000}, {0x40000000, 0x00000000},
	{0x03F, 0x00022758},
	{0x90070001, 0x00000000}, {0x40000000, 0x00000000},
	{0x03F, 0x00022758},
	{0x90080001, 0x00000000}, {0x40000000, 0x00000000},
	{0x03F, 0x00022758},
	{0x90290001, 0x00000000}, {0x40000000, 0x00000000},
	{0x03F, 0x00022758},
	{0x902b0001, 0x00000000}, {0x40000000, 0x00000000},
	{0x03F, 0x00022758},
	{0xA0000000, 0x00000000},
	{0x03F, 0x00026558},
	{0xB0000000, 0x00000000},
	{0x033, 0x00000009},
	{0x03E, 0x0000000B},
	{0x80010000, 0x00000000}, {0x40000000, 0x00000000},
	{0x03F, 0x00026558},
	{0x90020000, 0x00000000}, {0x40000000, 0x00000000},
	{0x03F, 0x00026558},
	{0x90010001, 0x00000000}, {0x40000000, 0x00000000},
	{0x03F, 0x00022758},
	{0x90020001, 0x00000000}, {0x40000000, 0x00000000},
	{0x03F, 0x00022758},
	{0x90030001, 0x00000000}, {0x40000000, 0x00000000},
	{0x03F, 0x00022758},
	{0x90040001, 0x00000000}, {0x40000000, 0x00000000},
	{0x03F, 0x00022758},
	{0x90050001, 0x00000000}, {0x40000000, 0x00000000},
	{0x03F, 0x00022758},
	{0x90060001, 0x00000000}, {0x40000000, 0x00000000},
	{0x03F, 0x00022758},
	{0x90070001, 0x00000000}, {0x40000000, 0x00000000},
	{0x03F, 0x00022758},
	{0x90080001, 0x00000000}, {0x40000000, 0x00000000},
	{0x03F, 0x00022758},
	{0x90290001, 0x00000000}, {0x40000000, 0x00000000},
	{0x03F, 0x00022758},
	{0x902b0001, 0x00000000}, {0x40000000, 0x00000000},
	{0x03F, 0x00022758},
	{0xA0000000, 0x00000000},
	{0x03F, 0x00026558},
	{0xB0000000, 0x00000000},
	{0x033, 0x0000000A},
	{0x03E, 0x0000000C},
	{0x80010000, 0x00000000}, {0x40000000, 0x00000000},
	{0x03F, 0x00027558},
	{0x90020000, 0x00000000}, {0x40000000, 0x00000000},
	{0x03F, 0x00027558},
	{0x90010001, 0x00000000}, {0x40000000, 0x00000000},
	{0x03F, 0x00020758},
	{0x90020001, 0x00000000}, {0x40000000, 0x00000000},
	{0x03F, 0x00020758},
	{0x90030001, 0x00000000}, {0x40000000, 0x00000000},
	{0x03F, 0x00020758},
	{0x90040001, 0x00000000}, {0x40000000, 0x00000000},
	{0x03F, 0x00020758},
	{0x90050001, 0x00000000}, {0x40000000, 0x00000000},
	{0x03F, 0x00020758},
	{0x90060001, 0x00000000}, {0x40000000, 0x00000000},
	{0x03F, 0x00020758},
	{0x90070001, 0x00000000}, {0x40000000, 0x00000000},
	{0x03F, 0x00020758},
	{0x90080001, 0x00000000}, {0x40000000, 0x00000000},
	{0x03F, 0x00020758},
	{0x90290001, 0x00000000}, {0x40000000, 0x00000000},
	{0x03F, 0x00020758},
	{0x902b0001, 0x00000000}, {0x40000000, 0x00000000},
	{0x03F, 0x00020758},
	{0xA0000000, 0x00000000},
	{0x03F, 0x00027558},
	{0xB0000000, 0x00000000},
	{0x033, 0x0000000B},
	{0x03E, 0x0000000C},
	{0x80010000, 0x00000000}, {0x40000000, 0x00000000},
	{0x03F, 0x00027558},
	{0x90020000, 0x00000000}, {0x40000000, 0x00000000},
	{0x03F, 0x00027558},
	{0x90010001, 0x00000000}, {0x40000000, 0x00000000},
	{0x03F, 0x00020758},
	{0x90020001, 0x00000000}, {0x40000000, 0x00000000},
	{0x03F, 0x00020758},
	{0x90030001, 0x00000000}, {0x40000000, 0x00000000},
	{0x03F, 0x00020758},
	{0x90040001, 0x00000000}, {0x40000000, 0x00000000},
	{0x03F, 0x00020758},
	{0x90050001, 0x00000000}, {0x40000000, 0x00000000},
	{0x03F, 0x00020758},
	{0x90060001, 0x00000000}, {0x40000000, 0x00000000},
	{0x03F, 0x00020758},
	{0x90070001, 0x00000000}, {0x40000000, 0x00000000},
	{0x03F, 0x00020758},
	{0x90080001, 0x00000000}, {0x40000000, 0x00000000},
	{0x03F, 0x00020758},
	{0x90290001, 0x00000000}, {0x40000000, 0x00000000},
	{0x03F, 0x00020758},
	{0x902b0001, 0x00000000}, {0x40000000, 0x00000000},
	{0x03F, 0x00020758},
	{0xA0000000, 0x00000000},
	{0x03F, 0x00027558},
	{0xB0000000, 0x00000000},
	{0x033, 0x0000000C},
	{0x03E, 0x0000000B},
	{0x80010000, 0x00000000}, {0x40000000, 0x00000000},
	{0x03F, 0x00026558},
	{0x90020000, 0x00000000}, {0x40000000, 0x00000000},
	{0x03F, 0x00026558},
	{0x90010001, 0x00000000}, {0x40000000, 0x00000000},
	{0x03F, 0x00022758},
	{0x90020001, 0x00000000}, {0x40000000, 0x00000000},
	{0x03F, 0x00022758},
	{0x90030001, 0x00000000}, {0x40000000, 0x00000000},
	{0x03F, 0x00022758},
	{0x90040001, 0x00000000}, {0x40000000, 0x00000000},
	{0x03F, 0x00022758},
	{0x90050001, 0x00000000}, {0x40000000, 0x00000000},
	{0x03F, 0x00022758},
	{0x90060001, 0x00000000}, {0x40000000, 0x00000000},
	{0x03F, 0x00022758},
	{0x90070001, 0x00000000}, {0x40000000, 0x00000000},
	{0x03F, 0x00022758},
	{0x90080001, 0x00000000}, {0x40000000, 0x00000000},
	{0x03F, 0x00022758},
	{0x90290001, 0x00000000}, {0x40000000, 0x00000000},
	{0x03F, 0x00022758},
	{0x902b0001, 0x00000000}, {0x40000000, 0x00000000},
	{0x03F, 0x00022758},
	{0xA0000000, 0x00000000},
	{0x03F, 0x00026558},
	{0xB0000000, 0x00000000},
	{0x033, 0x0000000D},
	{0x03E, 0x0000000B},
	{0x80010000, 0x00000000}, {0x40000000, 0x00000000},
	{0x03F, 0x00026558},
	{0x90020000, 0x00000000}, {0x40000000, 0x00000000},
	{0x03F, 0x00026558},
	{0x90010001, 0x00000000}, {0x40000000, 0x00000000},
	{0x03F, 0x00022758},
	{0x90020001, 0x00000000}, {0x40000000, 0x00000000},
	{0x03F, 0x00022758},
	{0x90030001, 0x00000000}, {0x40000000, 0x00000000},
	{0x03F, 0x00022758},
	{0x90040001, 0x00000000}, {0x40000000, 0x00000000},
	{0x03F, 0x00022758},
	{0x90050001, 0x00000000}, {0x40000000, 0x00000000},
	{0x03F, 0x00022758},
	{0x90060001, 0x00000000}, {0x40000000, 0x00000000},
	{0x03F, 0x00022758},
	{0x90070001, 0x00000000}, {0x40000000, 0x00000000},
	{0x03F, 0x00022758},
	{0x90080001, 0x00000000}, {0x40000000, 0x00000000},
	{0x03F, 0x00022758},
	{0x90290001, 0x00000000}, {0x40000000, 0x00000000},
	{0x03F, 0x00022758},
	{0x902b0001, 0x00000000}, {0x40000000, 0x00000000},
	{0x03F, 0x00022758},
	{0xA0000000, 0x00000000},
	{0x03F, 0x00026558},
	{0xB0000000, 0x00000000},
	{0x033, 0x0000000E},
	{0x03E, 0x0000000C},
	{0x80010000, 0x00000000}, {0x40000000, 0x00000000},
	{0x03F, 0x00027558},
	{0x90020000, 0x00000000}, {0x40000000, 0x00000000},
	{0x03F, 0x00027558},
	{0x90010001, 0x00000000}, {0x40000000, 0x00000000},
	{0x03F, 0x00020758},
	{0x90020001, 0x00000000}, {0x40000000, 0x00000000},
	{0x03F, 0x00020758},
	{0x90030001, 0x00000000}, {0x40000000, 0x00000000},
	{0x03F, 0x00020758},
	{0x90040001, 0x00000000}, {0x40000000, 0x00000000},
	{0x03F, 0x00020758},
	{0x90050001, 0x00000000}, {0x40000000, 0x00000000},
	{0x03F, 0x00020758},
	{0x90060001, 0x00000000}, {0x40000000, 0x00000000},
	{0x03F, 0x00020758},
	{0x90070001, 0x00000000}, {0x40000000, 0x00000000},
	{0x03F, 0x00020758},
	{0x90080001, 0x00000000}, {0x40000000, 0x00000000},
	{0x03F, 0x00020758},
	{0x90290001, 0x00000000}, {0x40000000, 0x00000000},
	{0x03F, 0x00020758},
	{0x902b0001, 0x00000000}, {0x40000000, 0x00000000},
	{0x03F, 0x00020758},
	{0xA0000000, 0x00000000},
	{0x03F, 0x00027558},
	{0xB0000000, 0x00000000},
	{0x033, 0x0000000F},
	{0x03E, 0x0000000C},
	{0x80010000, 0x00000000}, {0x40000000, 0x00000000},
	{0x03F, 0x00027558},
	{0x90020000, 0x00000000}, {0x40000000, 0x00000000},
	{0x03F, 0x00027558},
	{0x90010001, 0x00000000}, {0x40000000, 0x00000000},
	{0x03F, 0x00020758},
	{0x90020001, 0x00000000}, {0x40000000, 0x00000000},
	{0x03F, 0x00020758},
	{0x90030001, 0x00000000}, {0x40000000, 0x00000000},
	{0x03F, 0x00020758},
	{0x90040001, 0x00000000}, {0x40000000, 0x00000000},
	{0x03F, 0x00020758},
	{0x90050001, 0x00000000}, {0x40000000, 0x00000000},
	{0x03F, 0x00020758},
	{0x90060001, 0x00000000}, {0x40000000, 0x00000000},
	{0x03F, 0x00020758},
	{0x90070001, 0x00000000}, {0x40000000, 0x00000000},
	{0x03F, 0x00020758},
	{0x90080001, 0x00000000}, {0x40000000, 0x00000000},
	{0x03F, 0x00020758},
	{0x90290001, 0x00000000}, {0x40000000, 0x00000000},
	{0x03F, 0x00020758},
	{0x902b0001, 0x00000000}, {0x40000000, 0x00000000},
	{0x03F, 0x00020758},
	{0xA0000000, 0x00000000},
	{0x03F, 0x00027558},
	{0xB0000000, 0x00000000},
	{0x033, 0x00000010},
	{0x03E, 0x0000000B},
	{0x80010000, 0x00000000}, {0x40000000, 0x00000000},
	{0x03F, 0x00026558},
	{0x90020000, 0x00000000}, {0x40000000, 0x00000000},
	{0x03F, 0x00026558},
	{0x90010001, 0x00000000}, {0x40000000, 0x00000000},
	{0x03F, 0x00022758},
	{0x90020001, 0x00000000}, {0x40000000, 0x00000000},
	{0x03F, 0x00022758},
	{0x90030001, 0x00000000}, {0x40000000, 0x00000000},
	{0x03F, 0x00022758},
	{0x90040001, 0x00000000}, {0x40000000, 0x00000000},
	{0x03F, 0x00022758},
	{0x90050001, 0x00000000}, {0x40000000, 0x00000000},
	{0x03F, 0x00022758},
	{0x90060001, 0x00000000}, {0x40000000, 0x00000000},
	{0x03F, 0x00022758},
	{0x90070001, 0x00000000}, {0x40000000, 0x00000000},
	{0x03F, 0x00022758},
	{0x90080001, 0x00000000}, {0x40000000, 0x00000000},
	{0x03F, 0x00022758},
	{0x90290001, 0x00000000}, {0x40000000, 0x00000000},
	{0x03F, 0x00022758},
	{0x902b0001, 0x00000000}, {0x40000000, 0x00000000},
	{0x03F, 0x00022758},
	{0xA0000000, 0x00000000},
	{0x03F, 0x00026558},
	{0xB0000000, 0x00000000},
	{0x033, 0x00000011},
	{0x03E, 0x0000000B},
	{0x80010000, 0x00000000}, {0x40000000, 0x00000000},
	{0x03F, 0x00026558},
	{0x90020000, 0x00000000}, {0x40000000, 0x00000000},
	{0x03F, 0x00026558},
	{0x90010001, 0x00000000}, {0x40000000, 0x00000000},
	{0x03F, 0x00022758},
	{0x90020001, 0x00000000}, {0x40000000, 0x00000000},
	{0x03F, 0x00022758},
	{0x90030001, 0x00000000}, {0x40000000, 0x00000000},
	{0x03F, 0x00022758},
	{0x90040001, 0x00000000}, {0x40000000, 0x00000000},
	{0x03F, 0x00022758},
	{0x90050001, 0x00000000}, {0x40000000, 0x00000000},
	{0x03F, 0x00022758},
	{0x90060001, 0x00000000}, {0x40000000, 0x00000000},
	{0x03F, 0x00022758},
	{0x90070001, 0x00000000}, {0x40000000, 0x00000000},
	{0x03F, 0x00022758},
	{0x90080001, 0x00000000}, {0x40000000, 0x00000000},
	{0x03F, 0x00022758},
	{0x90290001, 0x00000000}, {0x40000000, 0x00000000},
	{0x03F, 0x00022758},
	{0x902b0001, 0x00000000}, {0x40000000, 0x00000000},
	{0x03F, 0x00022758},
	{0xA0000000, 0x00000000},
	{0x03F, 0x00026558},
	{0xB0000000, 0x00000000},
	{0x033, 0x00000012},
	{0x03E, 0x0000000C},
	{0x80010000, 0x00000000}, {0x40000000, 0x00000000},
	{0x03F, 0x00027558},
	{0x90020000, 0x00000000}, {0x40000000, 0x00000000},
	{0x03F, 0x00027558},
	{0x90010001, 0x00000000}, {0x40000000, 0x00000000},
	{0x03F, 0x00020758},
	{0x90020001, 0x00000000}, {0x40000000, 0x00000000},
	{0x03F, 0x00020758},
	{0x90030001, 0x00000000}, {0x40000000, 0x00000000},
	{0x03F, 0x00020758},
	{0x90040001, 0x00000000}, {0x40000000, 0x00000000},
	{0x03F, 0x00020758},
	{0x90050001, 0x00000000}, {0x40000000, 0x00000000},
	{0x03F, 0x00020758},
	{0x90060001, 0x00000000}, {0x40000000, 0x00000000},
	{0x03F, 0x00020758},
	{0x90070001, 0x00000000}, {0x40000000, 0x00000000},
	{0x03F, 0x00020758},
	{0x90080001, 0x00000000}, {0x40000000, 0x00000000},
	{0x03F, 0x00020758},
	{0x90290001, 0x00000000}, {0x40000000, 0x00000000},
	{0x03F, 0x00020758},
	{0x902b0001, 0x00000000}, {0x40000000, 0x00000000},
	{0x03F, 0x00020758},
	{0xA0000000, 0x00000000},
	{0x03F, 0x00027558},
	{0xB0000000, 0x00000000},
	{0x033, 0x00000013},
	{0x03E, 0x0000000C},
	{0x80010000, 0x00000000}, {0x40000000, 0x00000000},
	{0x03F, 0x00027558},
	{0x90020000, 0x00000000}, {0x40000000, 0x00000000},
	{0x03F, 0x00027558},
	{0x90010001, 0x00000000}, {0x40000000, 0x00000000},
	{0x03F, 0x00020758},
	{0x90020001, 0x00000000}, {0x40000000, 0x00000000},
	{0x03F, 0x00020758},
	{0x90030001, 0x00000000}, {0x40000000, 0x00000000},
	{0x03F, 0x00020758},
	{0x90040001, 0x00000000}, {0x40000000, 0x00000000},
	{0x03F, 0x00020758},
	{0x90050001, 0x00000000}, {0x40000000, 0x00000000},
	{0x03F, 0x00020758},
	{0x90060001, 0x00000000}, {0x40000000, 0x00000000},
	{0x03F, 0x00020758},
	{0x90070001, 0x00000000}, {0x40000000, 0x00000000},
	{0x03F, 0x00020758},
	{0x90080001, 0x00000000}, {0x40000000, 0x00000000},
	{0x03F, 0x00020758},
	{0x90290001, 0x00000000}, {0x40000000, 0x00000000},
	{0x03F, 0x00020758},
	{0x902b0001, 0x00000000}, {0x40000000, 0x00000000},
	{0x03F, 0x00020758},
	{0xA0000000, 0x00000000},
	{0x03F, 0x00027558},
	{0xB0000000, 0x00000000},
	{0x033, 0x00000014},
	{0x03E, 0x0000000B},
	{0x80010000, 0x00000000}, {0x40000000, 0x00000000},
	{0x03F, 0x00026558},
	{0x90020000, 0x00000000}, {0x40000000, 0x00000000},
	{0x03F, 0x00026558},
	{0x90010001, 0x00000000}, {0x40000000, 0x00000000},
	{0x03F, 0x00022658},
	{0x90020001, 0x00000000}, {0x40000000, 0x00000000},
	{0x03F, 0x00022658},
	{0x90030001, 0x00000000}, {0x40000000, 0x00000000},
	{0x03F, 0x00022658},
	{0x90040001, 0x00000000}, {0x40000000, 0x00000000},
	{0x03F, 0x00022658},
	{0x90050001, 0x00000000}, {0x40000000, 0x00000000},
	{0x03F, 0x00022658},
	{0x90060001, 0x00000000}, {0x40000000, 0x00000000},
	{0x03F, 0x00022658},
	{0x90070001, 0x00000000}, {0x40000000, 0x00000000},
	{0x03F, 0x00022658},
	{0x90080001, 0x00000000}, {0x40000000, 0x00000000},
	{0x03F, 0x00022658},
	{0x90290001, 0x00000000}, {0x40000000, 0x00000000},
	{0x03F, 0x00022658},
	{0x902b0001, 0x00000000}, {0x40000000, 0x00000000},
	{0x03F, 0x00022658},
	{0xA0000000, 0x00000000},
	{0x03F, 0x00026558},
	{0xB0000000, 0x00000000},
	{0x033, 0x00000015},
	{0x03E, 0x0000000B},
	{0x80010000, 0x00000000}, {0x40000000, 0x00000000},
	{0x03F, 0x00026558},
	{0x90020000, 0x00000000}, {0x40000000, 0x00000000},
	{0x03F, 0x00026558},
	{0x90010001, 0x00000000}, {0x40000000, 0x00000000},
	{0x03F, 0x00022658},
	{0x90020001, 0x00000000}, {0x40000000, 0x00000000},
	{0x03F, 0x00022658},
	{0x90030001, 0x00000000}, {0x40000000, 0x00000000},
	{0x03F, 0x00022658},
	{0x90040001, 0x00000000}, {0x40000000, 0x00000000},
	{0x03F, 0x00022658},
	{0x90050001, 0x00000000}, {0x40000000, 0x00000000},
	{0x03F, 0x00022658},
	{0x90060001, 0x00000000}, {0x40000000, 0x00000000},
	{0x03F, 0x00022658},
	{0x90070001, 0x00000000}, {0x40000000, 0x00000000},
	{0x03F, 0x00022658},
	{0x90080001, 0x00000000}, {0x40000000, 0x00000000},
	{0x03F, 0x00022658},
	{0x90290001, 0x00000000}, {0x40000000, 0x00000000},
	{0x03F, 0x00022658},
	{0x902b0001, 0x00000000}, {0x40000000, 0x00000000},
	{0x03F, 0x00022658},
	{0xA0000000, 0x00000000},
	{0x03F, 0x00026558},
	{0xB0000000, 0x00000000},
	{0x033, 0x00000016},
	{0x03E, 0x0000000C},
	{0x80010000, 0x00000000}, {0x40000000, 0x00000000},
	{0x03F, 0x00027558},
	{0x90020000, 0x00000000}, {0x40000000, 0x00000000},
	{0x03F, 0x00027558},
	{0x90010001, 0x00000000}, {0x40000000, 0x00000000},
	{0x03F, 0x00022858},
	{0x90020001, 0x00000000}, {0x40000000, 0x00000000},
	{0x03F, 0x00022858},
	{0x90030001, 0x00000000}, {0x40000000, 0x00000000},
	{0x03F, 0x00022858},
	{0x90040001, 0x00000000}, {0x40000000, 0x00000000},
	{0x03F, 0x00022858},
	{0x90050001, 0x00000000}, {0x40000000, 0x00000000},
	{0x03F, 0x00022858},
	{0x90060001, 0x00000000}, {0x40000000, 0x00000000},
	{0x03F, 0x00022858},
	{0x90070001, 0x00000000}, {0x40000000, 0x00000000},
	{0x03F, 0x00022858},
	{0x90080001, 0x00000000}, {0x40000000, 0x00000000},
	{0x03F, 0x00022858},
	{0x90290001, 0x00000000}, {0x40000000, 0x00000000},
	{0x03F, 0x00022858},
	{0x902b0001, 0x00000000}, {0x40000000, 0x00000000},
	{0x03F, 0x00022858},
	{0xA0000000, 0x00000000},
	{0x03F, 0x00027558},
	{0xB0000000, 0x00000000},
	{0x033, 0x00000017},
	{0x03E, 0x0000000C},
	{0x80010000, 0x00000000}, {0x40000000, 0x00000000},
	{0x03F, 0x00027558},
	{0x90020000, 0x00000000}, {0x40000000, 0x00000000},
	{0x03F, 0x00027558},
	{0x90010001, 0x00000000}, {0x40000000, 0x00000000},
	{0x03F, 0x00020858},
	{0x90020001, 0x00000000}, {0x40000000, 0x00000000},
	{0x03F, 0x00020858},
	{0x90030001, 0x00000000}, {0x40000000, 0x00000000},
	{0x03F, 0x00020858},
	{0x90040001, 0x00000000}, {0x40000000, 0x00000000},
	{0x03F, 0x00020858},
	{0x90050001, 0x00000000}, {0x40000000, 0x00000000},
	{0x03F, 0x00020858},
	{0x90060001, 0x00000000}, {0x40000000, 0x00000000},
	{0x03F, 0x00020858},
	{0x90070001, 0x00000000}, {0x40000000, 0x00000000},
	{0x03F, 0x00020858},
	{0x90080001, 0x00000000}, {0x40000000, 0x00000000},
	{0x03F, 0x00020858},
	{0x90290001, 0x00000000}, {0x40000000, 0x00000000},
	{0x03F, 0x00020858},
	{0x902b0001, 0x00000000}, {0x40000000, 0x00000000},
	{0x03F, 0x00020858},
	{0xA0000000, 0x00000000},
	{0x03F, 0x00027558},
	{0xB0000000, 0x00000000},
	{0x033, 0x00000018},
	{0x03E, 0x0000000B},
	{0x80010000, 0x00000000}, {0x40000000, 0x00000000},
	{0x03F, 0x00026458},
	{0x90020000, 0x00000000}, {0x40000000, 0x00000000},
	{0x03F, 0x00026458},
	{0x90010001, 0x00000000}, {0x40000000, 0x00000000},
	{0x03F, 0x00022658},
	{0x90020001, 0x00000000}, {0x40000000, 0x00000000},
	{0x03F, 0x00022658},
	{0x90030001, 0x00000000}, {0x40000000, 0x00000000},
	{0x03F, 0x00022658},
	{0x90040001, 0x00000000}, {0x40000000, 0x00000000},
	{0x03F, 0x00022658},
	{0x90050001, 0x00000000}, {0x40000000, 0x00000000},
	{0x03F, 0x00022658},
	{0x90060001, 0x00000000}, {0x40000000, 0x00000000},
	{0x03F, 0x00022658},
	{0x90070001, 0x00000000}, {0x40000000, 0x00000000},
	{0x03F, 0x00022658},
	{0x90080001, 0x00000000}, {0x40000000, 0x00000000},
	{0x03F, 0x00022658},
	{0x90290001, 0x00000000}, {0x40000000, 0x00000000},
	{0x03F, 0x00022658},
	{0x902b0001, 0x00000000}, {0x40000000, 0x00000000},
	{0x03F, 0x00022658},
	{0xA0000000, 0x00000000},
	{0x03F, 0x00026458},
	{0xB0000000, 0x00000000},
	{0x033, 0x00000019},
	{0x03E, 0x0000000B},
	{0x80010000, 0x00000000}, {0x40000000, 0x00000000},
	{0x03F, 0x00026458},
	{0x90020000, 0x00000000}, {0x40000000, 0x00000000},
	{0x03F, 0x00026458},
	{0x90010001, 0x00000000}, {0x40000000, 0x00000000},
	{0x03F, 0x00022658},
	{0x90020001, 0x00000000}, {0x40000000, 0x00000000},
	{0x03F, 0x00022658},
	{0x90030001, 0x00000000}, {0x40000000, 0x00000000},
	{0x03F, 0x00022658},
	{0x90040001, 0x00000000}, {0x40000000, 0x00000000},
	{0x03F, 0x00022658},
	{0x90050001, 0x00000000}, {0x40000000, 0x00000000},
	{0x03F, 0x00022658},
	{0x90060001, 0x00000000}, {0x40000000, 0x00000000},
	{0x03F, 0x00022658},
	{0x90070001, 0x00000000}, {0x40000000, 0x00000000},
	{0x03F, 0x00022658},
	{0x90080001, 0x00000000}, {0x40000000, 0x00000000},
	{0x03F, 0x00022658},
	{0x90290001, 0x00000000}, {0x40000000, 0x00000000},
	{0x03F, 0x00022658},
	{0x902b0001, 0x00000000}, {0x40000000, 0x00000000},
	{0x03F, 0x00022658},
	{0xA0000000, 0x00000000},
	{0x03F, 0x00026458},
	{0xB0000000, 0x00000000},
	{0x033, 0x0000001A},
	{0x03E, 0x0000000B},
	{0x80010000, 0x00000000}, {0x40000000, 0x00000000},
	{0x03F, 0x00027558},
	{0x90020000, 0x00000000}, {0x40000000, 0x00000000},
	{0x03F, 0x00027558},
	{0x90010001, 0x00000000}, {0x40000000, 0x00000000},
	{0x03F, 0x00022858},
	{0x90020001, 0x00000000}, {0x40000000, 0x00000000},
	{0x03F, 0x00022858},
	{0x90030001, 0x00000000}, {0x40000000, 0x00000000},
	{0x03F, 0x00022858},
	{0x90040001, 0x00000000}, {0x40000000, 0x00000000},
	{0x03F, 0x00022858},
	{0x90050001, 0x00000000}, {0x40000000, 0x00000000},
	{0x03F, 0x00022858},
	{0x90060001, 0x00000000}, {0x40000000, 0x00000000},
	{0x03F, 0x00022858},
	{0x90070001, 0x00000000}, {0x40000000, 0x00000000},
	{0x03F, 0x00022858},
	{0x90080001, 0x00000000}, {0x40000000, 0x00000000},
	{0x03F, 0x00022858},
	{0x90290001, 0x00000000}, {0x40000000, 0x00000000},
	{0x03F, 0x00022858},
	{0x902b0001, 0x00000000}, {0x40000000, 0x00000000},
	{0x03F, 0x00022858},
	{0xA0000000, 0x00000000},
	{0x03F, 0x00027558},
	{0xB0000000, 0x00000000},
	{0x033, 0x0000001B},
	{0x03E, 0x0000000B},
	{0x80010000, 0x00000000}, {0x40000000, 0x00000000},
	{0x03F, 0x00027558},
	{0x90020000, 0x00000000}, {0x40000000, 0x00000000},
	{0x03F, 0x00027558},
	{0x90010001, 0x00000000}, {0x40000000, 0x00000000},
	{0x03F, 0x00020858},
	{0x90020001, 0x00000000}, {0x40000000, 0x00000000},
	{0x03F, 0x00020858},
	{0x90030001, 0x00000000}, {0x40000000, 0x00000000},
	{0x03F, 0x00020858},
	{0x90040001, 0x00000000}, {0x40000000, 0x00000000},
	{0x03F, 0x00020858},
	{0x90050001, 0x00000000}, {0x40000000, 0x00000000},
	{0x03F, 0x00020858},
	{0x90060001, 0x00000000}, {0x40000000, 0x00000000},
	{0x03F, 0x00020858},
	{0x90070001, 0x00000000}, {0x40000000, 0x00000000},
	{0x03F, 0x00020858},
	{0x90080001, 0x00000000}, {0x40000000, 0x00000000},
	{0x03F, 0x00020858},
	{0x90290001, 0x00000000}, {0x40000000, 0x00000000},
	{0x03F, 0x00020858},
	{0x902b0001, 0x00000000}, {0x40000000, 0x00000000},
	{0x03F, 0x00020858},
	{0xA0000000, 0x00000000},
	{0x03F, 0x00027558},
	{0xB0000000, 0x00000000},
	{0x033, 0x0000001C},
	{0x03E, 0x0000000B},
	{0x80010000, 0x00000000}, {0x40000000, 0x00000000},
	{0x03F, 0x00026458},
	{0x90020000, 0x00000000}, {0x40000000, 0x00000000},
	{0x03F, 0x00026458},
	{0x90010001, 0x00000000}, {0x40000000, 0x00000000},
	{0x03F, 0x00022658},
	{0x90020001, 0x00000000}, {0x40000000, 0x00000000},
	{0x03F, 0x00022658},
	{0x90030001, 0x00000000}, {0x40000000, 0x00000000},
	{0x03F, 0x00022658},
	{0x90040001, 0x00000000}, {0x40000000, 0x00000000},
	{0x03F, 0x00022658},
	{0x90050001, 0x00000000}, {0x40000000, 0x00000000},
	{0x03F, 0x00022658},
	{0x90060001, 0x00000000}, {0x40000000, 0x00000000},
	{0x03F, 0x00022658},
	{0x90070001, 0x00000000}, {0x40000000, 0x00000000},
	{0x03F, 0x00022658},
	{0x90080001, 0x00000000}, {0x40000000, 0x00000000},
	{0x03F, 0x00022658},
	{0x90290001, 0x00000000}, {0x40000000, 0x00000000},
	{0x03F, 0x00022658},
	{0x902b0001, 0x00000000}, {0x40000000, 0x00000000},
	{0x03F, 0x00022658},
	{0xA0000000, 0x00000000},
	{0x03F, 0x00026458},
	{0xB0000000, 0x00000000},
	{0x033, 0x0000001D},
	{0x03E, 0x0000000B},
	{0x80010000, 0x00000000}, {0x40000000, 0x00000000},
	{0x03F, 0x00026458},
	{0x90020000, 0x00000000}, {0x40000000, 0x00000000},
	{0x03F, 0x00026458},
	{0x90010001, 0x00000000}, {0x40000000, 0x00000000},
	{0x03F, 0x00022658},
	{0x90020001, 0x00000000}, {0x40000000, 0x00000000},
	{0x03F, 0x00022658},
	{0x90030001, 0x00000000}, {0x40000000, 0x00000000},
	{0x03F, 0x00022658},
	{0x90040001, 0x00000000}, {0x40000000, 0x00000000},
	{0x03F, 0x00022658},
	{0x90050001, 0x00000000}, {0x40000000, 0x00000000},
	{0x03F, 0x00022658},
	{0x90060001, 0x00000000}, {0x40000000, 0x00000000},
	{0x03F, 0x00022658},
	{0x90070001, 0x00000000}, {0x40000000, 0x00000000},
	{0x03F, 0x00022658},
	{0x90080001, 0x00000000}, {0x40000000, 0x00000000},
	{0x03F, 0x00022658},
	{0x90290001, 0x00000000}, {0x40000000, 0x00000000},
	{0x03F, 0x00022658},
	{0x902b0001, 0x00000000}, {0x40000000, 0x00000000},
	{0x03F, 0x00022658},
	{0xA0000000, 0x00000000},
	{0x03F, 0x00026458},
	{0xB0000000, 0x00000000},
	{0x033, 0x0000001E},
	{0x03E, 0x0000000C},
	{0x80010000, 0x00000000}, {0x40000000, 0x00000000},
	{0x03F, 0x00027558},
	{0x90020000, 0x00000000}, {0x40000000, 0x00000000},
	{0x03F, 0x00027558},
	{0x90010001, 0x00000000}, {0x40000000, 0x00000000},
	{0x03F, 0x00022858},
	{0x90020001, 0x00000000}, {0x40000000, 0x00000000},
	{0x03F, 0x00022858},
	{0x90030001, 0x00000000}, {0x40000000, 0x00000000},
	{0x03F, 0x00022858},
	{0x90040001, 0x00000000}, {0x40000000, 0x00000000},
	{0x03F, 0x00022858},
	{0x90050001, 0x00000000}, {0x40000000, 0x00000000},
	{0x03F, 0x00022858},
	{0x90060001, 0x00000000}, {0x40000000, 0x00000000},
	{0x03F, 0x00022858},
	{0x90070001, 0x00000000}, {0x40000000, 0x00000000},
	{0x03F, 0x00022858},
	{0x90080001, 0x00000000}, {0x40000000, 0x00000000},
	{0x03F, 0x00022858},
	{0x90290001, 0x00000000}, {0x40000000, 0x00000000},
	{0x03F, 0x00022858},
	{0x902b0001, 0x00000000}, {0x40000000, 0x00000000},
	{0x03F, 0x00022858},
	{0xA0000000, 0x00000000},
	{0x03F, 0x00027558},
	{0xB0000000, 0x00000000},
	{0x033, 0x0000001F},
	{0x03E, 0x0000000C},
	{0x80010000, 0x00000000}, {0x40000000, 0x00000000},
	{0x03F, 0x00027558},
	{0x90020000, 0x00000000}, {0x40000000, 0x00000000},
	{0x03F, 0x00027558},
	{0x90010001, 0x00000000}, {0x40000000, 0x00000000},
	{0x03F, 0x00020858},
	{0x90020001, 0x00000000}, {0x40000000, 0x00000000},
	{0x03F, 0x00020858},
	{0x90030001, 0x00000000}, {0x40000000, 0x00000000},
	{0x03F, 0x00020858},
	{0x90040001, 0x00000000}, {0x40000000, 0x00000000},
	{0x03F, 0x00020858},
	{0x90050001, 0x00000000}, {0x40000000, 0x00000000},
	{0x03F, 0x00020858},
	{0x90060001, 0x00000000}, {0x40000000, 0x00000000},
	{0x03F, 0x00020858},
	{0x90070001, 0x00000000}, {0x40000000, 0x00000000},
	{0x03F, 0x00020858},
	{0x90080001, 0x00000000}, {0x40000000, 0x00000000},
	{0x03F, 0x00020858},
	{0x90290001, 0x00000000}, {0x40000000, 0x00000000},
	{0x03F, 0x00020858},
	{0x902b0001, 0x00000000}, {0x40000000, 0x00000000},
	{0x03F, 0x00020858},
	{0xA0000000, 0x00000000},
	{0x03F, 0x00027558},
	{0xB0000000, 0x00000000},
	{0x033, 0x00000020},
	{0x03E, 0x0000000C},
	{0x80010000, 0x00000000}, {0x40000000, 0x00000000},
	{0x03F, 0x00026458},
	{0x90020000, 0x00000000}, {0x40000000, 0x00000000},
	{0x03F, 0x00026458},
	{0x90010001, 0x00000000}, {0x40000000, 0x00000000},
	{0x03F, 0x00022658},
	{0x90020001, 0x00000000}, {0x40000000, 0x00000000},
	{0x03F, 0x00022658},
	{0x90030001, 0x00000000}, {0x40000000, 0x00000000},
	{0x03F, 0x00022658},
	{0x90040001, 0x00000000}, {0x40000000, 0x00000000},
	{0x03F, 0x00022658},
	{0x90050001, 0x00000000}, {0x40000000, 0x00000000},
	{0x03F, 0x00022658},
	{0x90060001, 0x00000000}, {0x40000000, 0x00000000},
	{0x03F, 0x00022658},
	{0x90070001, 0x00000000}, {0x40000000, 0x00000000},
	{0x03F, 0x00022658},
	{0x90080001, 0x00000000}, {0x40000000, 0x00000000},
	{0x03F, 0x00022658},
	{0x90290001, 0x00000000}, {0x40000000, 0x00000000},
	{0x03F, 0x00022658},
	{0x902b0001, 0x00000000}, {0x40000000, 0x00000000},
	{0x03F, 0x00022658},
	{0xA0000000, 0x00000000},
	{0x03F, 0x00026458},
	{0xB0000000, 0x00000000},
	{0x033, 0x00000021},
	{0x03E, 0x0000000C},
	{0x80010000, 0x00000000}, {0x40000000, 0x00000000},
	{0x03F, 0x00026458},
	{0x90020000, 0x00000000}, {0x40000000, 0x00000000},
	{0x03F, 0x00026458},
	{0x90010001, 0x00000000}, {0x40000000, 0x00000000},
	{0x03F, 0x00022658},
	{0x90020001, 0x00000000}, {0x40000000, 0x00000000},
	{0x03F, 0x00022658},
	{0x90030001, 0x00000000}, {0x40000000, 0x00000000},
	{0x03F, 0x00022658},
	{0x90040001, 0x00000000}, {0x40000000, 0x00000000},
	{0x03F, 0x00022658},
	{0x90050001, 0x00000000}, {0x40000000, 0x00000000},
	{0x03F, 0x00022658},
	{0x90060001, 0x00000000}, {0x40000000, 0x00000000},
	{0x03F, 0x00022658},
	{0x90070001, 0x00000000}, {0x40000000, 0x00000000},
	{0x03F, 0x00022658},
	{0x90080001, 0x00000000}, {0x40000000, 0x00000000},
	{0x03F, 0x00022658},
	{0x90290001, 0x00000000}, {0x40000000, 0x00000000},
	{0x03F, 0x00022658},
	{0x902b0001, 0x00000000}, {0x40000000, 0x00000000},
	{0x03F, 0x00022658},
	{0xA0000000, 0x00000000},
	{0x03F, 0x00026458},
	{0xB0000000, 0x00000000},
	{0x033, 0x00000022},
	{0x03E, 0x0000000C},
	{0x80010000, 0x00000000}, {0x40000000, 0x00000000},
	{0x03F, 0x00027558},
	{0x90020000, 0x00000000}, {0x40000000, 0x00000000},
	{0x03F, 0x00027558},
	{0x90010001, 0x00000000}, {0x40000000, 0x00000000},
	{0x03F, 0x00022858},
	{0x90020001, 0x00000000}, {0x40000000, 0x00000000},
	{0x03F, 0x00022858},
	{0x90030001, 0x00000000}, {0x40000000, 0x00000000},
	{0x03F, 0x00022858},
	{0x90040001, 0x00000000}, {0x40000000, 0x00000000},
	{0x03F, 0x00022858},
	{0x90050001, 0x00000000}, {0x40000000, 0x00000000},
	{0x03F, 0x00022858},
	{0x90060001, 0x00000000}, {0x40000000, 0x00000000},
	{0x03F, 0x00022858},
	{0x90070001, 0x00000000}, {0x40000000, 0x00000000},
	{0x03F, 0x00022858},
	{0x90080001, 0x00000000}, {0x40000000, 0x00000000},
	{0x03F, 0x00022858},
	{0x90290001, 0x00000000}, {0x40000000, 0x00000000},
	{0x03F, 0x00022858},
	{0x902b0001, 0x00000000}, {0x40000000, 0x00000000},
	{0x03F, 0x00022858},
	{0xA0000000, 0x00000000},
	{0x03F, 0x00027558},
	{0xB0000000, 0x00000000},
	{0x033, 0x00000023},
	{0x03E, 0x0000000C},
	{0x80010000, 0x00000000}, {0x40000000, 0x00000000},
	{0x03F, 0x00027558},
	{0x90020000, 0x00000000}, {0x40000000, 0x00000000},
	{0x03F, 0x00027558},
	{0x90010001, 0x00000000}, {0x40000000, 0x00000000},
	{0x03F, 0x00020858},
	{0x90020001, 0x00000000}, {0x40000000, 0x00000000},
	{0x03F, 0x00020858},
	{0x90030001, 0x00000000}, {0x40000000, 0x00000000},
	{0x03F, 0x00020858},
	{0x90040001, 0x00000000}, {0x40000000, 0x00000000},
	{0x03F, 0x00020858},
	{0x90050001, 0x00000000}, {0x40000000, 0x00000000},
	{0x03F, 0x00020858},
	{0x90060001, 0x00000000}, {0x40000000, 0x00000000},
	{0x03F, 0x00020858},
	{0x90070001, 0x00000000}, {0x40000000, 0x00000000},
	{0x03F, 0x00020858},
	{0x90080001, 0x00000000}, {0x40000000, 0x00000000},
	{0x03F, 0x00020858},
	{0x90290001, 0x00000000}, {0x40000000, 0x00000000},
	{0x03F, 0x00020858},
	{0x902b0001, 0x00000000}, {0x40000000, 0x00000000},
	{0x03F, 0x00020858},
	{0xA0000000, 0x00000000},
	{0x03F, 0x00027558},
	{0xB0000000, 0x00000000},
	{0x033, 0x00000024},
	{0x03E, 0x0000000C},
	{0x80010000, 0x00000000}, {0x40000000, 0x00000000},
	{0x03F, 0x00026458},
	{0x90020000, 0x00000000}, {0x40000000, 0x00000000},
	{0x03F, 0x00026458},
	{0x90010001, 0x00000000}, {0x40000000, 0x00000000},
	{0x03F, 0x00022658},
	{0x90020001, 0x00000000}, {0x40000000, 0x00000000},
	{0x03F, 0x00022658},
	{0x90030001, 0x00000000}, {0x40000000, 0x00000000},
	{0x03F, 0x00022658},
	{0x90040001, 0x00000000}, {0x40000000, 0x00000000},
	{0x03F, 0x00022658},
	{0x90050001, 0x00000000}, {0x40000000, 0x00000000},
	{0x03F, 0x00022658},
	{0x90060001, 0x00000000}, {0x40000000, 0x00000000},
	{0x03F, 0x00022658},
	{0x90070001, 0x00000000}, {0x40000000, 0x00000000},
	{0x03F, 0x00022658},
	{0x90080001, 0x00000000}, {0x40000000, 0x00000000},
	{0x03F, 0x00022658},
	{0x90290001, 0x00000000}, {0x40000000, 0x00000000},
	{0x03F, 0x00022658},
	{0x902b0001, 0x00000000}, {0x40000000, 0x00000000},
	{0x03F, 0x00022658},
	{0xA0000000, 0x00000000},
	{0x03F, 0x00026458},
	{0xB0000000, 0x00000000},
	{0x033, 0x00000025},
	{0x03E, 0x0000000C},
	{0x80010000, 0x00000000}, {0x40000000, 0x00000000},
	{0x03F, 0x00026458},
	{0x90020000, 0x00000000}, {0x40000000, 0x00000000},
	{0x03F, 0x00026458},
	{0x90010001, 0x00000000}, {0x40000000, 0x00000000},
	{0x03F, 0x00022658},
	{0x90020001, 0x00000000}, {0x40000000, 0x00000000},
	{0x03F, 0x00022658},
	{0x90030001, 0x00000000}, {0x40000000, 0x00000000},
	{0x03F, 0x00022658},
	{0x90040001, 0x00000000}, {0x40000000, 0x00000000},
	{0x03F, 0x00022658},
	{0x90050001, 0x00000000}, {0x40000000, 0x00000000},
	{0x03F, 0x00022658},
	{0x90060001, 0x00000000}, {0x40000000, 0x00000000},
	{0x03F, 0x00022658},
	{0x90070001, 0x00000000}, {0x40000000, 0x00000000},
	{0x03F, 0x00022658},
	{0x90080001, 0x00000000}, {0x40000000, 0x00000000},
	{0x03F, 0x00022658},
	{0x90290001, 0x00000000}, {0x40000000, 0x00000000},
	{0x03F, 0x00022658},
	{0x902b0001, 0x00000000}, {0x40000000, 0x00000000},
	{0x03F, 0x00022658},
	{0xA0000000, 0x00000000},
	{0x03F, 0x00026458},
	{0xB0000000, 0x00000000},
	{0x033, 0x00000026},
	{0x03E, 0x0000000C},
	{0x80010000, 0x00000000}, {0x40000000, 0x00000000},
	{0x03F, 0x00027558},
	{0x90020000, 0x00000000}, {0x40000000, 0x00000000},
	{0x03F, 0x00027558},
	{0x90010001, 0x00000000}, {0x40000000, 0x00000000},
	{0x03F, 0x00022858},
	{0x90020001, 0x00000000}, {0x40000000, 0x00000000},
	{0x03F, 0x00022858},
	{0x90030001, 0x00000000}, {0x40000000, 0x00000000},
	{0x03F, 0x00022858},
	{0x90040001, 0x00000000}, {0x40000000, 0x00000000},
	{0x03F, 0x00022858},
	{0x90050001, 0x00000000}, {0x40000000, 0x00000000},
	{0x03F, 0x00022858},
	{0x90060001, 0x00000000}, {0x40000000, 0x00000000},
	{0x03F, 0x00022858},
	{0x90070001, 0x00000000}, {0x40000000, 0x00000000},
	{0x03F, 0x00022858},
	{0x90080001, 0x00000000}, {0x40000000, 0x00000000},
	{0x03F, 0x00022858},
	{0x90290001, 0x00000000}, {0x40000000, 0x00000000},
	{0x03F, 0x00022858},
	{0x902b0001, 0x00000000}, {0x40000000, 0x00000000},
	{0x03F, 0x00022858},
	{0xA0000000, 0x00000000},
	{0x03F, 0x00027558},
	{0xB0000000, 0x00000000},
	{0x033, 0x00000027},
	{0x03E, 0x0000000C},
	{0x80010000, 0x00000000}, {0x40000000, 0x00000000},
	{0x03F, 0x00027558},
	{0x90020000, 0x00000000}, {0x40000000, 0x00000000},
	{0x03F, 0x00027558},
	{0x90010001, 0x00000000}, {0x40000000, 0x00000000},
	{0x03F, 0x00020858},
	{0x90020001, 0x00000000}, {0x40000000, 0x00000000},
	{0x03F, 0x00020858},
	{0x90030001, 0x00000000}, {0x40000000, 0x00000000},
	{0x03F, 0x00020858},
	{0x90040001, 0x00000000}, {0x40000000, 0x00000000},
	{0x03F, 0x00020858},
	{0x90050001, 0x00000000}, {0x40000000, 0x00000000},
	{0x03F, 0x00020858},
	{0x90060001, 0x00000000}, {0x40000000, 0x00000000},
	{0x03F, 0x00020858},
	{0x90070001, 0x00000000}, {0x40000000, 0x00000000},
	{0x03F, 0x00020858},
	{0x90080001, 0x00000000}, {0x40000000, 0x00000000},
	{0x03F, 0x00020858},
	{0x90290001, 0x00000000}, {0x40000000, 0x00000000},
	{0x03F, 0x00020858},
	{0x902b0001, 0x00000000}, {0x40000000, 0x00000000},
	{0x03F, 0x00020858},
	{0xA0000000, 0x00000000},
	{0x03F, 0x00027558},
	{0xB0000000, 0x00000000},
	{0x033, 0x00000028},
	{0x03E, 0x0000000C},
	{0x80010000, 0x00000000}, {0x40000000, 0x00000000},
	{0x03F, 0x00026458},
	{0x90020000, 0x00000000}, {0x40000000, 0x00000000},
	{0x03F, 0x00026458},
	{0x90010001, 0x00000000}, {0x40000000, 0x00000000},
	{0x03F, 0x00022658},
	{0x90020001, 0x00000000}, {0x40000000, 0x00000000},
	{0x03F, 0x00022658},
	{0x90030001, 0x00000000}, {0x40000000, 0x00000000},
	{0x03F, 0x00022658},
	{0x90040001, 0x00000000}, {0x40000000, 0x00000000},
	{0x03F, 0x00022658},
	{0x90050001, 0x00000000}, {0x40000000, 0x00000000},
	{0x03F, 0x00022658},
	{0x90060001, 0x00000000}, {0x40000000, 0x00000000},
	{0x03F, 0x00022658},
	{0x90070001, 0x00000000}, {0x40000000, 0x00000000},
	{0x03F, 0x00022658},
	{0x90080001, 0x00000000}, {0x40000000, 0x00000000},
	{0x03F, 0x00022658},
	{0x90290001, 0x00000000}, {0x40000000, 0x00000000},
	{0x03F, 0x00022658},
	{0x902b0001, 0x00000000}, {0x40000000, 0x00000000},
	{0x03F, 0x00022658},
	{0xA0000000, 0x00000000},
	{0x03F, 0x00026458},
	{0xB0000000, 0x00000000},
	{0x033, 0x00000029},
	{0x03E, 0x0000000C},
	{0x80010000, 0x00000000}, {0x40000000, 0x00000000},
	{0x03F, 0x00026458},
	{0x90020000, 0x00000000}, {0x40000000, 0x00000000},
	{0x03F, 0x00026458},
	{0x90010001, 0x00000000}, {0x40000000, 0x00000000},
	{0x03F, 0x00022658},
	{0x90020001, 0x00000000}, {0x40000000, 0x00000000},
	{0x03F, 0x00022658},
	{0x90030001, 0x00000000}, {0x40000000, 0x00000000},
	{0x03F, 0x00022658},
	{0x90040001, 0x00000000}, {0x40000000, 0x00000000},
	{0x03F, 0x00022658},
	{0x90050001, 0x00000000}, {0x40000000, 0x00000000},
	{0x03F, 0x00022658},
	{0x90060001, 0x00000000}, {0x40000000, 0x00000000},
	{0x03F, 0x00022658},
	{0x90070001, 0x00000000}, {0x40000000, 0x00000000},
	{0x03F, 0x00022658},
	{0x90080001, 0x00000000}, {0x40000000, 0x00000000},
	{0x03F, 0x00022658},
	{0x90290001, 0x00000000}, {0x40000000, 0x00000000},
	{0x03F, 0x00022658},
	{0x902b0001, 0x00000000}, {0x40000000, 0x00000000},
	{0x03F, 0x00022658},
	{0xA0000000, 0x00000000},
	{0x03F, 0x00026458},
	{0xB0000000, 0x00000000},
	{0x033, 0x0000002A},
	{0x03E, 0x0000000C},
	{0x80010000, 0x00000000}, {0x40000000, 0x00000000},
	{0x03F, 0x00027558},
	{0x90020000, 0x00000000}, {0x40000000, 0x00000000},
	{0x03F, 0x00027558},
	{0x90010001, 0x00000000}, {0x40000000, 0x00000000},
	{0x03F, 0x00022858},
	{0x90020001, 0x00000000}, {0x40000000, 0x00000000},
	{0x03F, 0x00022858},
	{0x90030001, 0x00000000}, {0x40000000, 0x00000000},
	{0x03F, 0x00022858},
	{0x90040001, 0x00000000}, {0x40000000, 0x00000000},
	{0x03F, 0x00022858},
	{0x90050001, 0x00000000}, {0x40000000, 0x00000000},
	{0x03F, 0x00022858},
	{0x90060001, 0x00000000}, {0x40000000, 0x00000000},
	{0x03F, 0x00022858},
	{0x90070001, 0x00000000}, {0x40000000, 0x00000000},
	{0x03F, 0x00022858},
	{0x90080001, 0x00000000}, {0x40000000, 0x00000000},
	{0x03F, 0x00022858},
	{0x90290001, 0x00000000}, {0x40000000, 0x00000000},
	{0x03F, 0x00022858},
	{0x902b0001, 0x00000000}, {0x40000000, 0x00000000},
	{0x03F, 0x00022858},
	{0xA0000000, 0x00000000},
	{0x03F, 0x00027558},
	{0xB0000000, 0x00000000},
	{0x033, 0x0000002B},
	{0x03E, 0x0000000C},
	{0x80010000, 0x00000000}, {0x40000000, 0x00000000},
	{0x03F, 0x00027558},
	{0x90020000, 0x00000000}, {0x40000000, 0x00000000},
	{0x03F, 0x00027558},
	{0x90010001, 0x00000000}, {0x40000000, 0x00000000},
	{0x03F, 0x00020858},
	{0x90020001, 0x00000000}, {0x40000000, 0x00000000},
	{0x03F, 0x00020858},
	{0x90030001, 0x00000000}, {0x40000000, 0x00000000},
	{0x03F, 0x00020858},
	{0x90040001, 0x00000000}, {0x40000000, 0x00000000},
	{0x03F, 0x00020858},
	{0x90050001, 0x00000000}, {0x40000000, 0x00000000},
	{0x03F, 0x00020858},
	{0x90060001, 0x00000000}, {0x40000000, 0x00000000},
	{0x03F, 0x00020858},
	{0x90070001, 0x00000000}, {0x40000000, 0x00000000},
	{0x03F, 0x00020858},
	{0x90080001, 0x00000000}, {0x40000000, 0x00000000},
	{0x03F, 0x00020858},
	{0x90290001, 0x00000000}, {0x40000000, 0x00000000},
	{0x03F, 0x00020858},
	{0x902b0001, 0x00000000}, {0x40000000, 0x00000000},
	{0x03F, 0x00020858},
	{0xA0000000, 0x00000000},
	{0x03F, 0x00027558},
	{0xB0000000, 0x00000000},
	{0x033, 0x0000002C},
	{0x03E, 0x0000000C},
	{0x80010000, 0x00000000}, {0x40000000, 0x00000000},
	{0x03F, 0x00026458},
	{0x90020000, 0x00000000}, {0x40000000, 0x00000000},
	{0x03F, 0x00026458},
	{0x90010001, 0x00000000}, {0x40000000, 0x00000000},
	{0x03F, 0x00022658},
	{0x90020001, 0x00000000}, {0x40000000, 0x00000000},
	{0x03F, 0x00022658},
	{0x90030001, 0x00000000}, {0x40000000, 0x00000000},
	{0x03F, 0x00022658},
	{0x90040001, 0x00000000}, {0x40000000, 0x00000000},
	{0x03F, 0x00022658},
	{0x90050001, 0x00000000}, {0x40000000, 0x00000000},
	{0x03F, 0x00022658},
	{0x90060001, 0x00000000}, {0x40000000, 0x00000000},
	{0x03F, 0x00022658},
	{0x90070001, 0x00000000}, {0x40000000, 0x00000000},
	{0x03F, 0x00022658},
	{0x90080001, 0x00000000}, {0x40000000, 0x00000000},
	{0x03F, 0x00022658},
	{0x90290001, 0x00000000}, {0x40000000, 0x00000000},
	{0x03F, 0x00022658},
	{0x902b0001, 0x00000000}, {0x40000000, 0x00000000},
	{0x03F, 0x00022658},
	{0xA0000000, 0x00000000},
	{0x03F, 0x00026458},
	{0xB0000000, 0x00000000},
	{0x033, 0x0000002D},
	{0x03E, 0x0000000C},
	{0x80010000, 0x00000000}, {0x40000000, 0x00000000},
	{0x03F, 0x00026458},
	{0x90020000, 0x00000000}, {0x40000000, 0x00000000},
	{0x03F, 0x00026458},
	{0x90010001, 0x00000000}, {0x40000000, 0x00000000},
	{0x03F, 0x00022658},
	{0x90020001, 0x00000000}, {0x40000000, 0x00000000},
	{0x03F, 0x00022658},
	{0x90030001, 0x00000000}, {0x40000000, 0x00000000},
	{0x03F, 0x00022658},
	{0x90040001, 0x00000000}, {0x40000000, 0x00000000},
	{0x03F, 0x00022658},
	{0x90050001, 0x00000000}, {0x40000000, 0x00000000},
	{0x03F, 0x00022658},
	{0x90060001, 0x00000000}, {0x40000000, 0x00000000},
	{0x03F, 0x00022658},
	{0x90070001, 0x00000000}, {0x40000000, 0x00000000},
	{0x03F, 0x00022658},
	{0x90080001, 0x00000000}, {0x40000000, 0x00000000},
	{0x03F, 0x00022658},
	{0x90290001, 0x00000000}, {0x40000000, 0x00000000},
	{0x03F, 0x00022658},
	{0x902b0001, 0x00000000}, {0x40000000, 0x00000000},
	{0x03F, 0x00022658},
	{0xA0000000, 0x00000000},
	{0x03F, 0x00026458},
	{0xB0000000, 0x00000000},
	{0x033, 0x0000002E},
	{0x03E, 0x0000000C},
	{0x80010000, 0x00000000}, {0x40000000, 0x00000000},
	{0x03F, 0x00027558},
	{0x90020000, 0x00000000}, {0x40000000, 0x00000000},
	{0x03F, 0x00027558},
	{0x90010001, 0x00000000}, {0x40000000, 0x00000000},
	{0x03F, 0x00022858},
	{0x90020001, 0x00000000}, {0x40000000, 0x00000000},
	{0x03F, 0x00022858},
	{0x90030001, 0x00000000}, {0x40000000, 0x00000000},
	{0x03F, 0x00022858},
	{0x90040001, 0x00000000}, {0x40000000, 0x00000000},
	{0x03F, 0x00022858},
	{0x90050001, 0x00000000}, {0x40000000, 0x00000000},
	{0x03F, 0x00022858},
	{0x90060001, 0x00000000}, {0x40000000, 0x00000000},
	{0x03F, 0x00022858},
	{0x90070001, 0x00000000}, {0x40000000, 0x00000000},
	{0x03F, 0x00022858},
	{0x90080001, 0x00000000}, {0x40000000, 0x00000000},
	{0x03F, 0x00022858},
	{0x90290001, 0x00000000}, {0x40000000, 0x00000000},
	{0x03F, 0x00022858},
	{0x902b0001, 0x00000000}, {0x40000000, 0x00000000},
	{0x03F, 0x00022858},
	{0xA0000000, 0x00000000},
	{0x03F, 0x00027558},
	{0xB0000000, 0x00000000},
	{0x033, 0x0000002F},
	{0x03E, 0x0000000C},
	{0x80010000, 0x00000000}, {0x40000000, 0x00000000},
	{0x03F, 0x00027558},
	{0x90020000, 0x00000000}, {0x40000000, 0x00000000},
	{0x03F, 0x00027558},
	{0x90010001, 0x00000000}, {0x40000000, 0x00000000},
	{0x03F, 0x00020858},
	{0x90020001, 0x00000000}, {0x40000000, 0x00000000},
	{0x03F, 0x00020858},
	{0x90030001, 0x00000000}, {0x40000000, 0x00000000},
	{0x03F, 0x00020858},
	{0x90040001, 0x00000000}, {0x40000000, 0x00000000},
	{0x03F, 0x00020858},
	{0x90050001, 0x00000000}, {0x40000000, 0x00000000},
	{0x03F, 0x00020858},
	{0x90060001, 0x00000000}, {0x40000000, 0x00000000},
	{0x03F, 0x00020858},
	{0x90070001, 0x00000000}, {0x40000000, 0x00000000},
	{0x03F, 0x00020858},
	{0x90080001, 0x00000000}, {0x40000000, 0x00000000},
	{0x03F, 0x00020858},
	{0x90290001, 0x00000000}, {0x40000000, 0x00000000},
	{0x03F, 0x00020858},
	{0x902b0001, 0x00000000}, {0x40000000, 0x00000000},
	{0x03F, 0x00020858},
	{0xA0000000, 0x00000000},
	{0x03F, 0x00027558},
	{0xB0000000, 0x00000000},
	{0x033, 0x00000030},
	{0x03E, 0x0000000C},
	{0x80010000, 0x00000000}, {0x40000000, 0x00000000},
	{0x03F, 0x00026458},
	{0x90020000, 0x00000000}, {0x40000000, 0x00000000},
	{0x03F, 0x00026458},
	{0x90010001, 0x00000000}, {0x40000000, 0x00000000},
	{0x03F, 0x00022658},
	{0x90020001, 0x00000000}, {0x40000000, 0x00000000},
	{0x03F, 0x00022658},
	{0x90030001, 0x00000000}, {0x40000000, 0x00000000},
	{0x03F, 0x00022658},
	{0x90040001, 0x00000000}, {0x40000000, 0x00000000},
	{0x03F, 0x00022658},
	{0x90050001, 0x00000000}, {0x40000000, 0x00000000},
	{0x03F, 0x00022658},
	{0x90060001, 0x00000000}, {0x40000000, 0x00000000},
	{0x03F, 0x00022658},
	{0x90070001, 0x00000000}, {0x40000000, 0x00000000},
	{0x03F, 0x00022658},
	{0x90080001, 0x00000000}, {0x40000000, 0x00000000},
	{0x03F, 0x00022658},
	{0x90290001, 0x00000000}, {0x40000000, 0x00000000},
	{0x03F, 0x00022658},
	{0x902b0001, 0x00000000}, {0x40000000, 0x00000000},
	{0x03F, 0x00022658},
	{0xA0000000, 0x00000000},
	{0x03F, 0x00026458},
	{0xB0000000, 0x00000000},
	{0x033, 0x00000031},
	{0x03E, 0x0000000C},
	{0x80010000, 0x00000000}, {0x40000000, 0x00000000},
	{0x03F, 0x00026458},
	{0x90020000, 0x00000000}, {0x40000000, 0x00000000},
	{0x03F, 0x00026458},
	{0x90010001, 0x00000000}, {0x40000000, 0x00000000},
	{0x03F, 0x00022658},
	{0x90020001, 0x00000000}, {0x40000000, 0x00000000},
	{0x03F, 0x00022658},
	{0x90030001, 0x00000000}, {0x40000000, 0x00000000},
	{0x03F, 0x00022658},
	{0x90040001, 0x00000000}, {0x40000000, 0x00000000},
	{0x03F, 0x00022658},
	{0x90050001, 0x00000000}, {0x40000000, 0x00000000},
	{0x03F, 0x00022658},
	{0x90060001, 0x00000000}, {0x40000000, 0x00000000},
	{0x03F, 0x00022658},
	{0x90070001, 0x00000000}, {0x40000000, 0x00000000},
	{0x03F, 0x00022658},
	{0x90080001, 0x00000000}, {0x40000000, 0x00000000},
	{0x03F, 0x00022658},
	{0x90290001, 0x00000000}, {0x40000000, 0x00000000},
	{0x03F, 0x00022658},
	{0x902b0001, 0x00000000}, {0x40000000, 0x00000000},
	{0x03F, 0x00022658},
	{0xA0000000, 0x00000000},
	{0x03F, 0x00026458},
	{0xB0000000, 0x00000000},
	{0x033, 0x00000032},
	{0x03E, 0x0000000C},
	{0x80010000, 0x00000000}, {0x40000000, 0x00000000},
	{0x03F, 0x00027558},
	{0x90020000, 0x00000000}, {0x40000000, 0x00000000},
	{0x03F, 0x00027558},
	{0x90010001, 0x00000000}, {0x40000000, 0x00000000},
	{0x03F, 0x00022858},
	{0x90020001, 0x00000000}, {0x40000000, 0x00000000},
	{0x03F, 0x00022858},
	{0x90030001, 0x00000000}, {0x40000000, 0x00000000},
	{0x03F, 0x00022858},
	{0x90040001, 0x00000000}, {0x40000000, 0x00000000},
	{0x03F, 0x00022858},
	{0x90050001, 0x00000000}, {0x40000000, 0x00000000},
	{0x03F, 0x00022858},
	{0x90060001, 0x00000000}, {0x40000000, 0x00000000},
	{0x03F, 0x00022858},
	{0x90070001, 0x00000000}, {0x40000000, 0x00000000},
	{0x03F, 0x00022858},
	{0x90080001, 0x00000000}, {0x40000000, 0x00000000},
	{0x03F, 0x00022858},
	{0x90290001, 0x00000000}, {0x40000000, 0x00000000},
	{0x03F, 0x00022858},
	{0x902b0001, 0x00000000}, {0x40000000, 0x00000000},
	{0x03F, 0x00022858},
	{0xA0000000, 0x00000000},
	{0x03F, 0x00027558},
	{0xB0000000, 0x00000000},
	{0x033, 0x00000033},
	{0x03E, 0x0000000C},
	{0x80010000, 0x00000000}, {0x40000000, 0x00000000},
	{0x03F, 0x00027558},
	{0x90020000, 0x00000000}, {0x40000000, 0x00000000},
	{0x03F, 0x00027558},
	{0x90010001, 0x00000000}, {0x40000000, 0x00000000},
	{0x03F, 0x00020858},
	{0x90020001, 0x00000000}, {0x40000000, 0x00000000},
	{0x03F, 0x00020858},
	{0x90030001, 0x00000000}, {0x40000000, 0x00000000},
	{0x03F, 0x00020858},
	{0x90040001, 0x00000000}, {0x40000000, 0x00000000},
	{0x03F, 0x00020858},
	{0x90050001, 0x00000000}, {0x40000000, 0x00000000},
	{0x03F, 0x00020858},
	{0x90060001, 0x00000000}, {0x40000000, 0x00000000},
	{0x03F, 0x00020858},
	{0x90070001, 0x00000000}, {0x40000000, 0x00000000},
	{0x03F, 0x00020858},
	{0x90080001, 0x00000000}, {0x40000000, 0x00000000},
	{0x03F, 0x00020858},
	{0x90290001, 0x00000000}, {0x40000000, 0x00000000},
	{0x03F, 0x00020858},
	{0x902b0001, 0x00000000}, {0x40000000, 0x00000000},
	{0x03F, 0x00020858},
	{0xA0000000, 0x00000000},
	{0x03F, 0x00027558},
	{0xB0000000, 0x00000000},
	{0x033, 0x00000034},
	{0x03E, 0x0000000C},
	{0x80010000, 0x00000000}, {0x40000000, 0x00000000},
	{0x03F, 0x00026458},
	{0x90020000, 0x00000000}, {0x40000000, 0x00000000},
	{0x03F, 0x00026458},
	{0x90010001, 0x00000000}, {0x40000000, 0x00000000},
	{0x03F, 0x00022658},
	{0x90020001, 0x00000000}, {0x40000000, 0x00000000},
	{0x03F, 0x00022658},
	{0x90030001, 0x00000000}, {0x40000000, 0x00000000},
	{0x03F, 0x00022658},
	{0x90040001, 0x00000000}, {0x40000000, 0x00000000},
	{0x03F, 0x00022658},
	{0x90050001, 0x00000000}, {0x40000000, 0x00000000},
	{0x03F, 0x00022658},
	{0x90060001, 0x00000000}, {0x40000000, 0x00000000},
	{0x03F, 0x00022658},
	{0x90070001, 0x00000000}, {0x40000000, 0x00000000},
	{0x03F, 0x00022658},
	{0x90080001, 0x00000000}, {0x40000000, 0x00000000},
	{0x03F, 0x00022658},
	{0x90290001, 0x00000000}, {0x40000000, 0x00000000},
	{0x03F, 0x00022658},
	{0x902b0001, 0x00000000}, {0x40000000, 0x00000000},
	{0x03F, 0x00022658},
	{0xA0000000, 0x00000000},
	{0x03F, 0x00026458},
	{0xB0000000, 0x00000000},
	{0x033, 0x00000035},
	{0x03E, 0x0000000C},
	{0x80010000, 0x00000000}, {0x40000000, 0x00000000},
	{0x03F, 0x00026458},
	{0x90020000, 0x00000000}, {0x40000000, 0x00000000},
	{0x03F, 0x00026458},
	{0x90010001, 0x00000000}, {0x40000000, 0x00000000},
	{0x03F, 0x00022658},
	{0x90020001, 0x00000000}, {0x40000000, 0x00000000},
	{0x03F, 0x00022658},
	{0x90030001, 0x00000000}, {0x40000000, 0x00000000},
	{0x03F, 0x00022658},
	{0x90040001, 0x00000000}, {0x40000000, 0x00000000},
	{0x03F, 0x00022658},
	{0x90050001, 0x00000000}, {0x40000000, 0x00000000},
	{0x03F, 0x00022658},
	{0x90060001, 0x00000000}, {0x40000000, 0x00000000},
	{0x03F, 0x00022658},
	{0x90070001, 0x00000000}, {0x40000000, 0x00000000},
	{0x03F, 0x00022658},
	{0x90080001, 0x00000000}, {0x40000000, 0x00000000},
	{0x03F, 0x00022658},
	{0x90290001, 0x00000000}, {0x40000000, 0x00000000},
	{0x03F, 0x00022658},
	{0x902b0001, 0x00000000}, {0x40000000, 0x00000000},
	{0x03F, 0x00022658},
	{0xA0000000, 0x00000000},
	{0x03F, 0x00026458},
	{0xB0000000, 0x00000000},
	{0x033, 0x00000036},
	{0x03E, 0x0000000C},
	{0x80010000, 0x00000000}, {0x40000000, 0x00000000},
	{0x03F, 0x00027558},
	{0x90020000, 0x00000000}, {0x40000000, 0x00000000},
	{0x03F, 0x00027558},
	{0x90010001, 0x00000000}, {0x40000000, 0x00000000},
	{0x03F, 0x00022858},
	{0x90020001, 0x00000000}, {0x40000000, 0x00000000},
	{0x03F, 0x00022858},
	{0x90030001, 0x00000000}, {0x40000000, 0x00000000},
	{0x03F, 0x00022858},
	{0x90040001, 0x00000000}, {0x40000000, 0x00000000},
	{0x03F, 0x00022858},
	{0x90050001, 0x00000000}, {0x40000000, 0x00000000},
	{0x03F, 0x00022858},
	{0x90060001, 0x00000000}, {0x40000000, 0x00000000},
	{0x03F, 0x00022858},
	{0x90070001, 0x00000000}, {0x40000000, 0x00000000},
	{0x03F, 0x00022858},
	{0x90080001, 0x00000000}, {0x40000000, 0x00000000},
	{0x03F, 0x00022858},
	{0x90290001, 0x00000000}, {0x40000000, 0x00000000},
	{0x03F, 0x00022858},
	{0x902b0001, 0x00000000}, {0x40000000, 0x00000000},
	{0x03F, 0x00022858},
	{0xA0000000, 0x00000000},
	{0x03F, 0x00027558},
	{0xB0000000, 0x00000000},
	{0x033, 0x00000037},
	{0x03E, 0x0000000C},
	{0x80010000, 0x00000000}, {0x40000000, 0x00000000},
	{0x03F, 0x00027558},
	{0x90020000, 0x00000000}, {0x40000000, 0x00000000},
	{0x03F, 0x00027558},
	{0x90010001, 0x00000000}, {0x40000000, 0x00000000},
	{0x03F, 0x00020858},
	{0x90020001, 0x00000000}, {0x40000000, 0x00000000},
	{0x03F, 0x00020858},
	{0x90030001, 0x00000000}, {0x40000000, 0x00000000},
	{0x03F, 0x00020858},
	{0x90040001, 0x00000000}, {0x40000000, 0x00000000},
	{0x03F, 0x00020858},
	{0x90050001, 0x00000000}, {0x40000000, 0x00000000},
	{0x03F, 0x00020858},
	{0x90060001, 0x00000000}, {0x40000000, 0x00000000},
	{0x03F, 0x00020858},
	{0x90070001, 0x00000000}, {0x40000000, 0x00000000},
	{0x03F, 0x00020858},
	{0x90080001, 0x00000000}, {0x40000000, 0x00000000},
	{0x03F, 0x00020858},
	{0x90290001, 0x00000000}, {0x40000000, 0x00000000},
	{0x03F, 0x00020858},
	{0x902b0001, 0x00000000}, {0x40000000, 0x00000000},
	{0x03F, 0x00020858},
	{0xA0000000, 0x00000000},
	{0x03F, 0x00027558},
	{0xB0000000, 0x00000000},
	{0x033, 0x00000038},
	{0x03E, 0x0000000C},
	{0x80010000, 0x00000000}, {0x40000000, 0x00000000},
	{0x03F, 0x00026458},
	{0x90020000, 0x00000000}, {0x40000000, 0x00000000},
	{0x03F, 0x00026458},
	{0x90010001, 0x00000000}, {0x40000000, 0x00000000},
	{0x03F, 0x00022658},
	{0x90020001, 0x00000000}, {0x40000000, 0x00000000},
	{0x03F, 0x00022658},
	{0x90030001, 0x00000000}, {0x40000000, 0x00000000},
	{0x03F, 0x00022658},
	{0x90040001, 0x00000000}, {0x40000000, 0x00000000},
	{0x03F, 0x00022658},
	{0x90050001, 0x00000000}, {0x40000000, 0x00000000},
	{0x03F, 0x00022658},
	{0x90060001, 0x00000000}, {0x40000000, 0x00000000},
	{0x03F, 0x00022658},
	{0x90070001, 0x00000000}, {0x40000000, 0x00000000},
	{0x03F, 0x00022658},
	{0x90080001, 0x00000000}, {0x40000000, 0x00000000},
	{0x03F, 0x00022658},
	{0x90290001, 0x00000000}, {0x40000000, 0x00000000},
	{0x03F, 0x00022658},
	{0x902b0001, 0x00000000}, {0x40000000, 0x00000000},
	{0x03F, 0x00022658},
	{0xA0000000, 0x00000000},
	{0x03F, 0x00026458},
	{0xB0000000, 0x00000000},
	{0x033, 0x00000039},
	{0x03E, 0x0000000C},
	{0x80010000, 0x00000000}, {0x40000000, 0x00000000},
	{0x03F, 0x00026458},
	{0x90020000, 0x00000000}, {0x40000000, 0x00000000},
	{0x03F, 0x00026458},
	{0x90010001, 0x00000000}, {0x40000000, 0x00000000},
	{0x03F, 0x00022658},
	{0x90020001, 0x00000000}, {0x40000000, 0x00000000},
	{0x03F, 0x00022658},
	{0x90030001, 0x00000000}, {0x40000000, 0x00000000},
	{0x03F, 0x00022658},
	{0x90040001, 0x00000000}, {0x40000000, 0x00000000},
	{0x03F, 0x00022658},
	{0x90050001, 0x00000000}, {0x40000000, 0x00000000},
	{0x03F, 0x00022658},
	{0x90060001, 0x00000000}, {0x40000000, 0x00000000},
	{0x03F, 0x00022658},
	{0x90070001, 0x00000000}, {0x40000000, 0x00000000},
	{0x03F, 0x00022658},
	{0x90080001, 0x00000000}, {0x40000000, 0x00000000},
	{0x03F, 0x00022658},
	{0x90290001, 0x00000000}, {0x40000000, 0x00000000},
	{0x03F, 0x00022658},
	{0x902b0001, 0x00000000}, {0x40000000, 0x00000000},
	{0x03F, 0x00022658},
	{0xA0000000, 0x00000000},
	{0x03F, 0x00026458},
	{0xB0000000, 0x00000000},
	{0x033, 0x0000003A},
	{0x03E, 0x0000000C},
	{0x80010000, 0x00000000}, {0x40000000, 0x00000000},
	{0x03F, 0x00027558},
	{0x90020000, 0x00000000}, {0x40000000, 0x00000000},
	{0x03F, 0x00027558},
	{0x90010001, 0x00000000}, {0x40000000, 0x00000000},
	{0x03F, 0x00022858},
	{0x90020001, 0x00000000}, {0x40000000, 0x00000000},
	{0x03F, 0x00022858},
	{0x90030001, 0x00000000}, {0x40000000, 0x00000000},
	{0x03F, 0x00022858},
	{0x90040001, 0x00000000}, {0x40000000, 0x00000000},
	{0x03F, 0x00022858},
	{0x90050001, 0x00000000}, {0x40000000, 0x00000000},
	{0x03F, 0x00022858},
	{0x90060001, 0x00000000}, {0x40000000, 0x00000000},
	{0x03F, 0x00022858},
	{0x90070001, 0x00000000}, {0x40000000, 0x00000000},
	{0x03F, 0x00022858},
	{0x90080001, 0x00000000}, {0x40000000, 0x00000000},
	{0x03F, 0x00022858},
	{0x90290001, 0x00000000}, {0x40000000, 0x00000000},
	{0x03F, 0x00022858},
	{0x902b0001, 0x00000000}, {0x40000000, 0x00000000},
	{0x03F, 0x00022858},
	{0xA0000000, 0x00000000},
	{0x03F, 0x00027558},
	{0xB0000000, 0x00000000},
	{0x033, 0x0000003B},
	{0x03E, 0x0000000C},
	{0x80010000, 0x00000000}, {0x40000000, 0x00000000},
	{0x03F, 0x00027558},
	{0x90020000, 0x00000000}, {0x40000000, 0x00000000},
	{0x03F, 0x00027558},
	{0x90010001, 0x00000000}, {0x40000000, 0x00000000},
	{0x03F, 0x00020858},
	{0x90020001, 0x00000000}, {0x40000000, 0x00000000},
	{0x03F, 0x00020858},
	{0x90030001, 0x00000000}, {0x40000000, 0x00000000},
	{0x03F, 0x00020858},
	{0x90040001, 0x00000000}, {0x40000000, 0x00000000},
	{0x03F, 0x00020858},
	{0x90050001, 0x00000000}, {0x40000000, 0x00000000},
	{0x03F, 0x00020858},
	{0x90060001, 0x00000000}, {0x40000000, 0x00000000},
	{0x03F, 0x00020858},
	{0x90070001, 0x00000000}, {0x40000000, 0x00000000},
	{0x03F, 0x00020858},
	{0x90080001, 0x00000000}, {0x40000000, 0x00000000},
	{0x03F, 0x00020858},
	{0x90290001, 0x00000000}, {0x40000000, 0x00000000},
	{0x03F, 0x00020858},
	{0x902b0001, 0x00000000}, {0x40000000, 0x00000000},
	{0x03F, 0x00020858},
	{0xA0000000, 0x00000000},
	{0x03F, 0x00027558},
	{0xB0000000, 0x00000000},
	{0x0EF, 0x00000000},
	{0x0EE, 0x00000800},
	{0x033, 0x00000000},
	{0x03F, 0x00000001},
	{0x033, 0x00000001},
	{0x03F, 0x00000003},
	{0x033, 0x00000002},
	{0x03F, 0x00000005},
	{0x033, 0x00000003},
	{0x03F, 0x00000007},
	{0x033, 0x00000004},
	{0x03F, 0x00000001},
	{0x033, 0x00000005},
	{0x03F, 0x00000003},
	{0x033, 0x00000006},
	{0x03F, 0x00000006},
	{0x033, 0x00000007},
	{0x03F, 0x00000007},
	{0x0EE, 0x00000000},
	{0x0EE, 0x00001000},
	{0x033, 0x00000000},
	{0x03F, 0x00003000},
	{0x033, 0x00000001},
	{0x03F, 0x00003001},
	{0x033, 0x00000002},
	{0x03F, 0x00003003},
	{0x033, 0x00000003},
	{0x03F, 0x00003007},
	{0x033, 0x00000004},
	{0x03F, 0x0000300F},
	{0x033, 0x00000005},
	{0x03F, 0x0000310F},
	{0x033, 0x00000006},
	{0x03F, 0x0000330F},
	{0x033, 0x00000007},
	{0x03F, 0x0000330F},
	{0x033, 0x00000008},
	{0x03F, 0x00003000},
	{0x033, 0x00000009},
	{0x03F, 0x00003001},
	{0x033, 0x0000000A},
	{0x03F, 0x00003003},
	{0x033, 0x0000000B},
	{0x80010000, 0x00000000}, {0x40000000, 0x00000000},
	{0x03F, 0x00003007},
	{0x90020000, 0x00000000}, {0x40000000, 0x00000000},
	{0x03F, 0x00003007},
	{0x90010001, 0x00000000}, {0x40000000, 0x00000000},
	{0x03F, 0x00003007},
	{0x90020001, 0x00000000}, {0x40000000, 0x00000000},
	{0x03F, 0x00003007},
	{0x90030001, 0x00000000}, {0x40000000, 0x00000000},
	{0x03F, 0x00003007},
	{0x90040001, 0x00000000}, {0x40000000, 0x00000000},
	{0x03F, 0x00003007},
	{0x90050001, 0x00000000}, {0x40000000, 0x00000000},
	{0x03F, 0x00003007},
	{0x90060001, 0x00000000}, {0x40000000, 0x00000000},
	{0x03F, 0x00003007},
	{0x90070001, 0x00000000}, {0x40000000, 0x00000000},
	{0x03F, 0x00003007},
	{0x90080001, 0x00000000}, {0x40000000, 0x00000000},
	{0x03F, 0x00003007},
	{0x90290001, 0x00000000}, {0x40000000, 0x00000000},
	{0x03F, 0x00003007},
	{0x902b0001, 0x00000000}, {0x40000000, 0x00000000},
	{0x03F, 0x00003007},
	{0xA0000000, 0x00000000},
	{0x03F, 0x00003103},
	{0xB0000000, 0x00000000},
	{0x033, 0x0000000C},
	{0x80010000, 0x00000000}, {0x40000000, 0x00000000},
	{0x03F, 0x00003107},
	{0x90020000, 0x00000000}, {0x40000000, 0x00000000},
	{0x03F, 0x00003107},
	{0x90010001, 0x00000000}, {0x40000000, 0x00000000},
	{0x03F, 0x00003107},
	{0x90020001, 0x00000000}, {0x40000000, 0x00000000},
	{0x03F, 0x00003107},
	{0x90030001, 0x00000000}, {0x40000000, 0x00000000},
	{0x03F, 0x00003107},
	{0x90040001, 0x00000000}, {0x40000000, 0x00000000},
	{0x03F, 0x00003107},
	{0x90050001, 0x00000000}, {0x40000000, 0x00000000},
	{0x03F, 0x00003107},
	{0x90060001, 0x00000000}, {0x40000000, 0x00000000},
	{0x03F, 0x00003107},
	{0x90070001, 0x00000000}, {0x40000000, 0x00000000},
	{0x03F, 0x00003107},
	{0x90080001, 0x00000000}, {0x40000000, 0x00000000},
	{0x03F, 0x00003107},
	{0x90290001, 0x00000000}, {0x40000000, 0x00000000},
	{0x03F, 0x00003107},
	{0x902b0001, 0x00000000}, {0x40000000, 0x00000000},
	{0x03F, 0x00003107},
	{0xA0000000, 0x00000000},
	{0x03F, 0x00003307},
	{0xB0000000, 0x00000000},
	{0x033, 0x0000000D},
	{0x80010000, 0x00000000}, {0x40000000, 0x00000000},
	{0x03F, 0x00003307},
	{0x90020000, 0x00000000}, {0x40000000, 0x00000000},
	{0x03F, 0x00003307},
	{0x90010001, 0x00000000}, {0x40000000, 0x00000000},
	{0x03F, 0x00003307},
	{0x90020001, 0x00000000}, {0x40000000, 0x00000000},
	{0x03F, 0x00003307},
	{0x90030001, 0x00000000}, {0x40000000, 0x00000000},
	{0x03F, 0x00003307},
	{0x90040001, 0x00000000}, {0x40000000, 0x00000000},
	{0x03F, 0x00003307},
	{0x90050001, 0x00000000}, {0x40000000, 0x00000000},
	{0x03F, 0x00003307},
	{0x90060001, 0x00000000}, {0x40000000, 0x00000000},
	{0x03F, 0x00003307},
	{0x90070001, 0x00000000}, {0x40000000, 0x00000000},
	{0x03F, 0x00003307},
	{0x90080001, 0x00000000}, {0x40000000, 0x00000000},
	{0x03F, 0x00003307},
	{0x90290001, 0x00000000}, {0x40000000, 0x00000000},
	{0x03F, 0x00003307},
	{0x902b0001, 0x00000000}, {0x40000000, 0x00000000},
	{0x03F, 0x00003307},
	{0xA0000000, 0x00000000},
	{0x03F, 0x00002307},
	{0xB0000000, 0x00000000},
	{0x033, 0x0000000E},
	{0x80010000, 0x00000000}, {0x40000000, 0x00000000},
	{0x03F, 0x00001307},
	{0x90020000, 0x00000000}, {0x40000000, 0x00000000},
	{0x03F, 0x00001307},
	{0x90010001, 0x00000000}, {0x40000000, 0x00000000},
	{0x03F, 0x00001307},
	{0x90020001, 0x00000000}, {0x40000000, 0x00000000},
	{0x03F, 0x00001307},
	{0x90030001, 0x00000000}, {0x40000000, 0x00000000},
	{0x03F, 0x00001307},
	{0x90040001, 0x00000000}, {0x40000000, 0x00000000},
	{0x03F, 0x00001307},
	{0x90050001, 0x00000000}, {0x40000000, 0x00000000},
	{0x03F, 0x00001307},
	{0x90060001, 0x00000000}, {0x40000000, 0x00000000},
	{0x03F, 0x00001307},
	{0x90070001, 0x00000000}, {0x40000000, 0x00000000},
	{0x03F, 0x00001307},
	{0x90080001, 0x00000000}, {0x40000000, 0x00000000},
	{0x03F, 0x00001307},
	{0x90290001, 0x00000000}, {0x40000000, 0x00000000},
	{0x03F, 0x00001307},
	{0x902b0001, 0x00000000}, {0x40000000, 0x00000000},
	{0x03F, 0x00001307},
	{0xA0000000, 0x00000000},
	{0x03F, 0x00000307},
	{0xB0000000, 0x00000000},
	{0x033, 0x0000000F},
	{0x80010000, 0x00000000}, {0x40000000, 0x00000000},
	{0x03F, 0x00000307},
	{0x90020000, 0x00000000}, {0x40000000, 0x00000000},
	{0x03F, 0x00000307},
	{0x90010001, 0x00000000}, {0x40000000, 0x00000000},
	{0x03F, 0x00000307},
	{0x90020001, 0x00000000}, {0x40000000, 0x00000000},
	{0x03F, 0x00000307},
	{0x90030001, 0x00000000}, {0x40000000, 0x00000000},
	{0x03F, 0x00000307},
	{0x90040001, 0x00000000}, {0x40000000, 0x00000000},
	{0x03F, 0x00000307},
	{0x90050001, 0x00000000}, {0x40000000, 0x00000000},
	{0x03F, 0x00000307},
	{0x90060001, 0x00000000}, {0x40000000, 0x00000000},
	{0x03F, 0x00000307},
	{0x90070001, 0x00000000}, {0x40000000, 0x00000000},
	{0x03F, 0x00000307},
	{0x90080001, 0x00000000}, {0x40000000, 0x00000000},
	{0x03F, 0x00000307},
	{0x90290001, 0x00000000}, {0x40000000, 0x00000000},
	{0x03F, 0x00000307},
	{0x902b0001, 0x00000000}, {0x40000000, 0x00000000},
	{0x03F, 0x00000307},
	{0xA0000000, 0x00000000},
	{0x03F, 0x00000307},
	{0xB0000000, 0x00000000},
	{0x0EE, 0x00000000},
	{0x0EE, 0x00000200},
	{0x033, 0x00000000},
	{0x03F, 0x00000001},
	{0x033, 0x00000001},
	{0x03F, 0x00000003},
	{0x033, 0x00000002},
	{0x03F, 0x00000005},
	{0x033, 0x00000003},
	{0x03F, 0x00000007},
	{0x0EE, 0x00000000},
	{0x80010000, 0x00000000}, {0x40000000, 0x00000000},
	{0x0EC, 0x00000100},
	{0x90020000, 0x00000000}, {0x40000000, 0x00000000},
	{0x0EC, 0x00000100},
	{0x90010001, 0x00000000}, {0x40000000, 0x00000000},
	{0x0EC, 0x00000000},
	{0x90020001, 0x00000000}, {0x40000000, 0x00000000},
	{0x0EC, 0x00000000},
	{0x90030001, 0x00000000}, {0x40000000, 0x00000000},
	{0x0EC, 0x00000000},
	{0x90040001, 0x00000000}, {0x40000000, 0x00000000},
	{0x0EC, 0x00000000},
	{0x90050001, 0x00000000}, {0x40000000, 0x00000000},
	{0x0EC, 0x00000000},
	{0x90060001, 0x00000000}, {0x40000000, 0x00000000},
	{0x0EC, 0x00000000},
	{0x90070001, 0x00000000}, {0x40000000, 0x00000000},
	{0x0EC, 0x00000000},
	{0x90080001, 0x00000000}, {0x40000000, 0x00000000},
	{0x0EC, 0x00000000},
	{0x90290001, 0x00000000}, {0x40000000, 0x00000000},
	{0x0EC, 0x00000000},
	{0x902b0001, 0x00000000}, {0x40000000, 0x00000000},
	{0x0EC, 0x00000000},
	{0xA0000000, 0x00000000},
	{0x0EC, 0x00000100},
	{0xB0000000, 0x00000000},
	{0x033, 0x00000004},
	{0x03D, 0x00000078},
	{0x03E, 0x00080000},
	{0x03F, 0x00000000},
	{0x033, 0x00000005},
	{0x03D, 0x0000007B},
	{0x03E, 0x00020000},
	{0x03F, 0x00000000},
	{0x0EC, 0x00000000},
	{0x0DE, 0x00000000},
	{0x0EF, 0x00000000},
	{0x033, 0x00000000},
	{0x008, 0x00060280},
	{0x009, 0x00030400},
	{0x0EF, 0x00000000},
	{0x80010000, 0x00000000}, {0x40000000, 0x00000000},
	{0x0EF, 0x00000400},
	{0x033, 0x00000000},
	{0x03F, 0x000001FF},
	{0x033, 0x00000001},
	{0x03F, 0x000001FF},
	{0x033, 0x00000002},
	{0x03F, 0x000001F7},
	{0x033, 0x00000003},
	{0x03F, 0x000000FF},
	{0x033, 0x00000004},
	{0x03F, 0x000000FF},
	{0x033, 0x00000005},
	{0x03F, 0x000000FF},
	{0x033, 0x00000006},
	{0x03F, 0x000000FF},
	{0x033, 0x00000007},
	{0x03F, 0x000000FF},
	{0x90020000, 0x00000000}, {0x40000000, 0x00000000},
	{0x0EF, 0x00000400},
	{0x033, 0x00000000},
	{0x03F, 0x000001FF},
	{0x033, 0x00000001},
	{0x03F, 0x000001FF},
	{0x033, 0x00000002},
	{0x03F, 0x000001F7},
	{0x033, 0x00000003},
	{0x03F, 0x000000FF},
	{0x033, 0x00000004},
	{0x03F, 0x000000FF},
	{0x033, 0x00000005},
	{0x03F, 0x000000FF},
	{0x033, 0x00000006},
	{0x03F, 0x000000FF},
	{0x033, 0x00000007},
	{0x03F, 0x000000FF},
	{0x90010001, 0x00000000}, {0x40000000, 0x00000000},
	{0x0EF, 0x00000400},
	{0x033, 0x00000000},
	{0x03F, 0x000001FF},
	{0x033, 0x00000001},
	{0x03F, 0x000001FF},
	{0x033, 0x00000002},
	{0x03F, 0x0000013F},
	{0x033, 0x00000003},
	{0x03F, 0x000000FB},
	{0x033, 0x00000004},
	{0x03F, 0x000000FB},
	{0x033, 0x00000005},
	{0x03F, 0x000000FB},
	{0x033, 0x00000006},
	{0x03F, 0x000000FB},
	{0x033, 0x00000007},
	{0x03F, 0x000000FB},
	{0x90020001, 0x00000000}, {0x40000000, 0x00000000},
	{0x0EF, 0x00000400},
	{0x033, 0x00000000},
	{0x03F, 0x000001FF},
	{0x033, 0x00000001},
	{0x03F, 0x000001FF},
	{0x033, 0x00000002},
	{0x03F, 0x0000013F},
	{0x033, 0x00000003},
	{0x03F, 0x000000FB},
	{0x033, 0x00000004},
	{0x03F, 0x000000FB},
	{0x033, 0x00000005},
	{0x03F, 0x000000FB},
	{0x033, 0x00000006},
	{0x03F, 0x000000FB},
	{0x033, 0x00000007},
	{0x03F, 0x000000FB},
	{0x90030001, 0x00000000}, {0x40000000, 0x00000000},
	{0x0EF, 0x00000400},
	{0x033, 0x00000000},
	{0x03F, 0x000001FF},
	{0x033, 0x00000001},
	{0x03F, 0x000001FF},
	{0x033, 0x00000002},
	{0x03F, 0x0000013F},
	{0x033, 0x00000003},
	{0x03F, 0x000000FB},
	{0x033, 0x00000004},
	{0x03F, 0x000000FB},
	{0x033, 0x00000005},
	{0x03F, 0x000000FB},
	{0x033, 0x00000006},
	{0x03F, 0x000000FB},
	{0x033, 0x00000007},
	{0x03F, 0x000000FB},
	{0x90040001, 0x00000000}, {0x40000000, 0x00000000},
	{0x0EF, 0x00000400},
	{0x033, 0x00000000},
	{0x03F, 0x000001FF},
	{0x033, 0x00000001},
	{0x03F, 0x000001FF},
	{0x033, 0x00000002},
	{0x03F, 0x0000013F},
	{0x033, 0x00000003},
	{0x03F, 0x000000FB},
	{0x033, 0x00000004},
	{0x03F, 0x000000FB},
	{0x033, 0x00000005},
	{0x03F, 0x000000FB},
	{0x033, 0x00000006},
	{0x03F, 0x000000FB},
	{0x033, 0x00000007},
	{0x03F, 0x000000FB},
	{0x90050001, 0x00000000}, {0x40000000, 0x00000000},
	{0x0EF, 0x00000400},
	{0x033, 0x00000000},
	{0x03F, 0x000001FF},
	{0x033, 0x00000001},
	{0x03F, 0x000001FF},
	{0x033, 0x00000002},
	{0x03F, 0x0000013F},
	{0x033, 0x00000003},
	{0x03F, 0x000000FB},
	{0x033, 0x00000004},
	{0x03F, 0x000000FB},
	{0x033, 0x00000005},
	{0x03F, 0x000000FB},
	{0x033, 0x00000006},
	{0x03F, 0x000000FB},
	{0x033, 0x00000007},
	{0x03F, 0x000000FB},
	{0x90060001, 0x00000000}, {0x40000000, 0x00000000},
	{0x0EF, 0x00000400},
	{0x033, 0x00000000},
	{0x03F, 0x000001FF},
	{0x033, 0x00000001},
	{0x03F, 0x000001FF},
	{0x033, 0x00000002},
	{0x03F, 0x0000013F},
	{0x033, 0x00000003},
	{0x03F, 0x000000FB},
	{0x033, 0x00000004},
	{0x03F, 0x000000FB},
	{0x033, 0x00000005},
	{0x03F, 0x000000FB},
	{0x033, 0x00000006},
	{0x03F, 0x000000FB},
	{0x033, 0x00000007},
	{0x03F, 0x000000FB},
	{0x90070001, 0x00000000}, {0x40000000, 0x00000000},
	{0x0EF, 0x00000400},
	{0x033, 0x00000000},
	{0x03F, 0x000001FF},
	{0x033, 0x00000001},
	{0x03F, 0x000001FF},
	{0x033, 0x00000002},
	{0x03F, 0x0000013F},
	{0x033, 0x00000003},
	{0x03F, 0x000000FB},
	{0x033, 0x00000004},
	{0x03F, 0x000000FB},
	{0x033, 0x00000005},
	{0x03F, 0x000000FB},
	{0x033, 0x00000006},
	{0x03F, 0x000000FB},
	{0x033, 0x00000007},
	{0x03F, 0x000000FB},
	{0x90080001, 0x00000000}, {0x40000000, 0x00000000},
	{0x0EF, 0x00000400},
	{0x033, 0x00000000},
	{0x03F, 0x000001FF},
	{0x033, 0x00000001},
	{0x03F, 0x000001FF},
	{0x033, 0x00000002},
	{0x03F, 0x0000013F},
	{0x033, 0x00000003},
	{0x03F, 0x000000FB},
	{0x033, 0x00000004},
	{0x03F, 0x000000FB},
	{0x033, 0x00000005},
	{0x03F, 0x000000FB},
	{0x033, 0x00000006},
	{0x03F, 0x000000FB},
	{0x033, 0x00000007},
	{0x03F, 0x000000FB},
	{0x90290001, 0x00000000}, {0x40000000, 0x00000000},
	{0x0EF, 0x00000400},
	{0x033, 0x00000000},
	{0x03F, 0x000001FF},
	{0x033, 0x00000001},
	{0x03F, 0x000001FF},
	{0x033, 0x00000002},
	{0x03F, 0x0000013F},
	{0x033, 0x00000003},
	{0x03F, 0x000000FB},
	{0x033, 0x00000004},
	{0x03F, 0x000000FB},
	{0x033, 0x00000005},
	{0x03F, 0x000000FB},
	{0x033, 0x00000006},
	{0x03F, 0x000000FB},
	{0x033, 0x00000007},
	{0x03F, 0x000000FB},
	{0x902b0001, 0x00000000}, {0x40000000, 0x00000000},
	{0x0EF, 0x00000400},
	{0x033, 0x00000000},
	{0x03F, 0x000001FF},
	{0x033, 0x00000001},
	{0x03F, 0x000001FF},
	{0x033, 0x00000002},
	{0x03F, 0x0000013F},
	{0x033, 0x00000003},
	{0x03F, 0x000000FB},
	{0x033, 0x00000004},
	{0x03F, 0x000000FB},
	{0x033, 0x00000005},
	{0x03F, 0x000000FB},
	{0x033, 0x00000006},
	{0x03F, 0x000000FB},
	{0x033, 0x00000007},
	{0x03F, 0x000000FB},
	{0xA0000000, 0x00000000},
	{0x0EF, 0x00000400},
	{0x033, 0x00000000},
	{0x03F, 0x000001FF},
	{0x033, 0x00000001},
	{0x03F, 0x000001FF},
	{0x033, 0x00000002},
	{0x03F, 0x000001F7},
	{0x033, 0x00000003},
	{0x03F, 0x000000FF},
	{0x033, 0x00000004},
	{0x03F, 0x000000FF},
	{0x033, 0x00000005},
	{0x03F, 0x000000FF},
	{0x033, 0x00000006},
	{0x03F, 0x000000FF},
	{0x033, 0x00000007},
	{0x03F, 0x000000FF},
	{0xB0000000, 0x00000000},
	{0x0EF, 0x00000200},
	{0x033, 0x00000000},
	{0x03F, 0x0000017F},
	{0x033, 0x00000001},
	{0x03F, 0x0000017F},
	{0x033, 0x00000002},
	{0x03F, 0x0000017F},
	{0x033, 0x00000003},
	{0x03F, 0x0000007F},
	{0x033, 0x00000004},
	{0x03F, 0x0000007F},
	{0x033, 0x00000005},
	{0x03F, 0x0000007F},
	{0x033, 0x00000006},
	{0x03F, 0x0000007F},
	{0x033, 0x00000007},
	{0x03F, 0x0000007F},
	{0x0EF, 0x00000000},
	{0x06E, 0x00077A18},
	{0x06F, 0x00077A18},
	{0x06D, 0x00000C31},
	{0x0EF, 0x00020000},
	{0x033, 0x00000000},
	{0x03F, 0x000005FF},
	{0x0EF, 0x00000000},
	{0x005, 0x00000001},
	{0x80010000, 0x00000000}, {0x40000000, 0x00000000},
	{0x094, 0x000000FC},
	{0x90020000, 0x00000000}, {0x40000000, 0x00000000},
	{0x094, 0x000000FC},
	{0x90010001, 0x00000000}, {0x40000000, 0x00000000},
	{0x094, 0x000000FC},
	{0x90020001, 0x00000000}, {0x40000000, 0x00000000},
	{0x094, 0x000000FC},
	{0x90030001, 0x00000000}, {0x40000000, 0x00000000},
	{0x094, 0x000000FC},
	{0x90040001, 0x00000000}, {0x40000000, 0x00000000},
	{0x094, 0x000000FC},
	{0x90050001, 0x00000000}, {0x40000000, 0x00000000},
	{0x094, 0x000000FC},
	{0x90060001, 0x00000000}, {0x40000000, 0x00000000},
	{0x094, 0x000000FC},
	{0x90070001, 0x00000000}, {0x40000000, 0x00000000},
	{0x094, 0x000000FC},
	{0x90080001, 0x00000000}, {0x40000000, 0x00000000},
	{0x094, 0x000000FC},
	{0x90290001, 0x00000000}, {0x40000000, 0x00000000},
	{0x094, 0x000000FC},
	{0x902b0001, 0x00000000}, {0x40000000, 0x00000000},
	{0x094, 0x000000FC},
	{0xA0000000, 0x00000000},
	{0x094, 0x000001FC},
	{0xB0000000, 0x00000000},
	{0x100EE, 0x00002000},
	{0x10033, 0x00000080},
	{0x80010000, 0x00000000}, {0x40000000, 0x00000000},
	{0x1003F, 0x000000FB},
	{0x90020000, 0x00000000}, {0x40000000, 0x00000000},
	{0x1003F, 0x000000FB},
	{0x90010001, 0x00000000}, {0x40000000, 0x00000000},
	{0x1003F, 0x000000FB},
	{0x90020001, 0x00000000}, {0x40000000, 0x00000000},
	{0x1003F, 0x000000FB},
	{0x90030001, 0x00000000}, {0x40000000, 0x00000000},
	{0x1003F, 0x000000FB},
	{0x90040001, 0x00000000}, {0x40000000, 0x00000000},
	{0x1003F, 0x000000FB},
	{0x90050001, 0x00000000}, {0x40000000, 0x00000000},
	{0x1003F, 0x000000FB},
	{0x90060001, 0x00000000}, {0x40000000, 0x00000000},
	{0x1003F, 0x000000FB},
	{0x90070001, 0x00000000}, {0x40000000, 0x00000000},
	{0x1003F, 0x000000FB},
	{0x90080001, 0x00000000}, {0x40000000, 0x00000000},
	{0x1003F, 0x000000FB},
	{0x90290001, 0x00000000}, {0x40000000, 0x00000000},
	{0x1003F, 0x000000FB},
	{0x902b0001, 0x00000000}, {0x40000000, 0x00000000},
	{0x1003F, 0x000000FB},
	{0xA0000000, 0x00000000},
	{0x1003F, 0x000000F6},
	{0xB0000000, 0x00000000},
	{0x10033, 0x00000081},
	{0x80010000, 0x00000000}, {0x40000000, 0x00000000},
	{0x1003F, 0x000000F8},
	{0x90020000, 0x00000000}, {0x40000000, 0x00000000},
	{0x1003F, 0x000000F8},
	{0x90010001, 0x00000000}, {0x40000000, 0x00000000},
	{0x1003F, 0x000000F8},
	{0x90020001, 0x00000000}, {0x40000000, 0x00000000},
	{0x1003F, 0x000000F8},
	{0x90030001, 0x00000000}, {0x40000000, 0x00000000},
	{0x1003F, 0x000000F8},
	{0x90040001, 0x00000000}, {0x40000000, 0x00000000},
	{0x1003F, 0x000000F8},
	{0x90050001, 0x00000000}, {0x40000000, 0x00000000},
	{0x1003F, 0x000000F8},
	{0x90060001, 0x00000000}, {0x40000000, 0x00000000},
	{0x1003F, 0x000000F8},
	{0x90070001, 0x00000000}, {0x40000000, 0x00000000},
	{0x1003F, 0x000000F8},
	{0x90080001, 0x00000000}, {0x40000000, 0x00000000},
	{0x1003F, 0x000000F8},
	{0x90290001, 0x00000000}, {0x40000000, 0x00000000},
	{0x1003F, 0x000000F8},
	{0x902b0001, 0x00000000}, {0x40000000, 0x00000000},
	{0x1003F, 0x000000F8},
	{0xA0000000, 0x00000000},
	{0x1003F, 0x000000F3},
	{0xB0000000, 0x00000000},
	{0x10033, 0x00000082},
	{0x80010000, 0x00000000}, {0x40000000, 0x00000000},
	{0x1003F, 0x000000F5},
	{0x90020000, 0x00000000}, {0x40000000, 0x00000000},
	{0x1003F, 0x000000F5},
	{0x90010001, 0x00000000}, {0x40000000, 0x00000000},
	{0x1003F, 0x000000F5},
	{0x90020001, 0x00000000}, {0x40000000, 0x00000000},
	{0x1003F, 0x000000F5},
	{0x90030001, 0x00000000}, {0x40000000, 0x00000000},
	{0x1003F, 0x000000F5},
	{0x90040001, 0x00000000}, {0x40000000, 0x00000000},
	{0x1003F, 0x000000F5},
	{0x90050001, 0x00000000}, {0x40000000, 0x00000000},
	{0x1003F, 0x000000F5},
	{0x90060001, 0x00000000}, {0x40000000, 0x00000000},
	{0x1003F, 0x000000F5},
	{0x90070001, 0x00000000}, {0x40000000, 0x00000000},
	{0x1003F, 0x000000F5},
	{0x90080001, 0x00000000}, {0x40000000, 0x00000000},
	{0x1003F, 0x000000F5},
	{0x90290001, 0x00000000}, {0x40000000, 0x00000000},
	{0x1003F, 0x000000F5},
	{0x902b0001, 0x00000000}, {0x40000000, 0x00000000},
	{0x1003F, 0x000000F5},
	{0xA0000000, 0x00000000},
	{0x1003F, 0x000000F0},
	{0xB0000000, 0x00000000},
	{0x10033, 0x00000083},
	{0x80010000, 0x00000000}, {0x40000000, 0x00000000},
	{0x1003F, 0x000000F2},
	{0x90020000, 0x00000000}, {0x40000000, 0x00000000},
	{0x1003F, 0x000000F2},
	{0x90010001, 0x00000000}, {0x40000000, 0x00000000},
	{0x1003F, 0x000000F2},
	{0x90020001, 0x00000000}, {0x40000000, 0x00000000},
	{0x1003F, 0x000000F2},
	{0x90030001, 0x00000000}, {0x40000000, 0x00000000},
	{0x1003F, 0x000000F2},
	{0x90040001, 0x00000000}, {0x40000000, 0x00000000},
	{0x1003F, 0x000000F2},
	{0x90050001, 0x00000000}, {0x40000000, 0x00000000},
	{0x1003F, 0x000000F2},
	{0x90060001, 0x00000000}, {0x40000000, 0x00000000},
	{0x1003F, 0x000000F2},
	{0x90070001, 0x00000000}, {0x40000000, 0x00000000},
	{0x1003F, 0x000000F2},
	{0x90080001, 0x00000000}, {0x40000000, 0x00000000},
	{0x1003F, 0x000000F2},
	{0x90290001, 0x00000000}, {0x40000000, 0x00000000},
	{0x1003F, 0x000000F2},
	{0x902b0001, 0x00000000}, {0x40000000, 0x00000000},
	{0x1003F, 0x000000F2},
	{0xA0000000, 0x00000000},
	{0x1003F, 0x000000ED},
	{0xB0000000, 0x00000000},
	{0x10033, 0x00000084},
	{0x80010000, 0x00000000}, {0x40000000, 0x00000000},
	{0x1003F, 0x000000EF},
	{0x90020000, 0x00000000}, {0x40000000, 0x00000000},
	{0x1003F, 0x000000EF},
	{0x90010001, 0x00000000}, {0x40000000, 0x00000000},
	{0x1003F, 0x000000EF},
	{0x90020001, 0x00000000}, {0x40000000, 0x00000000},
	{0x1003F, 0x000000EF},
	{0x90030001, 0x00000000}, {0x40000000, 0x00000000},
	{0x1003F, 0x000000EF},
	{0x90040001, 0x00000000}, {0x40000000, 0x00000000},
	{0x1003F, 0x000000EF},
	{0x90050001, 0x00000000}, {0x40000000, 0x00000000},
	{0x1003F, 0x000000EF},
	{0x90060001, 0x00000000}, {0x40000000, 0x00000000},
	{0x1003F, 0x000000EF},
	{0x90070001, 0x00000000}, {0x40000000, 0x00000000},
	{0x1003F, 0x000000EF},
	{0x90080001, 0x00000000}, {0x40000000, 0x00000000},
	{0x1003F, 0x000000EF},
	{0x90290001, 0x00000000}, {0x40000000, 0x00000000},
	{0x1003F, 0x000000EF},
	{0x902b0001, 0x00000000}, {0x40000000, 0x00000000},
	{0x1003F, 0x000000EF},
	{0xA0000000, 0x00000000},
	{0x1003F, 0x000000EA},
	{0xB0000000, 0x00000000},
	{0x10033, 0x00000085},
	{0x80010000, 0x00000000}, {0x40000000, 0x00000000},
	{0x1003F, 0x000000EC},
	{0x90020000, 0x00000000}, {0x40000000, 0x00000000},
	{0x1003F, 0x000000EC},
	{0x90010001, 0x00000000}, {0x40000000, 0x00000000},
	{0x1003F, 0x000000EC},
	{0x90020001, 0x00000000}, {0x40000000, 0x00000000},
	{0x1003F, 0x000000EC},
	{0x90030001, 0x00000000}, {0x40000000, 0x00000000},
	{0x1003F, 0x000000EC},
	{0x90040001, 0x00000000}, {0x40000000, 0x00000000},
	{0x1003F, 0x000000EC},
	{0x90050001, 0x00000000}, {0x40000000, 0x00000000},
	{0x1003F, 0x000000EC},
	{0x90060001, 0x00000000}, {0x40000000, 0x00000000},
	{0x1003F, 0x000000EC},
	{0x90070001, 0x00000000}, {0x40000000, 0x00000000},
	{0x1003F, 0x000000EC},
	{0x90080001, 0x00000000}, {0x40000000, 0x00000000},
	{0x1003F, 0x000000EC},
	{0x90290001, 0x00000000}, {0x40000000, 0x00000000},
	{0x1003F, 0x000000EC},
	{0x902b0001, 0x00000000}, {0x40000000, 0x00000000},
	{0x1003F, 0x000000EC},
	{0xA0000000, 0x00000000},
	{0x1003F, 0x000000E7},
	{0xB0000000, 0x00000000},
	{0x10033, 0x00000086},
	{0x80010000, 0x00000000}, {0x40000000, 0x00000000},
	{0x1003F, 0x000000AB},
	{0x90020000, 0x00000000}, {0x40000000, 0x00000000},
	{0x1003F, 0x000000AB},
	{0x90010001, 0x00000000}, {0x40000000, 0x00000000},
	{0x1003F, 0x000000AB},
	{0x90020001, 0x00000000}, {0x40000000, 0x00000000},
	{0x1003F, 0x000000AB},
	{0x90030001, 0x00000000}, {0x40000000, 0x00000000},
	{0x1003F, 0x000000AB},
	{0x90040001, 0x00000000}, {0x40000000, 0x00000000},
	{0x1003F, 0x000000AB},
	{0x90050001, 0x00000000}, {0x40000000, 0x00000000},
	{0x1003F, 0x000000AB},
	{0x90060001, 0x00000000}, {0x40000000, 0x00000000},
	{0x1003F, 0x000000AB},
	{0x90070001, 0x00000000}, {0x40000000, 0x00000000},
	{0x1003F, 0x000000AB},
	{0x90080001, 0x00000000}, {0x40000000, 0x00000000},
	{0x1003F, 0x000000AB},
	{0x90290001, 0x00000000}, {0x40000000, 0x00000000},
	{0x1003F, 0x000000AB},
	{0x902b0001, 0x00000000}, {0x40000000, 0x00000000},
	{0x1003F, 0x000000AB},
	{0xA0000000, 0x00000000},
	{0x1003F, 0x000000A6},
	{0xB0000000, 0x00000000},
	{0x10033, 0x00000087},
	{0x80010000, 0x00000000}, {0x40000000, 0x00000000},
	{0x1003F, 0x000000A8},
	{0x90020000, 0x00000000}, {0x40000000, 0x00000000},
	{0x1003F, 0x000000A8},
	{0x90010001, 0x00000000}, {0x40000000, 0x00000000},
	{0x1003F, 0x000000A8},
	{0x90020001, 0x00000000}, {0x40000000, 0x00000000},
	{0x1003F, 0x000000A8},
	{0x90030001, 0x00000000}, {0x40000000, 0x00000000},
	{0x1003F, 0x000000A8},
	{0x90040001, 0x00000000}, {0x40000000, 0x00000000},
	{0x1003F, 0x000000A8},
	{0x90050001, 0x00000000}, {0x40000000, 0x00000000},
	{0x1003F, 0x000000A8},
	{0x90060001, 0x00000000}, {0x40000000, 0x00000000},
	{0x1003F, 0x000000A8},
	{0x90070001, 0x00000000}, {0x40000000, 0x00000000},
	{0x1003F, 0x000000A8},
	{0x90080001, 0x00000000}, {0x40000000, 0x00000000},
	{0x1003F, 0x000000A8},
	{0x90290001, 0x00000000}, {0x40000000, 0x00000000},
	{0x1003F, 0x000000A8},
	{0x902b0001, 0x00000000}, {0x40000000, 0x00000000},
	{0x1003F, 0x000000A8},
	{0xA0000000, 0x00000000},
	{0x1003F, 0x000000A3},
	{0xB0000000, 0x00000000},
	{0x10033, 0x00000088},
	{0x80010000, 0x00000000}, {0x40000000, 0x00000000},
	{0x1003F, 0x00000068},
	{0x90020000, 0x00000000}, {0x40000000, 0x00000000},
	{0x1003F, 0x00000068},
	{0x90010001, 0x00000000}, {0x40000000, 0x00000000},
	{0x1003F, 0x00000068},
	{0x90020001, 0x00000000}, {0x40000000, 0x00000000},
	{0x1003F, 0x00000068},
	{0x90030001, 0x00000000}, {0x40000000, 0x00000000},
	{0x1003F, 0x00000068},
	{0x90040001, 0x00000000}, {0x40000000, 0x00000000},
	{0x1003F, 0x00000068},
	{0x90050001, 0x00000000}, {0x40000000, 0x00000000},
	{0x1003F, 0x00000068},
	{0x90060001, 0x00000000}, {0x40000000, 0x00000000},
	{0x1003F, 0x00000068},
	{0x90070001, 0x00000000}, {0x40000000, 0x00000000},
	{0x1003F, 0x00000068},
	{0x90080001, 0x00000000}, {0x40000000, 0x00000000},
	{0x1003F, 0x00000068},
	{0x90290001, 0x00000000}, {0x40000000, 0x00000000},
	{0x1003F, 0x00000068},
	{0x902b0001, 0x00000000}, {0x40000000, 0x00000000},
	{0x1003F, 0x00000068},
	{0xA0000000, 0x00000000},
	{0x1003F, 0x00000063},
	{0xB0000000, 0x00000000},
	{0x10033, 0x00000089},
	{0x80010000, 0x00000000}, {0x40000000, 0x00000000},
	{0x1003F, 0x00000065},
	{0x90020000, 0x00000000}, {0x40000000, 0x00000000},
	{0x1003F, 0x00000065},
	{0x90010001, 0x00000000}, {0x40000000, 0x00000000},
	{0x1003F, 0x00000065},
	{0x90020001, 0x00000000}, {0x40000000, 0x00000000},
	{0x1003F, 0x00000065},
	{0x90030001, 0x00000000}, {0x40000000, 0x00000000},
	{0x1003F, 0x00000065},
	{0x90040001, 0x00000000}, {0x40000000, 0x00000000},
	{0x1003F, 0x00000065},
	{0x90050001, 0x00000000}, {0x40000000, 0x00000000},
	{0x1003F, 0x00000065},
	{0x90060001, 0x00000000}, {0x40000000, 0x00000000},
	{0x1003F, 0x00000065},
	{0x90070001, 0x00000000}, {0x40000000, 0x00000000},
	{0x1003F, 0x00000065},
	{0x90080001, 0x00000000}, {0x40000000, 0x00000000},
	{0x1003F, 0x00000065},
	{0x90290001, 0x00000000}, {0x40000000, 0x00000000},
	{0x1003F, 0x00000065},
	{0x902b0001, 0x00000000}, {0x40000000, 0x00000000},
	{0x1003F, 0x00000065},
	{0xA0000000, 0x00000000},
	{0x1003F, 0x00000060},
	{0xB0000000, 0x00000000},
	{0x10033, 0x0000008A},
	{0x80010000, 0x00000000}, {0x40000000, 0x00000000},
	{0x1003F, 0x0000002B},
	{0x90020000, 0x00000000}, {0x40000000, 0x00000000},
	{0x1003F, 0x0000002B},
	{0x90010001, 0x00000000}, {0x40000000, 0x00000000},
	{0x1003F, 0x0000002B},
	{0x90020001, 0x00000000}, {0x40000000, 0x00000000},
	{0x1003F, 0x0000002B},
	{0x90030001, 0x00000000}, {0x40000000, 0x00000000},
	{0x1003F, 0x0000002B},
	{0x90040001, 0x00000000}, {0x40000000, 0x00000000},
	{0x1003F, 0x0000002B},
	{0x90050001, 0x00000000}, {0x40000000, 0x00000000},
	{0x1003F, 0x0000002B},
	{0x90060001, 0x00000000}, {0x40000000, 0x00000000},
	{0x1003F, 0x0000002B},
	{0x90070001, 0x00000000}, {0x40000000, 0x00000000},
	{0x1003F, 0x0000002B},
	{0x90080001, 0x00000000}, {0x40000000, 0x00000000},
	{0x1003F, 0x0000002B},
	{0x90290001, 0x00000000}, {0x40000000, 0x00000000},
	{0x1003F, 0x0000002B},
	{0x902b0001, 0x00000000}, {0x40000000, 0x00000000},
	{0x1003F, 0x0000002B},
	{0xA0000000, 0x00000000},
	{0x1003F, 0x00000026},
	{0xB0000000, 0x00000000},
	{0x10033, 0x0000008B},
	{0x80010000, 0x00000000}, {0x40000000, 0x00000000},
	{0x1003F, 0x00000028},
	{0x90020000, 0x00000000}, {0x40000000, 0x00000000},
	{0x1003F, 0x00000028},
	{0x90010001, 0x00000000}, {0x40000000, 0x00000000},
	{0x1003F, 0x00000028},
	{0x90020001, 0x00000000}, {0x40000000, 0x00000000},
	{0x1003F, 0x00000028},
	{0x90030001, 0x00000000}, {0x40000000, 0x00000000},
	{0x1003F, 0x00000028},
	{0x90040001, 0x00000000}, {0x40000000, 0x00000000},
	{0x1003F, 0x00000028},
	{0x90050001, 0x00000000}, {0x40000000, 0x00000000},
	{0x1003F, 0x00000028},
	{0x90060001, 0x00000000}, {0x40000000, 0x00000000},
	{0x1003F, 0x00000028},
	{0x90070001, 0x00000000}, {0x40000000, 0x00000000},
	{0x1003F, 0x00000028},
	{0x90080001, 0x00000000}, {0x40000000, 0x00000000},
	{0x1003F, 0x00000028},
	{0x90290001, 0x00000000}, {0x40000000, 0x00000000},
	{0x1003F, 0x00000028},
	{0x902b0001, 0x00000000}, {0x40000000, 0x00000000},
	{0x1003F, 0x00000028},
	{0xA0000000, 0x00000000},
	{0x1003F, 0x00000023},
	{0xB0000000, 0x00000000},
	{0x10033, 0x0000008C},
	{0x80010000, 0x00000000}, {0x40000000, 0x00000000},
	{0x1003F, 0x00000025},
	{0x90020000, 0x00000000}, {0x40000000, 0x00000000},
	{0x1003F, 0x00000025},
	{0x90010001, 0x00000000}, {0x40000000, 0x00000000},
	{0x1003F, 0x00000025},
	{0x90020001, 0x00000000}, {0x40000000, 0x00000000},
	{0x1003F, 0x00000025},
	{0x90030001, 0x00000000}, {0x40000000, 0x00000000},
	{0x1003F, 0x00000025},
	{0x90040001, 0x00000000}, {0x40000000, 0x00000000},
	{0x1003F, 0x00000025},
	{0x90050001, 0x00000000}, {0x40000000, 0x00000000},
	{0x1003F, 0x00000025},
	{0x90060001, 0x00000000}, {0x40000000, 0x00000000},
	{0x1003F, 0x00000025},
	{0x90070001, 0x00000000}, {0x40000000, 0x00000000},
	{0x1003F, 0x00000025},
	{0x90080001, 0x00000000}, {0x40000000, 0x00000000},
	{0x1003F, 0x00000025},
	{0x90290001, 0x00000000}, {0x40000000, 0x00000000},
	{0x1003F, 0x00000025},
	{0x902b0001, 0x00000000}, {0x40000000, 0x00000000},
	{0x1003F, 0x00000025},
	{0xA0000000, 0x00000000},
	{0x1003F, 0x00000020},
	{0xB0000000, 0x00000000},
	{0x10033, 0x0000008D},
	{0x80010000, 0x00000000}, {0x40000000, 0x00000000},
	{0x1003F, 0x00000022},
	{0x90020000, 0x00000000}, {0x40000000, 0x00000000},
	{0x1003F, 0x00000022},
	{0x90010001, 0x00000000}, {0x40000000, 0x00000000},
	{0x1003F, 0x00000022},
	{0x90020001, 0x00000000}, {0x40000000, 0x00000000},
	{0x1003F, 0x00000022},
	{0x90030001, 0x00000000}, {0x40000000, 0x00000000},
	{0x1003F, 0x00000022},
	{0x90040001, 0x00000000}, {0x40000000, 0x00000000},
	{0x1003F, 0x00000022},
	{0x90050001, 0x00000000}, {0x40000000, 0x00000000},
	{0x1003F, 0x00000022},
	{0x90060001, 0x00000000}, {0x40000000, 0x00000000},
	{0x1003F, 0x00000022},
	{0x90070001, 0x00000000}, {0x40000000, 0x00000000},
	{0x1003F, 0x00000022},
	{0x90080001, 0x00000000}, {0x40000000, 0x00000000},
	{0x1003F, 0x00000022},
	{0x90290001, 0x00000000}, {0x40000000, 0x00000000},
	{0x1003F, 0x00000022},
	{0x902b0001, 0x00000000}, {0x40000000, 0x00000000},
	{0x1003F, 0x00000022},
	{0xA0000000, 0x00000000},
	{0x1003F, 0x0000001D},
	{0xB0000000, 0x00000000},
	{0x10033, 0x0000008E},
	{0x80010000, 0x00000000}, {0x40000000, 0x00000000},
	{0x1003F, 0x0000001F},
	{0x90020000, 0x00000000}, {0x40000000, 0x00000000},
	{0x1003F, 0x0000001F},
	{0x90010001, 0x00000000}, {0x40000000, 0x00000000},
	{0x1003F, 0x0000001F},
	{0x90020001, 0x00000000}, {0x40000000, 0x00000000},
	{0x1003F, 0x0000001F},
	{0x90030001, 0x00000000}, {0x40000000, 0x00000000},
	{0x1003F, 0x0000001F},
	{0x90040001, 0x00000000}, {0x40000000, 0x00000000},
	{0x1003F, 0x0000001F},
	{0x90050001, 0x00000000}, {0x40000000, 0x00000000},
	{0x1003F, 0x0000001F},
	{0x90060001, 0x00000000}, {0x40000000, 0x00000000},
	{0x1003F, 0x0000001F},
	{0x90070001, 0x00000000}, {0x40000000, 0x00000000},
	{0x1003F, 0x0000001F},
	{0x90080001, 0x00000000}, {0x40000000, 0x00000000},
	{0x1003F, 0x0000001F},
	{0x90290001, 0x00000000}, {0x40000000, 0x00000000},
	{0x1003F, 0x0000001F},
	{0x902b0001, 0x00000000}, {0x40000000, 0x00000000},
	{0x1003F, 0x0000001F},
	{0xA0000000, 0x00000000},
	{0x1003F, 0x0000001A},
	{0xB0000000, 0x00000000},
	{0x10033, 0x0000008F},
	{0x80010000, 0x00000000}, {0x40000000, 0x00000000},
	{0x1003F, 0x0000001C},
	{0x90020000, 0x00000000}, {0x40000000, 0x00000000},
	{0x1003F, 0x0000001C},
	{0x90010001, 0x00000000}, {0x40000000, 0x00000000},
	{0x1003F, 0x0000001C},
	{0x90020001, 0x00000000}, {0x40000000, 0x00000000},
	{0x1003F, 0x0000001C},
	{0x90030001, 0x00000000}, {0x40000000, 0x00000000},
	{0x1003F, 0x0000001C},
	{0x90040001, 0x00000000}, {0x40000000, 0x00000000},
	{0x1003F, 0x0000001C},
	{0x90050001, 0x00000000}, {0x40000000, 0x00000000},
	{0x1003F, 0x0000001C},
	{0x90060001, 0x00000000}, {0x40000000, 0x00000000},
	{0x1003F, 0x0000001C},
	{0x90070001, 0x00000000}, {0x40000000, 0x00000000},
	{0x1003F, 0x0000001C},
	{0x90080001, 0x00000000}, {0x40000000, 0x00000000},
	{0x1003F, 0x0000001C},
	{0x90290001, 0x00000000}, {0x40000000, 0x00000000},
	{0x1003F, 0x0000001C},
	{0x902b0001, 0x00000000}, {0x40000000, 0x00000000},
	{0x1003F, 0x0000001C},
	{0xA0000000, 0x00000000},
	{0x1003F, 0x00000017},
	{0xB0000000, 0x00000000},
	{0x10033, 0x00000090},
	{0x80010000, 0x00000000}, {0x40000000, 0x00000000},
	{0x1003F, 0x00000019},
	{0x90020000, 0x00000000}, {0x40000000, 0x00000000},
	{0x1003F, 0x00000019},
	{0x90010001, 0x00000000}, {0x40000000, 0x00000000},
	{0x1003F, 0x00000019},
	{0x90020001, 0x00000000}, {0x40000000, 0x00000000},
	{0x1003F, 0x00000019},
	{0x90030001, 0x00000000}, {0x40000000, 0x00000000},
	{0x1003F, 0x00000019},
	{0x90040001, 0x00000000}, {0x40000000, 0x00000000},
	{0x1003F, 0x00000019},
	{0x90050001, 0x00000000}, {0x40000000, 0x00000000},
	{0x1003F, 0x00000019},
	{0x90060001, 0x00000000}, {0x40000000, 0x00000000},
	{0x1003F, 0x00000019},
	{0x90070001, 0x00000000}, {0x40000000, 0x00000000},
	{0x1003F, 0x00000019},
	{0x90080001, 0x00000000}, {0x40000000, 0x00000000},
	{0x1003F, 0x00000019},
	{0x90290001, 0x00000000}, {0x40000000, 0x00000000},
	{0x1003F, 0x00000019},
	{0x902b0001, 0x00000000}, {0x40000000, 0x00000000},
	{0x1003F, 0x00000019},
	{0xA0000000, 0x00000000},
	{0x1003F, 0x00000014},
	{0xB0000000, 0x00000000},
	{0x10033, 0x000000A0},
	{0x80010000, 0x00000000}, {0x40000000, 0x00000000},
	{0x1003F, 0x000000FB},
	{0x90020000, 0x00000000}, {0x40000000, 0x00000000},
	{0x1003F, 0x000000FB},
	{0x90010001, 0x00000000}, {0x40000000, 0x00000000},
	{0x1003F, 0x000000FB},
	{0x90020001, 0x00000000}, {0x40000000, 0x00000000},
	{0x1003F, 0x000000FB},
	{0x90030001, 0x00000000}, {0x40000000, 0x00000000},
	{0x1003F, 0x000000FB},
	{0x90040001, 0x00000000}, {0x40000000, 0x00000000},
	{0x1003F, 0x000000FB},
	{0x90050001, 0x00000000}, {0x40000000, 0x00000000},
	{0x1003F, 0x000000FB},
	{0x90060001, 0x00000000}, {0x40000000, 0x00000000},
	{0x1003F, 0x000000FB},
	{0x90070001, 0x00000000}, {0x40000000, 0x00000000},
	{0x1003F, 0x000000FB},
	{0x90080001, 0x00000000}, {0x40000000, 0x00000000},
	{0x1003F, 0x000000FB},
	{0x90290001, 0x00000000}, {0x40000000, 0x00000000},
	{0x1003F, 0x000000FB},
	{0x902b0001, 0x00000000}, {0x40000000, 0x00000000},
	{0x1003F, 0x000000FB},
	{0xA0000000, 0x00000000},
	{0x1003F, 0x000000F6},
	{0xB0000000, 0x00000000},
	{0x10033, 0x000000A1},
	{0x80010000, 0x00000000}, {0x40000000, 0x00000000},
	{0x1003F, 0x000000F8},
	{0x90020000, 0x00000000}, {0x40000000, 0x00000000},
	{0x1003F, 0x000000F8},
	{0x90010001, 0x00000000}, {0x40000000, 0x00000000},
	{0x1003F, 0x000000F8},
	{0x90020001, 0x00000000}, {0x40000000, 0x00000000},
	{0x1003F, 0x000000F8},
	{0x90030001, 0x00000000}, {0x40000000, 0x00000000},
	{0x1003F, 0x000000F8},
	{0x90040001, 0x00000000}, {0x40000000, 0x00000000},
	{0x1003F, 0x000000F8},
	{0x90050001, 0x00000000}, {0x40000000, 0x00000000},
	{0x1003F, 0x000000F8},
	{0x90060001, 0x00000000}, {0x40000000, 0x00000000},
	{0x1003F, 0x000000F8},
	{0x90070001, 0x00000000}, {0x40000000, 0x00000000},
	{0x1003F, 0x000000F8},
	{0x90080001, 0x00000000}, {0x40000000, 0x00000000},
	{0x1003F, 0x000000F8},
	{0x90290001, 0x00000000}, {0x40000000, 0x00000000},
	{0x1003F, 0x000000F8},
	{0x902b0001, 0x00000000}, {0x40000000, 0x00000000},
	{0x1003F, 0x000000F8},
	{0xA0000000, 0x00000000},
	{0x1003F, 0x000000F3},
	{0xB0000000, 0x00000000},
	{0x10033, 0x000000A2},
	{0x80010000, 0x00000000}, {0x40000000, 0x00000000},
	{0x1003F, 0x000000F5},
	{0x90020000, 0x00000000}, {0x40000000, 0x00000000},
	{0x1003F, 0x000000F5},
	{0x90010001, 0x00000000}, {0x40000000, 0x00000000},
	{0x1003F, 0x000000F5},
	{0x90020001, 0x00000000}, {0x40000000, 0x00000000},
	{0x1003F, 0x000000F5},
	{0x90030001, 0x00000000}, {0x40000000, 0x00000000},
	{0x1003F, 0x000000F5},
	{0x90040001, 0x00000000}, {0x40000000, 0x00000000},
	{0x1003F, 0x000000F5},
	{0x90050001, 0x00000000}, {0x40000000, 0x00000000},
	{0x1003F, 0x000000F5},
	{0x90060001, 0x00000000}, {0x40000000, 0x00000000},
	{0x1003F, 0x000000F5},
	{0x90070001, 0x00000000}, {0x40000000, 0x00000000},
	{0x1003F, 0x000000F5},
	{0x90080001, 0x00000000}, {0x40000000, 0x00000000},
	{0x1003F, 0x000000F5},
	{0x90290001, 0x00000000}, {0x40000000, 0x00000000},
	{0x1003F, 0x000000F5},
	{0x902b0001, 0x00000000}, {0x40000000, 0x00000000},
	{0x1003F, 0x000000F5},
	{0xA0000000, 0x00000000},
	{0x1003F, 0x000000F0},
	{0xB0000000, 0x00000000},
	{0x10033, 0x000000A3},
	{0x80010000, 0x00000000}, {0x40000000, 0x00000000},
	{0x1003F, 0x000000F2},
	{0x90020000, 0x00000000}, {0x40000000, 0x00000000},
	{0x1003F, 0x000000F2},
	{0x90010001, 0x00000000}, {0x40000000, 0x00000000},
	{0x1003F, 0x000000F2},
	{0x90020001, 0x00000000}, {0x40000000, 0x00000000},
	{0x1003F, 0x000000F2},
	{0x90030001, 0x00000000}, {0x40000000, 0x00000000},
	{0x1003F, 0x000000F2},
	{0x90040001, 0x00000000}, {0x40000000, 0x00000000},
	{0x1003F, 0x000000F2},
	{0x90050001, 0x00000000}, {0x40000000, 0x00000000},
	{0x1003F, 0x000000F2},
	{0x90060001, 0x00000000}, {0x40000000, 0x00000000},
	{0x1003F, 0x000000F2},
	{0x90070001, 0x00000000}, {0x40000000, 0x00000000},
	{0x1003F, 0x000000F2},
	{0x90080001, 0x00000000}, {0x40000000, 0x00000000},
	{0x1003F, 0x000000F2},
	{0x90290001, 0x00000000}, {0x40000000, 0x00000000},
	{0x1003F, 0x000000F2},
	{0x902b0001, 0x00000000}, {0x40000000, 0x00000000},
	{0x1003F, 0x000000F2},
	{0xA0000000, 0x00000000},
	{0x1003F, 0x000000ED},
	{0xB0000000, 0x00000000},
	{0x10033, 0x000000A4},
	{0x80010000, 0x00000000}, {0x40000000, 0x00000000},
	{0x1003F, 0x000000EF},
	{0x90020000, 0x00000000}, {0x40000000, 0x00000000},
	{0x1003F, 0x000000EF},
	{0x90010001, 0x00000000}, {0x40000000, 0x00000000},
	{0x1003F, 0x000000EF},
	{0x90020001, 0x00000000}, {0x40000000, 0x00000000},
	{0x1003F, 0x000000EF},
	{0x90030001, 0x00000000}, {0x40000000, 0x00000000},
	{0x1003F, 0x000000EF},
	{0x90040001, 0x00000000}, {0x40000000, 0x00000000},
	{0x1003F, 0x000000EF},
	{0x90050001, 0x00000000}, {0x40000000, 0x00000000},
	{0x1003F, 0x000000EF},
	{0x90060001, 0x00000000}, {0x40000000, 0x00000000},
	{0x1003F, 0x000000EF},
	{0x90070001, 0x00000000}, {0x40000000, 0x00000000},
	{0x1003F, 0x000000EF},
	{0x90080001, 0x00000000}, {0x40000000, 0x00000000},
	{0x1003F, 0x000000EF},
	{0x90290001, 0x00000000}, {0x40000000, 0x00000000},
	{0x1003F, 0x000000EF},
	{0x902b0001, 0x00000000}, {0x40000000, 0x00000000},
	{0x1003F, 0x000000EF},
	{0xA0000000, 0x00000000},
	{0x1003F, 0x000000EA},
	{0xB0000000, 0x00000000},
	{0x10033, 0x000000A5},
	{0x80010000, 0x00000000}, {0x40000000, 0x00000000},
	{0x1003F, 0x000000EC},
	{0x90020000, 0x00000000}, {0x40000000, 0x00000000},
	{0x1003F, 0x000000EC},
	{0x90010001, 0x00000000}, {0x40000000, 0x00000000},
	{0x1003F, 0x000000EC},
	{0x90020001, 0x00000000}, {0x40000000, 0x00000000},
	{0x1003F, 0x000000EC},
	{0x90030001, 0x00000000}, {0x40000000, 0x00000000},
	{0x1003F, 0x000000EC},
	{0x90040001, 0x00000000}, {0x40000000, 0x00000000},
	{0x1003F, 0x000000EC},
	{0x90050001, 0x00000000}, {0x40000000, 0x00000000},
	{0x1003F, 0x000000EC},
	{0x90060001, 0x00000000}, {0x40000000, 0x00000000},
	{0x1003F, 0x000000EC},
	{0x90070001, 0x00000000}, {0x40000000, 0x00000000},
	{0x1003F, 0x000000EC},
	{0x90080001, 0x00000000}, {0x40000000, 0x00000000},
	{0x1003F, 0x000000EC},
	{0x90290001, 0x00000000}, {0x40000000, 0x00000000},
	{0x1003F, 0x000000EC},
	{0x902b0001, 0x00000000}, {0x40000000, 0x00000000},
	{0x1003F, 0x000000EC},
	{0xA0000000, 0x00000000},
	{0x1003F, 0x000000E7},
	{0xB0000000, 0x00000000},
	{0x10033, 0x000000A6},
	{0x80010000, 0x00000000}, {0x40000000, 0x00000000},
	{0x1003F, 0x000000AB},
	{0x90020000, 0x00000000}, {0x40000000, 0x00000000},
	{0x1003F, 0x000000AB},
	{0x90010001, 0x00000000}, {0x40000000, 0x00000000},
	{0x1003F, 0x000000AB},
	{0x90020001, 0x00000000}, {0x40000000, 0x00000000},
	{0x1003F, 0x000000AB},
	{0x90030001, 0x00000000}, {0x40000000, 0x00000000},
	{0x1003F, 0x000000AB},
	{0x90040001, 0x00000000}, {0x40000000, 0x00000000},
	{0x1003F, 0x000000AB},
	{0x90050001, 0x00000000}, {0x40000000, 0x00000000},
	{0x1003F, 0x000000AB},
	{0x90060001, 0x00000000}, {0x40000000, 0x00000000},
	{0x1003F, 0x000000AB},
	{0x90070001, 0x00000000}, {0x40000000, 0x00000000},
	{0x1003F, 0x000000AB},
	{0x90080001, 0x00000000}, {0x40000000, 0x00000000},
	{0x1003F, 0x000000AB},
	{0x90290001, 0x00000000}, {0x40000000, 0x00000000},
	{0x1003F, 0x000000AB},
	{0x902b0001, 0x00000000}, {0x40000000, 0x00000000},
	{0x1003F, 0x000000AB},
	{0xA0000000, 0x00000000},
	{0x1003F, 0x000000A6},
	{0xB0000000, 0x00000000},
	{0x10033, 0x000000A7},
	{0x80010000, 0x00000000}, {0x40000000, 0x00000000},
	{0x1003F, 0x000000A8},
	{0x90020000, 0x00000000}, {0x40000000, 0x00000000},
	{0x1003F, 0x000000A8},
	{0x90010001, 0x00000000}, {0x40000000, 0x00000000},
	{0x1003F, 0x000000A8},
	{0x90020001, 0x00000000}, {0x40000000, 0x00000000},
	{0x1003F, 0x000000A8},
	{0x90030001, 0x00000000}, {0x40000000, 0x00000000},
	{0x1003F, 0x000000A8},
	{0x90040001, 0x00000000}, {0x40000000, 0x00000000},
	{0x1003F, 0x000000A8},
	{0x90050001, 0x00000000}, {0x40000000, 0x00000000},
	{0x1003F, 0x000000A8},
	{0x90060001, 0x00000000}, {0x40000000, 0x00000000},
	{0x1003F, 0x000000A8},
	{0x90070001, 0x00000000}, {0x40000000, 0x00000000},
	{0x1003F, 0x000000A8},
	{0x90080001, 0x00000000}, {0x40000000, 0x00000000},
	{0x1003F, 0x000000A8},
	{0x90290001, 0x00000000}, {0x40000000, 0x00000000},
	{0x1003F, 0x000000A8},
	{0x902b0001, 0x00000000}, {0x40000000, 0x00000000},
	{0x1003F, 0x000000A8},
	{0xA0000000, 0x00000000},
	{0x1003F, 0x000000A3},
	{0xB0000000, 0x00000000},
	{0x10033, 0x000000A8},
	{0x80010000, 0x00000000}, {0x40000000, 0x00000000},
	{0x1003F, 0x00000068},
	{0x90020000, 0x00000000}, {0x40000000, 0x00000000},
	{0x1003F, 0x00000068},
	{0x90010001, 0x00000000}, {0x40000000, 0x00000000},
	{0x1003F, 0x00000068},
	{0x90020001, 0x00000000}, {0x40000000, 0x00000000},
	{0x1003F, 0x00000068},
	{0x90030001, 0x00000000}, {0x40000000, 0x00000000},
	{0x1003F, 0x00000068},
	{0x90040001, 0x00000000}, {0x40000000, 0x00000000},
	{0x1003F, 0x00000068},
	{0x90050001, 0x00000000}, {0x40000000, 0x00000000},
	{0x1003F, 0x00000068},
	{0x90060001, 0x00000000}, {0x40000000, 0x00000000},
	{0x1003F, 0x00000068},
	{0x90070001, 0x00000000}, {0x40000000, 0x00000000},
	{0x1003F, 0x00000068},
	{0x90080001, 0x00000000}, {0x40000000, 0x00000000},
	{0x1003F, 0x00000068},
	{0x90290001, 0x00000000}, {0x40000000, 0x00000000},
	{0x1003F, 0x00000068},
	{0x902b0001, 0x00000000}, {0x40000000, 0x00000000},
	{0x1003F, 0x00000068},
	{0xA0000000, 0x00000000},
	{0x1003F, 0x00000063},
	{0xB0000000, 0x00000000},
	{0x10033, 0x000000A9},
	{0x80010000, 0x00000000}, {0x40000000, 0x00000000},
	{0x1003F, 0x00000065},
	{0x90020000, 0x00000000}, {0x40000000, 0x00000000},
	{0x1003F, 0x00000065},
	{0x90010001, 0x00000000}, {0x40000000, 0x00000000},
	{0x1003F, 0x00000065},
	{0x90020001, 0x00000000}, {0x40000000, 0x00000000},
	{0x1003F, 0x00000065},
	{0x90030001, 0x00000000}, {0x40000000, 0x00000000},
	{0x1003F, 0x00000065},
	{0x90040001, 0x00000000}, {0x40000000, 0x00000000},
	{0x1003F, 0x00000065},
	{0x90050001, 0x00000000}, {0x40000000, 0x00000000},
	{0x1003F, 0x00000065},
	{0x90060001, 0x00000000}, {0x40000000, 0x00000000},
	{0x1003F, 0x00000065},
	{0x90070001, 0x00000000}, {0x40000000, 0x00000000},
	{0x1003F, 0x00000065},
	{0x90080001, 0x00000000}, {0x40000000, 0x00000000},
	{0x1003F, 0x00000065},
	{0x90290001, 0x00000000}, {0x40000000, 0x00000000},
	{0x1003F, 0x00000065},
	{0x902b0001, 0x00000000}, {0x40000000, 0x00000000},
	{0x1003F, 0x00000065},
	{0xA0000000, 0x00000000},
	{0x1003F, 0x00000060},
	{0xB0000000, 0x00000000},
	{0x10033, 0x000000AA},
	{0x80010000, 0x00000000}, {0x40000000, 0x00000000},
	{0x1003F, 0x0000002B},
	{0x90020000, 0x00000000}, {0x40000000, 0x00000000},
	{0x1003F, 0x0000002B},
	{0x90010001, 0x00000000}, {0x40000000, 0x00000000},
	{0x1003F, 0x0000002B},
	{0x90020001, 0x00000000}, {0x40000000, 0x00000000},
	{0x1003F, 0x0000002B},
	{0x90030001, 0x00000000}, {0x40000000, 0x00000000},
	{0x1003F, 0x0000002B},
	{0x90040001, 0x00000000}, {0x40000000, 0x00000000},
	{0x1003F, 0x0000002B},
	{0x90050001, 0x00000000}, {0x40000000, 0x00000000},
	{0x1003F, 0x0000002B},
	{0x90060001, 0x00000000}, {0x40000000, 0x00000000},
	{0x1003F, 0x0000002B},
	{0x90070001, 0x00000000}, {0x40000000, 0x00000000},
	{0x1003F, 0x0000002B},
	{0x90080001, 0x00000000}, {0x40000000, 0x00000000},
	{0x1003F, 0x0000002B},
	{0x90290001, 0x00000000}, {0x40000000, 0x00000000},
	{0x1003F, 0x0000002B},
	{0x902b0001, 0x00000000}, {0x40000000, 0x00000000},
	{0x1003F, 0x0000002B},
	{0xA0000000, 0x00000000},
	{0x1003F, 0x00000026},
	{0xB0000000, 0x00000000},
	{0x10033, 0x000000AB},
	{0x80010000, 0x00000000}, {0x40000000, 0x00000000},
	{0x1003F, 0x00000028},
	{0x90020000, 0x00000000}, {0x40000000, 0x00000000},
	{0x1003F, 0x00000028},
	{0x90010001, 0x00000000}, {0x40000000, 0x00000000},
	{0x1003F, 0x00000028},
	{0x90020001, 0x00000000}, {0x40000000, 0x00000000},
	{0x1003F, 0x00000028},
	{0x90030001, 0x00000000}, {0x40000000, 0x00000000},
	{0x1003F, 0x00000028},
	{0x90040001, 0x00000000}, {0x40000000, 0x00000000},
	{0x1003F, 0x00000028},
	{0x90050001, 0x00000000}, {0x40000000, 0x00000000},
	{0x1003F, 0x00000028},
	{0x90060001, 0x00000000}, {0x40000000, 0x00000000},
	{0x1003F, 0x00000028},
	{0x90070001, 0x00000000}, {0x40000000, 0x00000000},
	{0x1003F, 0x00000028},
	{0x90080001, 0x00000000}, {0x40000000, 0x00000000},
	{0x1003F, 0x00000028},
	{0x90290001, 0x00000000}, {0x40000000, 0x00000000},
	{0x1003F, 0x00000028},
	{0x902b0001, 0x00000000}, {0x40000000, 0x00000000},
	{0x1003F, 0x00000028},
	{0xA0000000, 0x00000000},
	{0x1003F, 0x00000023},
	{0xB0000000, 0x00000000},
	{0x10033, 0x000000AC},
	{0x80010000, 0x00000000}, {0x40000000, 0x00000000},
	{0x1003F, 0x00000025},
	{0x90020000, 0x00000000}, {0x40000000, 0x00000000},
	{0x1003F, 0x00000025},
	{0x90010001, 0x00000000}, {0x40000000, 0x00000000},
	{0x1003F, 0x00000025},
	{0x90020001, 0x00000000}, {0x40000000, 0x00000000},
	{0x1003F, 0x00000025},
	{0x90030001, 0x00000000}, {0x40000000, 0x00000000},
	{0x1003F, 0x00000025},
	{0x90040001, 0x00000000}, {0x40000000, 0x00000000},
	{0x1003F, 0x00000025},
	{0x90050001, 0x00000000}, {0x40000000, 0x00000000},
	{0x1003F, 0x00000025},
	{0x90060001, 0x00000000}, {0x40000000, 0x00000000},
	{0x1003F, 0x00000025},
	{0x90070001, 0x00000000}, {0x40000000, 0x00000000},
	{0x1003F, 0x00000025},
	{0x90080001, 0x00000000}, {0x40000000, 0x00000000},
	{0x1003F, 0x00000025},
	{0x90290001, 0x00000000}, {0x40000000, 0x00000000},
	{0x1003F, 0x00000025},
	{0x902b0001, 0x00000000}, {0x40000000, 0x00000000},
	{0x1003F, 0x00000025},
	{0xA0000000, 0x00000000},
	{0x1003F, 0x00000020},
	{0xB0000000, 0x00000000},
	{0x10033, 0x000000AD},
	{0x80010000, 0x00000000}, {0x40000000, 0x00000000},
	{0x1003F, 0x00000022},
	{0x90020000, 0x00000000}, {0x40000000, 0x00000000},
	{0x1003F, 0x00000022},
	{0x90010001, 0x00000000}, {0x40000000, 0x00000000},
	{0x1003F, 0x00000022},
	{0x90020001, 0x00000000}, {0x40000000, 0x00000000},
	{0x1003F, 0x00000022},
	{0x90030001, 0x00000000}, {0x40000000, 0x00000000},
	{0x1003F, 0x00000022},
	{0x90040001, 0x00000000}, {0x40000000, 0x00000000},
	{0x1003F, 0x00000022},
	{0x90050001, 0x00000000}, {0x40000000, 0x00000000},
	{0x1003F, 0x00000022},
	{0x90060001, 0x00000000}, {0x40000000, 0x00000000},
	{0x1003F, 0x00000022},
	{0x90070001, 0x00000000}, {0x40000000, 0x00000000},
	{0x1003F, 0x00000022},
	{0x90080001, 0x00000000}, {0x40000000, 0x00000000},
	{0x1003F, 0x00000022},
	{0x90290001, 0x00000000}, {0x40000000, 0x00000000},
	{0x1003F, 0x00000022},
	{0x902b0001, 0x00000000}, {0x40000000, 0x00000000},
	{0x1003F, 0x00000022},
	{0xA0000000, 0x00000000},
	{0x1003F, 0x0000001D},
	{0xB0000000, 0x00000000},
	{0x10033, 0x000000AE},
	{0x80010000, 0x00000000}, {0x40000000, 0x00000000},
	{0x1003F, 0x0000001F},
	{0x90020000, 0x00000000}, {0x40000000, 0x00000000},
	{0x1003F, 0x0000001F},
	{0x90010001, 0x00000000}, {0x40000000, 0x00000000},
	{0x1003F, 0x0000001F},
	{0x90020001, 0x00000000}, {0x40000000, 0x00000000},
	{0x1003F, 0x0000001F},
	{0x90030001, 0x00000000}, {0x40000000, 0x00000000},
	{0x1003F, 0x0000001F},
	{0x90040001, 0x00000000}, {0x40000000, 0x00000000},
	{0x1003F, 0x0000001F},
	{0x90050001, 0x00000000}, {0x40000000, 0x00000000},
	{0x1003F, 0x0000001F},
	{0x90060001, 0x00000000}, {0x40000000, 0x00000000},
	{0x1003F, 0x0000001F},
	{0x90070001, 0x00000000}, {0x40000000, 0x00000000},
	{0x1003F, 0x0000001F},
	{0x90080001, 0x00000000}, {0x40000000, 0x00000000},
	{0x1003F, 0x0000001F},
	{0x90290001, 0x00000000}, {0x40000000, 0x00000000},
	{0x1003F, 0x0000001F},
	{0x902b0001, 0x00000000}, {0x40000000, 0x00000000},
	{0x1003F, 0x0000001F},
	{0xA0000000, 0x00000000},
	{0x1003F, 0x0000001A},
	{0xB0000000, 0x00000000},
	{0x10033, 0x000000AF},
	{0x80010000, 0x00000000}, {0x40000000, 0x00000000},
	{0x1003F, 0x0000001C},
	{0x90020000, 0x00000000}, {0x40000000, 0x00000000},
	{0x1003F, 0x0000001C},
	{0x90010001, 0x00000000}, {0x40000000, 0x00000000},
	{0x1003F, 0x0000001C},
	{0x90020001, 0x00000000}, {0x40000000, 0x00000000},
	{0x1003F, 0x0000001C},
	{0x90030001, 0x00000000}, {0x40000000, 0x00000000},
	{0x1003F, 0x0000001C},
	{0x90040001, 0x00000000}, {0x40000000, 0x00000000},
	{0x1003F, 0x0000001C},
	{0x90050001, 0x00000000}, {0x40000000, 0x00000000},
	{0x1003F, 0x0000001C},
	{0x90060001, 0x00000000}, {0x40000000, 0x00000000},
	{0x1003F, 0x0000001C},
	{0x90070001, 0x00000000}, {0x40000000, 0x00000000},
	{0x1003F, 0x0000001C},
	{0x90080001, 0x00000000}, {0x40000000, 0x00000000},
	{0x1003F, 0x0000001C},
	{0x90290001, 0x00000000}, {0x40000000, 0x00000000},
	{0x1003F, 0x0000001C},
	{0x902b0001, 0x00000000}, {0x40000000, 0x00000000},
	{0x1003F, 0x0000001C},
	{0xA0000000, 0x00000000},
	{0x1003F, 0x00000017},
	{0xB0000000, 0x00000000},
	{0x10033, 0x000000B0},
	{0x80010000, 0x00000000}, {0x40000000, 0x00000000},
	{0x1003F, 0x00000019},
	{0x90020000, 0x00000000}, {0x40000000, 0x00000000},
	{0x1003F, 0x00000019},
	{0x90010001, 0x00000000}, {0x40000000, 0x00000000},
	{0x1003F, 0x00000019},
	{0x90020001, 0x00000000}, {0x40000000, 0x00000000},
	{0x1003F, 0x00000019},
	{0x90030001, 0x00000000}, {0x40000000, 0x00000000},
	{0x1003F, 0x00000019},
	{0x90040001, 0x00000000}, {0x40000000, 0x00000000},
	{0x1003F, 0x00000019},
	{0x90050001, 0x00000000}, {0x40000000, 0x00000000},
	{0x1003F, 0x00000019},
	{0x90060001, 0x00000000}, {0x40000000, 0x00000000},
	{0x1003F, 0x00000019},
	{0x90070001, 0x00000000}, {0x40000000, 0x00000000},
	{0x1003F, 0x00000019},
	{0x90080001, 0x00000000}, {0x40000000, 0x00000000},
	{0x1003F, 0x00000019},
	{0x90290001, 0x00000000}, {0x40000000, 0x00000000},
	{0x1003F, 0x00000019},
	{0x902b0001, 0x00000000}, {0x40000000, 0x00000000},
	{0x1003F, 0x00000019},
	{0xA0000000, 0x00000000},
	{0x1003F, 0x00000014},
	{0xB0000000, 0x00000000},
	{0x10033, 0x000000C0},
	{0x80010000, 0x00000000}, {0x40000000, 0x00000000},
	{0x1003F, 0x000000FB},
	{0x90020000, 0x00000000}, {0x40000000, 0x00000000},
	{0x1003F, 0x000000FB},
	{0x90010001, 0x00000000}, {0x40000000, 0x00000000},
	{0x1003F, 0x000000FB},
	{0x90020001, 0x00000000}, {0x40000000, 0x00000000},
	{0x1003F, 0x000000FB},
	{0x90030001, 0x00000000}, {0x40000000, 0x00000000},
	{0x1003F, 0x000000FB},
	{0x90040001, 0x00000000}, {0x40000000, 0x00000000},
	{0x1003F, 0x000000FB},
	{0x90050001, 0x00000000}, {0x40000000, 0x00000000},
	{0x1003F, 0x000000FB},
	{0x90060001, 0x00000000}, {0x40000000, 0x00000000},
	{0x1003F, 0x000000FB},
	{0x90070001, 0x00000000}, {0x40000000, 0x00000000},
	{0x1003F, 0x000000FB},
	{0x90080001, 0x00000000}, {0x40000000, 0x00000000},
	{0x1003F, 0x000000FB},
	{0x90290001, 0x00000000}, {0x40000000, 0x00000000},
	{0x1003F, 0x000000FB},
	{0x902b0001, 0x00000000}, {0x40000000, 0x00000000},
	{0x1003F, 0x000000FB},
	{0xA0000000, 0x00000000},
	{0x1003F, 0x000000F6},
	{0xB0000000, 0x00000000},
	{0x10033, 0x000000C1},
	{0x80010000, 0x00000000}, {0x40000000, 0x00000000},
	{0x1003F, 0x000000F8},
	{0x90020000, 0x00000000}, {0x40000000, 0x00000000},
	{0x1003F, 0x000000F8},
	{0x90010001, 0x00000000}, {0x40000000, 0x00000000},
	{0x1003F, 0x000000F8},
	{0x90020001, 0x00000000}, {0x40000000, 0x00000000},
	{0x1003F, 0x000000F8},
	{0x90030001, 0x00000000}, {0x40000000, 0x00000000},
	{0x1003F, 0x000000F8},
	{0x90040001, 0x00000000}, {0x40000000, 0x00000000},
	{0x1003F, 0x000000F8},
	{0x90050001, 0x00000000}, {0x40000000, 0x00000000},
	{0x1003F, 0x000000F8},
	{0x90060001, 0x00000000}, {0x40000000, 0x00000000},
	{0x1003F, 0x000000F8},
	{0x90070001, 0x00000000}, {0x40000000, 0x00000000},
	{0x1003F, 0x000000F8},
	{0x90080001, 0x00000000}, {0x40000000, 0x00000000},
	{0x1003F, 0x000000F8},
	{0x90290001, 0x00000000}, {0x40000000, 0x00000000},
	{0x1003F, 0x000000F8},
	{0x902b0001, 0x00000000}, {0x40000000, 0x00000000},
	{0x1003F, 0x000000F8},
	{0xA0000000, 0x00000000},
	{0x1003F, 0x000000F3},
	{0xB0000000, 0x00000000},
	{0x10033, 0x000000C2},
	{0x80010000, 0x00000000}, {0x40000000, 0x00000000},
	{0x1003F, 0x000000F5},
	{0x90020000, 0x00000000}, {0x40000000, 0x00000000},
	{0x1003F, 0x000000F5},
	{0x90010001, 0x00000000}, {0x40000000, 0x00000000},
	{0x1003F, 0x000000F5},
	{0x90020001, 0x00000000}, {0x40000000, 0x00000000},
	{0x1003F, 0x000000F5},
	{0x90030001, 0x00000000}, {0x40000000, 0x00000000},
	{0x1003F, 0x000000F5},
	{0x90040001, 0x00000000}, {0x40000000, 0x00000000},
	{0x1003F, 0x000000F5},
	{0x90050001, 0x00000000}, {0x40000000, 0x00000000},
	{0x1003F, 0x000000F5},
	{0x90060001, 0x00000000}, {0x40000000, 0x00000000},
	{0x1003F, 0x000000F5},
	{0x90070001, 0x00000000}, {0x40000000, 0x00000000},
	{0x1003F, 0x000000F5},
	{0x90080001, 0x00000000}, {0x40000000, 0x00000000},
	{0x1003F, 0x000000F5},
	{0x90290001, 0x00000000}, {0x40000000, 0x00000000},
	{0x1003F, 0x000000F5},
	{0x902b0001, 0x00000000}, {0x40000000, 0x00000000},
	{0x1003F, 0x000000F5},
	{0xA0000000, 0x00000000},
	{0x1003F, 0x000000F0},
	{0xB0000000, 0x00000000},
	{0x10033, 0x000000C3},
	{0x80010000, 0x00000000}, {0x40000000, 0x00000000},
	{0x1003F, 0x000000F2},
	{0x90020000, 0x00000000}, {0x40000000, 0x00000000},
	{0x1003F, 0x000000F2},
	{0x90010001, 0x00000000}, {0x40000000, 0x00000000},
	{0x1003F, 0x000000F2},
	{0x90020001, 0x00000000}, {0x40000000, 0x00000000},
	{0x1003F, 0x000000F2},
	{0x90030001, 0x00000000}, {0x40000000, 0x00000000},
	{0x1003F, 0x000000F2},
	{0x90040001, 0x00000000}, {0x40000000, 0x00000000},
	{0x1003F, 0x000000F2},
	{0x90050001, 0x00000000}, {0x40000000, 0x00000000},
	{0x1003F, 0x000000F2},
	{0x90060001, 0x00000000}, {0x40000000, 0x00000000},
	{0x1003F, 0x000000F2},
	{0x90070001, 0x00000000}, {0x40000000, 0x00000000},
	{0x1003F, 0x000000F2},
	{0x90080001, 0x00000000}, {0x40000000, 0x00000000},
	{0x1003F, 0x000000F2},
	{0x90290001, 0x00000000}, {0x40000000, 0x00000000},
	{0x1003F, 0x000000F2},
	{0x902b0001, 0x00000000}, {0x40000000, 0x00000000},
	{0x1003F, 0x000000F2},
	{0xA0000000, 0x00000000},
	{0x1003F, 0x000000ED},
	{0xB0000000, 0x00000000},
	{0x10033, 0x000000C4},
	{0x80010000, 0x00000000}, {0x40000000, 0x00000000},
	{0x1003F, 0x000000EF},
	{0x90020000, 0x00000000}, {0x40000000, 0x00000000},
	{0x1003F, 0x000000EF},
	{0x90010001, 0x00000000}, {0x40000000, 0x00000000},
	{0x1003F, 0x000000EF},
	{0x90020001, 0x00000000}, {0x40000000, 0x00000000},
	{0x1003F, 0x000000EF},
	{0x90030001, 0x00000000}, {0x40000000, 0x00000000},
	{0x1003F, 0x000000EF},
	{0x90040001, 0x00000000}, {0x40000000, 0x00000000},
	{0x1003F, 0x000000EF},
	{0x90050001, 0x00000000}, {0x40000000, 0x00000000},
	{0x1003F, 0x000000EF},
	{0x90060001, 0x00000000}, {0x40000000, 0x00000000},
	{0x1003F, 0x000000EF},
	{0x90070001, 0x00000000}, {0x40000000, 0x00000000},
	{0x1003F, 0x000000EF},
	{0x90080001, 0x00000000}, {0x40000000, 0x00000000},
	{0x1003F, 0x000000EF},
	{0x90290001, 0x00000000}, {0x40000000, 0x00000000},
	{0x1003F, 0x000000EF},
	{0x902b0001, 0x00000000}, {0x40000000, 0x00000000},
	{0x1003F, 0x000000EF},
	{0xA0000000, 0x00000000},
	{0x1003F, 0x000000EA},
	{0xB0000000, 0x00000000},
	{0x10033, 0x000000C5},
	{0x80010000, 0x00000000}, {0x40000000, 0x00000000},
	{0x1003F, 0x000000EC},
	{0x90020000, 0x00000000}, {0x40000000, 0x00000000},
	{0x1003F, 0x000000EC},
	{0x90010001, 0x00000000}, {0x40000000, 0x00000000},
	{0x1003F, 0x000000EC},
	{0x90020001, 0x00000000}, {0x40000000, 0x00000000},
	{0x1003F, 0x000000EC},
	{0x90030001, 0x00000000}, {0x40000000, 0x00000000},
	{0x1003F, 0x000000EC},
	{0x90040001, 0x00000000}, {0x40000000, 0x00000000},
	{0x1003F, 0x000000EC},
	{0x90050001, 0x00000000}, {0x40000000, 0x00000000},
	{0x1003F, 0x000000EC},
	{0x90060001, 0x00000000}, {0x40000000, 0x00000000},
	{0x1003F, 0x000000EC},
	{0x90070001, 0x00000000}, {0x40000000, 0x00000000},
	{0x1003F, 0x000000EC},
	{0x90080001, 0x00000000}, {0x40000000, 0x00000000},
	{0x1003F, 0x000000EC},
	{0x90290001, 0x00000000}, {0x40000000, 0x00000000},
	{0x1003F, 0x000000EC},
	{0x902b0001, 0x00000000}, {0x40000000, 0x00000000},
	{0x1003F, 0x000000EC},
	{0xA0000000, 0x00000000},
	{0x1003F, 0x000000E7},
	{0xB0000000, 0x00000000},
	{0x10033, 0x000000C6},
	{0x80010000, 0x00000000}, {0x40000000, 0x00000000},
	{0x1003F, 0x000000AB},
	{0x90020000, 0x00000000}, {0x40000000, 0x00000000},
	{0x1003F, 0x000000AB},
	{0x90010001, 0x00000000}, {0x40000000, 0x00000000},
	{0x1003F, 0x000000AB},
	{0x90020001, 0x00000000}, {0x40000000, 0x00000000},
	{0x1003F, 0x000000AB},
	{0x90030001, 0x00000000}, {0x40000000, 0x00000000},
	{0x1003F, 0x000000AB},
	{0x90040001, 0x00000000}, {0x40000000, 0x00000000},
	{0x1003F, 0x000000AB},
	{0x90050001, 0x00000000}, {0x40000000, 0x00000000},
	{0x1003F, 0x000000AB},
	{0x90060001, 0x00000000}, {0x40000000, 0x00000000},
	{0x1003F, 0x000000AB},
	{0x90070001, 0x00000000}, {0x40000000, 0x00000000},
	{0x1003F, 0x000000AB},
	{0x90080001, 0x00000000}, {0x40000000, 0x00000000},
	{0x1003F, 0x000000AB},
	{0x90290001, 0x00000000}, {0x40000000, 0x00000000},
	{0x1003F, 0x000000AB},
	{0x902b0001, 0x00000000}, {0x40000000, 0x00000000},
	{0x1003F, 0x000000AB},
	{0xA0000000, 0x00000000},
	{0x1003F, 0x000000A6},
	{0xB0000000, 0x00000000},
	{0x10033, 0x000000C7},
	{0x80010000, 0x00000000}, {0x40000000, 0x00000000},
	{0x1003F, 0x000000A8},
	{0x90020000, 0x00000000}, {0x40000000, 0x00000000},
	{0x1003F, 0x000000A8},
	{0x90010001, 0x00000000}, {0x40000000, 0x00000000},
	{0x1003F, 0x000000A8},
	{0x90020001, 0x00000000}, {0x40000000, 0x00000000},
	{0x1003F, 0x000000A8},
	{0x90030001, 0x00000000}, {0x40000000, 0x00000000},
	{0x1003F, 0x000000A8},
	{0x90040001, 0x00000000}, {0x40000000, 0x00000000},
	{0x1003F, 0x000000A8},
	{0x90050001, 0x00000000}, {0x40000000, 0x00000000},
	{0x1003F, 0x000000A8},
	{0x90060001, 0x00000000}, {0x40000000, 0x00000000},
	{0x1003F, 0x000000A8},
	{0x90070001, 0x00000000}, {0x40000000, 0x00000000},
	{0x1003F, 0x000000A8},
	{0x90080001, 0x00000000}, {0x40000000, 0x00000000},
	{0x1003F, 0x000000A8},
	{0x90290001, 0x00000000}, {0x40000000, 0x00000000},
	{0x1003F, 0x000000A8},
	{0x902b0001, 0x00000000}, {0x40000000, 0x00000000},
	{0x1003F, 0x000000A8},
	{0xA0000000, 0x00000000},
	{0x1003F, 0x000000A3},
	{0xB0000000, 0x00000000},
	{0x10033, 0x000000C8},
	{0x80010000, 0x00000000}, {0x40000000, 0x00000000},
	{0x1003F, 0x00000068},
	{0x90020000, 0x00000000}, {0x40000000, 0x00000000},
	{0x1003F, 0x00000068},
	{0x90010001, 0x00000000}, {0x40000000, 0x00000000},
	{0x1003F, 0x00000068},
	{0x90020001, 0x00000000}, {0x40000000, 0x00000000},
	{0x1003F, 0x00000068},
	{0x90030001, 0x00000000}, {0x40000000, 0x00000000},
	{0x1003F, 0x00000068},
	{0x90040001, 0x00000000}, {0x40000000, 0x00000000},
	{0x1003F, 0x00000068},
	{0x90050001, 0x00000000}, {0x40000000, 0x00000000},
	{0x1003F, 0x00000068},
	{0x90060001, 0x00000000}, {0x40000000, 0x00000000},
	{0x1003F, 0x00000068},
	{0x90070001, 0x00000000}, {0x40000000, 0x00000000},
	{0x1003F, 0x00000068},
	{0x90080001, 0x00000000}, {0x40000000, 0x00000000},
	{0x1003F, 0x00000068},
	{0x90290001, 0x00000000}, {0x40000000, 0x00000000},
	{0x1003F, 0x00000068},
	{0x902b0001, 0x00000000}, {0x40000000, 0x00000000},
	{0x1003F, 0x00000068},
	{0xA0000000, 0x00000000},
	{0x1003F, 0x00000063},
	{0xB0000000, 0x00000000},
	{0x10033, 0x000000C9},
	{0x80010000, 0x00000000}, {0x40000000, 0x00000000},
	{0x1003F, 0x00000065},
	{0x90020000, 0x00000000}, {0x40000000, 0x00000000},
	{0x1003F, 0x00000065},
	{0x90010001, 0x00000000}, {0x40000000, 0x00000000},
	{0x1003F, 0x00000065},
	{0x90020001, 0x00000000}, {0x40000000, 0x00000000},
	{0x1003F, 0x00000065},
	{0x90030001, 0x00000000}, {0x40000000, 0x00000000},
	{0x1003F, 0x00000065},
	{0x90040001, 0x00000000}, {0x40000000, 0x00000000},
	{0x1003F, 0x00000065},
	{0x90050001, 0x00000000}, {0x40000000, 0x00000000},
	{0x1003F, 0x00000065},
	{0x90060001, 0x00000000}, {0x40000000, 0x00000000},
	{0x1003F, 0x00000065},
	{0x90070001, 0x00000000}, {0x40000000, 0x00000000},
	{0x1003F, 0x00000065},
	{0x90080001, 0x00000000}, {0x40000000, 0x00000000},
	{0x1003F, 0x00000065},
	{0x90290001, 0x00000000}, {0x40000000, 0x00000000},
	{0x1003F, 0x00000065},
	{0x902b0001, 0x00000000}, {0x40000000, 0x00000000},
	{0x1003F, 0x00000065},
	{0xA0000000, 0x00000000},
	{0x1003F, 0x00000060},
	{0xB0000000, 0x00000000},
	{0x10033, 0x000000CA},
	{0x80010000, 0x00000000}, {0x40000000, 0x00000000},
	{0x1003F, 0x0000002B},
	{0x90020000, 0x00000000}, {0x40000000, 0x00000000},
	{0x1003F, 0x0000002B},
	{0x90010001, 0x00000000}, {0x40000000, 0x00000000},
	{0x1003F, 0x0000002B},
	{0x90020001, 0x00000000}, {0x40000000, 0x00000000},
	{0x1003F, 0x0000002B},
	{0x90030001, 0x00000000}, {0x40000000, 0x00000000},
	{0x1003F, 0x0000002B},
	{0x90040001, 0x00000000}, {0x40000000, 0x00000000},
	{0x1003F, 0x0000002B},
	{0x90050001, 0x00000000}, {0x40000000, 0x00000000},
	{0x1003F, 0x0000002B},
	{0x90060001, 0x00000000}, {0x40000000, 0x00000000},
	{0x1003F, 0x0000002B},
	{0x90070001, 0x00000000}, {0x40000000, 0x00000000},
	{0x1003F, 0x0000002B},
	{0x90080001, 0x00000000}, {0x40000000, 0x00000000},
	{0x1003F, 0x0000002B},
	{0x90290001, 0x00000000}, {0x40000000, 0x00000000},
	{0x1003F, 0x0000002B},
	{0x902b0001, 0x00000000}, {0x40000000, 0x00000000},
	{0x1003F, 0x0000002B},
	{0xA0000000, 0x00000000},
	{0x1003F, 0x00000026},
	{0xB0000000, 0x00000000},
	{0x10033, 0x000000CB},
	{0x80010000, 0x00000000}, {0x40000000, 0x00000000},
	{0x1003F, 0x00000028},
	{0x90020000, 0x00000000}, {0x40000000, 0x00000000},
	{0x1003F, 0x00000028},
	{0x90010001, 0x00000000}, {0x40000000, 0x00000000},
	{0x1003F, 0x00000028},
	{0x90020001, 0x00000000}, {0x40000000, 0x00000000},
	{0x1003F, 0x00000028},
	{0x90030001, 0x00000000}, {0x40000000, 0x00000000},
	{0x1003F, 0x00000028},
	{0x90040001, 0x00000000}, {0x40000000, 0x00000000},
	{0x1003F, 0x00000028},
	{0x90050001, 0x00000000}, {0x40000000, 0x00000000},
	{0x1003F, 0x00000028},
	{0x90060001, 0x00000000}, {0x40000000, 0x00000000},
	{0x1003F, 0x00000028},
	{0x90070001, 0x00000000}, {0x40000000, 0x00000000},
	{0x1003F, 0x00000028},
	{0x90080001, 0x00000000}, {0x40000000, 0x00000000},
	{0x1003F, 0x00000028},
	{0x90290001, 0x00000000}, {0x40000000, 0x00000000},
	{0x1003F, 0x00000028},
	{0x902b0001, 0x00000000}, {0x40000000, 0x00000000},
	{0x1003F, 0x00000028},
	{0xA0000000, 0x00000000},
	{0x1003F, 0x00000023},
	{0xB0000000, 0x00000000},
	{0x10033, 0x000000CC},
	{0x80010000, 0x00000000}, {0x40000000, 0x00000000},
	{0x1003F, 0x00000025},
	{0x90020000, 0x00000000}, {0x40000000, 0x00000000},
	{0x1003F, 0x00000025},
	{0x90010001, 0x00000000}, {0x40000000, 0x00000000},
	{0x1003F, 0x00000025},
	{0x90020001, 0x00000000}, {0x40000000, 0x00000000},
	{0x1003F, 0x00000025},
	{0x90030001, 0x00000000}, {0x40000000, 0x00000000},
	{0x1003F, 0x00000025},
	{0x90040001, 0x00000000}, {0x40000000, 0x00000000},
	{0x1003F, 0x00000025},
	{0x90050001, 0x00000000}, {0x40000000, 0x00000000},
	{0x1003F, 0x00000025},
	{0x90060001, 0x00000000}, {0x40000000, 0x00000000},
	{0x1003F, 0x00000025},
	{0x90070001, 0x00000000}, {0x40000000, 0x00000000},
	{0x1003F, 0x00000025},
	{0x90080001, 0x00000000}, {0x40000000, 0x00000000},
	{0x1003F, 0x00000025},
	{0x90290001, 0x00000000}, {0x40000000, 0x00000000},
	{0x1003F, 0x00000025},
	{0x902b0001, 0x00000000}, {0x40000000, 0x00000000},
	{0x1003F, 0x00000025},
	{0xA0000000, 0x00000000},
	{0x1003F, 0x00000020},
	{0xB0000000, 0x00000000},
	{0x10033, 0x000000CD},
	{0x80010000, 0x00000000}, {0x40000000, 0x00000000},
	{0x1003F, 0x00000022},
	{0x90020000, 0x00000000}, {0x40000000, 0x00000000},
	{0x1003F, 0x00000022},
	{0x90010001, 0x00000000}, {0x40000000, 0x00000000},
	{0x1003F, 0x00000022},
	{0x90020001, 0x00000000}, {0x40000000, 0x00000000},
	{0x1003F, 0x00000022},
	{0x90030001, 0x00000000}, {0x40000000, 0x00000000},
	{0x1003F, 0x00000022},
	{0x90040001, 0x00000000}, {0x40000000, 0x00000000},
	{0x1003F, 0x00000022},
	{0x90050001, 0x00000000}, {0x40000000, 0x00000000},
	{0x1003F, 0x00000022},
	{0x90060001, 0x00000000}, {0x40000000, 0x00000000},
	{0x1003F, 0x00000022},
	{0x90070001, 0x00000000}, {0x40000000, 0x00000000},
	{0x1003F, 0x00000022},
	{0x90080001, 0x00000000}, {0x40000000, 0x00000000},
	{0x1003F, 0x00000022},
	{0x90290001, 0x00000000}, {0x40000000, 0x00000000},
	{0x1003F, 0x00000022},
	{0x902b0001, 0x00000000}, {0x40000000, 0x00000000},
	{0x1003F, 0x00000022},
	{0xA0000000, 0x00000000},
	{0x1003F, 0x0000001D},
	{0xB0000000, 0x00000000},
	{0x10033, 0x000000CE},
	{0x80010000, 0x00000000}, {0x40000000, 0x00000000},
	{0x1003F, 0x0000001F},
	{0x90020000, 0x00000000}, {0x40000000, 0x00000000},
	{0x1003F, 0x0000001F},
	{0x90010001, 0x00000000}, {0x40000000, 0x00000000},
	{0x1003F, 0x0000001F},
	{0x90020001, 0x00000000}, {0x40000000, 0x00000000},
	{0x1003F, 0x0000001F},
	{0x90030001, 0x00000000}, {0x40000000, 0x00000000},
	{0x1003F, 0x0000001F},
	{0x90040001, 0x00000000}, {0x40000000, 0x00000000},
	{0x1003F, 0x0000001F},
	{0x90050001, 0x00000000}, {0x40000000, 0x00000000},
	{0x1003F, 0x0000001F},
	{0x90060001, 0x00000000}, {0x40000000, 0x00000000},
	{0x1003F, 0x0000001F},
	{0x90070001, 0x00000000}, {0x40000000, 0x00000000},
	{0x1003F, 0x0000001F},
	{0x90080001, 0x00000000}, {0x40000000, 0x00000000},
	{0x1003F, 0x0000001F},
	{0x90290001, 0x00000000}, {0x40000000, 0x00000000},
	{0x1003F, 0x0000001F},
	{0x902b0001, 0x00000000}, {0x40000000, 0x00000000},
	{0x1003F, 0x0000001F},
	{0xA0000000, 0x00000000},
	{0x1003F, 0x0000001A},
	{0xB0000000, 0x00000000},
	{0x10033, 0x000000CF},
	{0x80010000, 0x00000000}, {0x40000000, 0x00000000},
	{0x1003F, 0x0000001C},
	{0x90020000, 0x00000000}, {0x40000000, 0x00000000},
	{0x1003F, 0x0000001C},
	{0x90010001, 0x00000000}, {0x40000000, 0x00000000},
	{0x1003F, 0x0000001C},
	{0x90020001, 0x00000000}, {0x40000000, 0x00000000},
	{0x1003F, 0x0000001C},
	{0x90030001, 0x00000000}, {0x40000000, 0x00000000},
	{0x1003F, 0x0000001C},
	{0x90040001, 0x00000000}, {0x40000000, 0x00000000},
	{0x1003F, 0x0000001C},
	{0x90050001, 0x00000000}, {0x40000000, 0x00000000},
	{0x1003F, 0x0000001C},
	{0x90060001, 0x00000000}, {0x40000000, 0x00000000},
	{0x1003F, 0x0000001C},
	{0x90070001, 0x00000000}, {0x40000000, 0x00000000},
	{0x1003F, 0x0000001C},
	{0x90080001, 0x00000000}, {0x40000000, 0x00000000},
	{0x1003F, 0x0000001C},
	{0x90290001, 0x00000000}, {0x40000000, 0x00000000},
	{0x1003F, 0x0000001C},
	{0x902b0001, 0x00000000}, {0x40000000, 0x00000000},
	{0x1003F, 0x0000001C},
	{0xA0000000, 0x00000000},
	{0x1003F, 0x00000017},
	{0xB0000000, 0x00000000},
	{0x10033, 0x000000D0},
	{0x80010000, 0x00000000}, {0x40000000, 0x00000000},
	{0x1003F, 0x00000019},
	{0x90020000, 0x00000000}, {0x40000000, 0x00000000},
	{0x1003F, 0x00000019},
	{0x90010001, 0x00000000}, {0x40000000, 0x00000000},
	{0x1003F, 0x00000019},
	{0x90020001, 0x00000000}, {0x40000000, 0x00000000},
	{0x1003F, 0x00000019},
	{0x90030001, 0x00000000}, {0x40000000, 0x00000000},
	{0x1003F, 0x00000019},
	{0x90040001, 0x00000000}, {0x40000000, 0x00000000},
	{0x1003F, 0x00000019},
	{0x90050001, 0x00000000}, {0x40000000, 0x00000000},
	{0x1003F, 0x00000019},
	{0x90060001, 0x00000000}, {0x40000000, 0x00000000},
	{0x1003F, 0x00000019},
	{0x90070001, 0x00000000}, {0x40000000, 0x00000000},
	{0x1003F, 0x00000019},
	{0x90080001, 0x00000000}, {0x40000000, 0x00000000},
	{0x1003F, 0x00000019},
	{0x90290001, 0x00000000}, {0x40000000, 0x00000000},
	{0x1003F, 0x00000019},
	{0x902b0001, 0x00000000}, {0x40000000, 0x00000000},
	{0x1003F, 0x00000019},
	{0xA0000000, 0x00000000},
	{0x1003F, 0x00000014},
	{0xB0000000, 0x00000000},
	{0x100EE, 0x00000000},
	{0x100EE, 0x00004000},
	{0x10033, 0x00000080},
	{0x1003F, 0x000001A9},
	{0x10033, 0x00000081},
	{0x1003F, 0x000001A3},
	{0x10033, 0x00000082},
	{0x1003F, 0x0000019D},
	{0x10033, 0x00000083},
	{0x1003F, 0x00000197},
	{0x10033, 0x00000084},
	{0x80010000, 0x00000000}, {0x40000000, 0x00000000},
	{0x1003F, 0x00000158},
	{0x90020000, 0x00000000}, {0x40000000, 0x00000000},
	{0x1003F, 0x00000158},
	{0x90010001, 0x00000000}, {0x40000000, 0x00000000},
	{0x1003F, 0x00000158},
	{0x90020001, 0x00000000}, {0x40000000, 0x00000000},
	{0x1003F, 0x00000158},
	{0x90030001, 0x00000000}, {0x40000000, 0x00000000},
	{0x1003F, 0x00000158},
	{0x90040001, 0x00000000}, {0x40000000, 0x00000000},
	{0x1003F, 0x00000158},
	{0x90050001, 0x00000000}, {0x40000000, 0x00000000},
	{0x1003F, 0x00000158},
	{0x90060001, 0x00000000}, {0x40000000, 0x00000000},
	{0x1003F, 0x00000158},
	{0x90070001, 0x00000000}, {0x40000000, 0x00000000},
	{0x1003F, 0x00000158},
	{0x90080001, 0x00000000}, {0x40000000, 0x00000000},
	{0x1003F, 0x00000158},
	{0x90290001, 0x00000000}, {0x40000000, 0x00000000},
	{0x1003F, 0x00000158},
	{0x902b0001, 0x00000000}, {0x40000000, 0x00000000},
	{0x1003F, 0x00000158},
	{0xA0000000, 0x00000000},
	{0x1003F, 0x00000191},
	{0xB0000000, 0x00000000},
	{0x10033, 0x00000085},
	{0x80010000, 0x00000000}, {0x40000000, 0x00000000},
	{0x1003F, 0x0000011F},
	{0x90020000, 0x00000000}, {0x40000000, 0x00000000},
	{0x1003F, 0x0000011F},
	{0x90010001, 0x00000000}, {0x40000000, 0x00000000},
	{0x1003F, 0x0000011F},
	{0x90020001, 0x00000000}, {0x40000000, 0x00000000},
	{0x1003F, 0x0000011F},
	{0x90030001, 0x00000000}, {0x40000000, 0x00000000},
	{0x1003F, 0x0000011F},
	{0x90040001, 0x00000000}, {0x40000000, 0x00000000},
	{0x1003F, 0x0000011F},
	{0x90050001, 0x00000000}, {0x40000000, 0x00000000},
	{0x1003F, 0x0000011F},
	{0x90060001, 0x00000000}, {0x40000000, 0x00000000},
	{0x1003F, 0x0000011F},
	{0x90070001, 0x00000000}, {0x40000000, 0x00000000},
	{0x1003F, 0x0000011F},
	{0x90080001, 0x00000000}, {0x40000000, 0x00000000},
	{0x1003F, 0x0000011F},
	{0x90290001, 0x00000000}, {0x40000000, 0x00000000},
	{0x1003F, 0x0000011F},
	{0x902b0001, 0x00000000}, {0x40000000, 0x00000000},
	{0x1003F, 0x0000011F},
	{0xA0000000, 0x00000000},
	{0x1003F, 0x0000018B},
	{0xB0000000, 0x00000000},
	{0x10033, 0x00000086},
	{0x80010000, 0x00000000}, {0x40000000, 0x00000000},
	{0x1003F, 0x00000119},
	{0x90020000, 0x00000000}, {0x40000000, 0x00000000},
	{0x1003F, 0x00000119},
	{0x90010001, 0x00000000}, {0x40000000, 0x00000000},
	{0x1003F, 0x00000119},
	{0x90020001, 0x00000000}, {0x40000000, 0x00000000},
	{0x1003F, 0x00000119},
	{0x90030001, 0x00000000}, {0x40000000, 0x00000000},
	{0x1003F, 0x00000119},
	{0x90040001, 0x00000000}, {0x40000000, 0x00000000},
	{0x1003F, 0x00000119},
	{0x90050001, 0x00000000}, {0x40000000, 0x00000000},
	{0x1003F, 0x00000119},
	{0x90060001, 0x00000000}, {0x40000000, 0x00000000},
	{0x1003F, 0x00000119},
	{0x90070001, 0x00000000}, {0x40000000, 0x00000000},
	{0x1003F, 0x00000119},
	{0x90080001, 0x00000000}, {0x40000000, 0x00000000},
	{0x1003F, 0x00000119},
	{0x90290001, 0x00000000}, {0x40000000, 0x00000000},
	{0x1003F, 0x00000119},
	{0x902b0001, 0x00000000}, {0x40000000, 0x00000000},
	{0x1003F, 0x00000119},
	{0xA0000000, 0x00000000},
	{0x1003F, 0x0000014D},
	{0xB0000000, 0x00000000},
	{0x10033, 0x00000087},
	{0x80010000, 0x00000000}, {0x40000000, 0x00000000},
	{0x1003F, 0x000000DF},
	{0x90020000, 0x00000000}, {0x40000000, 0x00000000},
	{0x1003F, 0x000000DF},
	{0x90010001, 0x00000000}, {0x40000000, 0x00000000},
	{0x1003F, 0x000000DF},
	{0x90020001, 0x00000000}, {0x40000000, 0x00000000},
	{0x1003F, 0x000000DF},
	{0x90030001, 0x00000000}, {0x40000000, 0x00000000},
	{0x1003F, 0x000000DF},
	{0x90040001, 0x00000000}, {0x40000000, 0x00000000},
	{0x1003F, 0x000000DF},
	{0x90050001, 0x00000000}, {0x40000000, 0x00000000},
	{0x1003F, 0x000000DF},
	{0x90060001, 0x00000000}, {0x40000000, 0x00000000},
	{0x1003F, 0x000000DF},
	{0x90070001, 0x00000000}, {0x40000000, 0x00000000},
	{0x1003F, 0x000000DF},
	{0x90080001, 0x00000000}, {0x40000000, 0x00000000},
	{0x1003F, 0x000000DF},
	{0x90290001, 0x00000000}, {0x40000000, 0x00000000},
	{0x1003F, 0x000000DF},
	{0x902b0001, 0x00000000}, {0x40000000, 0x00000000},
	{0x1003F, 0x000000DF},
	{0xA0000000, 0x00000000},
	{0x1003F, 0x0000010B},
	{0xB0000000, 0x00000000},
	{0x10033, 0x00000088},
	{0x80010000, 0x00000000}, {0x40000000, 0x00000000},
	{0x1003F, 0x000000D9},
	{0x90020000, 0x00000000}, {0x40000000, 0x00000000},
	{0x1003F, 0x000000D9},
	{0x90010001, 0x00000000}, {0x40000000, 0x00000000},
	{0x1003F, 0x000000D9},
	{0x90020001, 0x00000000}, {0x40000000, 0x00000000},
	{0x1003F, 0x000000D9},
	{0x90030001, 0x00000000}, {0x40000000, 0x00000000},
	{0x1003F, 0x000000D9},
	{0x90040001, 0x00000000}, {0x40000000, 0x00000000},
	{0x1003F, 0x000000D9},
	{0x90050001, 0x00000000}, {0x40000000, 0x00000000},
	{0x1003F, 0x000000D9},
	{0x90060001, 0x00000000}, {0x40000000, 0x00000000},
	{0x1003F, 0x000000D9},
	{0x90070001, 0x00000000}, {0x40000000, 0x00000000},
	{0x1003F, 0x000000D9},
	{0x90080001, 0x00000000}, {0x40000000, 0x00000000},
	{0x1003F, 0x000000D9},
	{0x90290001, 0x00000000}, {0x40000000, 0x00000000},
	{0x1003F, 0x000000D9},
	{0x902b0001, 0x00000000}, {0x40000000, 0x00000000},
	{0x1003F, 0x000000D9},
	{0xA0000000, 0x00000000},
	{0x1003F, 0x000000DF},
	{0xB0000000, 0x00000000},
	{0x10033, 0x00000089},
	{0x80010000, 0x00000000}, {0x40000000, 0x00000000},
	{0x1003F, 0x0000009F},
	{0x90020000, 0x00000000}, {0x40000000, 0x00000000},
	{0x1003F, 0x0000009F},
	{0x90010001, 0x00000000}, {0x40000000, 0x00000000},
	{0x1003F, 0x0000009F},
	{0x90020001, 0x00000000}, {0x40000000, 0x00000000},
	{0x1003F, 0x0000009F},
	{0x90030001, 0x00000000}, {0x40000000, 0x00000000},
	{0x1003F, 0x0000009F},
	{0x90040001, 0x00000000}, {0x40000000, 0x00000000},
	{0x1003F, 0x0000009F},
	{0x90050001, 0x00000000}, {0x40000000, 0x00000000},
	{0x1003F, 0x0000009F},
	{0x90060001, 0x00000000}, {0x40000000, 0x00000000},
	{0x1003F, 0x0000009F},
	{0x90070001, 0x00000000}, {0x40000000, 0x00000000},
	{0x1003F, 0x0000009F},
	{0x90080001, 0x00000000}, {0x40000000, 0x00000000},
	{0x1003F, 0x0000009F},
	{0x90290001, 0x00000000}, {0x40000000, 0x00000000},
	{0x1003F, 0x0000009F},
	{0x902b0001, 0x00000000}, {0x40000000, 0x00000000},
	{0x1003F, 0x0000009F},
	{0xA0000000, 0x00000000},
	{0x1003F, 0x000000D9},
	{0xB0000000, 0x00000000},
	{0x10033, 0x0000008A},
	{0x80010000, 0x00000000}, {0x40000000, 0x00000000},
	{0x1003F, 0x00000099},
	{0x90020000, 0x00000000}, {0x40000000, 0x00000000},
	{0x1003F, 0x00000099},
	{0x90010001, 0x00000000}, {0x40000000, 0x00000000},
	{0x1003F, 0x00000099},
	{0x90020001, 0x00000000}, {0x40000000, 0x00000000},
	{0x1003F, 0x00000099},
	{0x90030001, 0x00000000}, {0x40000000, 0x00000000},
	{0x1003F, 0x00000099},
	{0x90040001, 0x00000000}, {0x40000000, 0x00000000},
	{0x1003F, 0x00000099},
	{0x90050001, 0x00000000}, {0x40000000, 0x00000000},
	{0x1003F, 0x00000099},
	{0x90060001, 0x00000000}, {0x40000000, 0x00000000},
	{0x1003F, 0x00000099},
	{0x90070001, 0x00000000}, {0x40000000, 0x00000000},
	{0x1003F, 0x00000099},
	{0x90080001, 0x00000000}, {0x40000000, 0x00000000},
	{0x1003F, 0x00000099},
	{0x90290001, 0x00000000}, {0x40000000, 0x00000000},
	{0x1003F, 0x00000099},
	{0x902b0001, 0x00000000}, {0x40000000, 0x00000000},
	{0x1003F, 0x00000099},
	{0xA0000000, 0x00000000},
	{0x1003F, 0x000000D3},
	{0xB0000000, 0x00000000},
	{0x10033, 0x0000008B},
	{0x80010000, 0x00000000}, {0x40000000, 0x00000000},
	{0x1003F, 0x0000005F},
	{0x90020000, 0x00000000}, {0x40000000, 0x00000000},
	{0x1003F, 0x0000005F},
	{0x90010001, 0x00000000}, {0x40000000, 0x00000000},
	{0x1003F, 0x0000005F},
	{0x90020001, 0x00000000}, {0x40000000, 0x00000000},
	{0x1003F, 0x0000005F},
	{0x90030001, 0x00000000}, {0x40000000, 0x00000000},
	{0x1003F, 0x0000005F},
	{0x90040001, 0x00000000}, {0x40000000, 0x00000000},
	{0x1003F, 0x0000005F},
	{0x90050001, 0x00000000}, {0x40000000, 0x00000000},
	{0x1003F, 0x0000005F},
	{0x90060001, 0x00000000}, {0x40000000, 0x00000000},
	{0x1003F, 0x0000005F},
	{0x90070001, 0x00000000}, {0x40000000, 0x00000000},
	{0x1003F, 0x0000005F},
	{0x90080001, 0x00000000}, {0x40000000, 0x00000000},
	{0x1003F, 0x0000005F},
	{0x90290001, 0x00000000}, {0x40000000, 0x00000000},
	{0x1003F, 0x0000005F},
	{0x902b0001, 0x00000000}, {0x40000000, 0x00000000},
	{0x1003F, 0x0000005F},
	{0xA0000000, 0x00000000},
	{0x1003F, 0x00000099},
	{0xB0000000, 0x00000000},
	{0x10033, 0x0000008C},
	{0x80010000, 0x00000000}, {0x40000000, 0x00000000},
	{0x1003F, 0x00000059},
	{0x90020000, 0x00000000}, {0x40000000, 0x00000000},
	{0x1003F, 0x00000059},
	{0x90010001, 0x00000000}, {0x40000000, 0x00000000},
	{0x1003F, 0x00000059},
	{0x90020001, 0x00000000}, {0x40000000, 0x00000000},
	{0x1003F, 0x00000059},
	{0x90030001, 0x00000000}, {0x40000000, 0x00000000},
	{0x1003F, 0x00000059},
	{0x90040001, 0x00000000}, {0x40000000, 0x00000000},
	{0x1003F, 0x00000059},
	{0x90050001, 0x00000000}, {0x40000000, 0x00000000},
	{0x1003F, 0x00000059},
	{0x90060001, 0x00000000}, {0x40000000, 0x00000000},
	{0x1003F, 0x00000059},
	{0x90070001, 0x00000000}, {0x40000000, 0x00000000},
	{0x1003F, 0x00000059},
	{0x90080001, 0x00000000}, {0x40000000, 0x00000000},
	{0x1003F, 0x00000059},
	{0x90290001, 0x00000000}, {0x40000000, 0x00000000},
	{0x1003F, 0x00000059},
	{0x902b0001, 0x00000000}, {0x40000000, 0x00000000},
	{0x1003F, 0x00000059},
	{0xA0000000, 0x00000000},
	{0x1003F, 0x00000093},
	{0xB0000000, 0x00000000},
	{0x10033, 0x0000008D},
	{0x80010000, 0x00000000}, {0x40000000, 0x00000000},
	{0x1003F, 0x0000001F},
	{0x90020000, 0x00000000}, {0x40000000, 0x00000000},
	{0x1003F, 0x0000001F},
	{0x90010001, 0x00000000}, {0x40000000, 0x00000000},
	{0x1003F, 0x0000001F},
	{0x90020001, 0x00000000}, {0x40000000, 0x00000000},
	{0x1003F, 0x0000001F},
	{0x90030001, 0x00000000}, {0x40000000, 0x00000000},
	{0x1003F, 0x0000001F},
	{0x90040001, 0x00000000}, {0x40000000, 0x00000000},
	{0x1003F, 0x0000001F},
	{0x90050001, 0x00000000}, {0x40000000, 0x00000000},
	{0x1003F, 0x0000001F},
	{0x90060001, 0x00000000}, {0x40000000, 0x00000000},
	{0x1003F, 0x0000001F},
	{0x90070001, 0x00000000}, {0x40000000, 0x00000000},
	{0x1003F, 0x0000001F},
	{0x90080001, 0x00000000}, {0x40000000, 0x00000000},
	{0x1003F, 0x0000001F},
	{0x90290001, 0x00000000}, {0x40000000, 0x00000000},
	{0x1003F, 0x0000001F},
	{0x902b0001, 0x00000000}, {0x40000000, 0x00000000},
	{0x1003F, 0x0000001F},
	{0xA0000000, 0x00000000},
	{0x1003F, 0x00000059},
	{0xB0000000, 0x00000000},
	{0x10033, 0x0000008E},
	{0x80010000, 0x00000000}, {0x40000000, 0x00000000},
	{0x1003F, 0x00000019},
	{0x90020000, 0x00000000}, {0x40000000, 0x00000000},
	{0x1003F, 0x00000019},
	{0x90010001, 0x00000000}, {0x40000000, 0x00000000},
	{0x1003F, 0x00000019},
	{0x90020001, 0x00000000}, {0x40000000, 0x00000000},
	{0x1003F, 0x00000019},
	{0x90030001, 0x00000000}, {0x40000000, 0x00000000},
	{0x1003F, 0x00000019},
	{0x90040001, 0x00000000}, {0x40000000, 0x00000000},
	{0x1003F, 0x00000019},
	{0x90050001, 0x00000000}, {0x40000000, 0x00000000},
	{0x1003F, 0x00000019},
	{0x90060001, 0x00000000}, {0x40000000, 0x00000000},
	{0x1003F, 0x00000019},
	{0x90070001, 0x00000000}, {0x40000000, 0x00000000},
	{0x1003F, 0x00000019},
	{0x90080001, 0x00000000}, {0x40000000, 0x00000000},
	{0x1003F, 0x00000019},
	{0x90290001, 0x00000000}, {0x40000000, 0x00000000},
	{0x1003F, 0x00000019},
	{0x902b0001, 0x00000000}, {0x40000000, 0x00000000},
	{0x1003F, 0x00000019},
	{0xA0000000, 0x00000000},
	{0x1003F, 0x00000053},
	{0xB0000000, 0x00000000},
	{0x10033, 0x0000008F},
	{0x80010000, 0x00000000}, {0x40000000, 0x00000000},
	{0x1003F, 0x00000013},
	{0x90020000, 0x00000000}, {0x40000000, 0x00000000},
	{0x1003F, 0x00000013},
	{0x90010001, 0x00000000}, {0x40000000, 0x00000000},
	{0x1003F, 0x00000013},
	{0x90020001, 0x00000000}, {0x40000000, 0x00000000},
	{0x1003F, 0x00000013},
	{0x90030001, 0x00000000}, {0x40000000, 0x00000000},
	{0x1003F, 0x00000013},
	{0x90040001, 0x00000000}, {0x40000000, 0x00000000},
	{0x1003F, 0x00000013},
	{0x90050001, 0x00000000}, {0x40000000, 0x00000000},
	{0x1003F, 0x00000013},
	{0x90060001, 0x00000000}, {0x40000000, 0x00000000},
	{0x1003F, 0x00000013},
	{0x90070001, 0x00000000}, {0x40000000, 0x00000000},
	{0x1003F, 0x00000013},
	{0x90080001, 0x00000000}, {0x40000000, 0x00000000},
	{0x1003F, 0x00000013},
	{0x90290001, 0x00000000}, {0x40000000, 0x00000000},
	{0x1003F, 0x00000013},
	{0x902b0001, 0x00000000}, {0x40000000, 0x00000000},
	{0x1003F, 0x00000013},
	{0xA0000000, 0x00000000},
	{0x1003F, 0x00000019},
	{0xB0000000, 0x00000000},
	{0x10033, 0x00000090},
	{0x80010000, 0x00000000}, {0x40000000, 0x00000000},
	{0x1003F, 0x0000000D},
	{0x90020000, 0x00000000}, {0x40000000, 0x00000000},
	{0x1003F, 0x0000000D},
	{0x90010001, 0x00000000}, {0x40000000, 0x00000000},
	{0x1003F, 0x0000000D},
	{0x90020001, 0x00000000}, {0x40000000, 0x00000000},
	{0x1003F, 0x0000000D},
	{0x90030001, 0x00000000}, {0x40000000, 0x00000000},
	{0x1003F, 0x0000000D},
	{0x90040001, 0x00000000}, {0x40000000, 0x00000000},
	{0x1003F, 0x0000000D},
	{0x90050001, 0x00000000}, {0x40000000, 0x00000000},
	{0x1003F, 0x0000000D},
	{0x90060001, 0x00000000}, {0x40000000, 0x00000000},
	{0x1003F, 0x0000000D},
	{0x90070001, 0x00000000}, {0x40000000, 0x00000000},
	{0x1003F, 0x0000000D},
	{0x90080001, 0x00000000}, {0x40000000, 0x00000000},
	{0x1003F, 0x0000000D},
	{0x90290001, 0x00000000}, {0x40000000, 0x00000000},
	{0x1003F, 0x0000000D},
	{0x902b0001, 0x00000000}, {0x40000000, 0x00000000},
	{0x1003F, 0x0000000D},
	{0xA0000000, 0x00000000},
	{0x1003F, 0x00000013},
	{0xB0000000, 0x00000000},
	{0x10033, 0x00000091},
	{0x80010000, 0x00000000}, {0x40000000, 0x00000000},
	{0x1003F, 0x00000007},
	{0x90020000, 0x00000000}, {0x40000000, 0x00000000},
	{0x1003F, 0x00000007},
	{0x90010001, 0x00000000}, {0x40000000, 0x00000000},
	{0x1003F, 0x00000007},
	{0x90020001, 0x00000000}, {0x40000000, 0x00000000},
	{0x1003F, 0x00000007},
	{0x90030001, 0x00000000}, {0x40000000, 0x00000000},
	{0x1003F, 0x00000007},
	{0x90040001, 0x00000000}, {0x40000000, 0x00000000},
	{0x1003F, 0x00000007},
	{0x90050001, 0x00000000}, {0x40000000, 0x00000000},
	{0x1003F, 0x00000007},
	{0x90060001, 0x00000000}, {0x40000000, 0x00000000},
	{0x1003F, 0x00000007},
	{0x90070001, 0x00000000}, {0x40000000, 0x00000000},
	{0x1003F, 0x00000007},
	{0x90080001, 0x00000000}, {0x40000000, 0x00000000},
	{0x1003F, 0x00000007},
	{0x90290001, 0x00000000}, {0x40000000, 0x00000000},
	{0x1003F, 0x00000007},
	{0x902b0001, 0x00000000}, {0x40000000, 0x00000000},
	{0x1003F, 0x00000007},
	{0xA0000000, 0x00000000},
	{0x1003F, 0x0000000D},
	{0xB0000000, 0x00000000},
	{0x10033, 0x000000A0},
	{0x1003F, 0x000001A9},
	{0x10033, 0x000000A1},
	{0x1003F, 0x000001A3},
	{0x10033, 0x000000A2},
	{0x1003F, 0x0000019D},
	{0x10033, 0x000000A3},
	{0x1003F, 0x00000197},
	{0x10033, 0x000000A4},
	{0x80010000, 0x00000000}, {0x40000000, 0x00000000},
	{0x1003F, 0x00000158},
	{0x90020000, 0x00000000}, {0x40000000, 0x00000000},
	{0x1003F, 0x00000158},
	{0x90010001, 0x00000000}, {0x40000000, 0x00000000},
	{0x1003F, 0x00000158},
	{0x90020001, 0x00000000}, {0x40000000, 0x00000000},
	{0x1003F, 0x00000158},
	{0x90030001, 0x00000000}, {0x40000000, 0x00000000},
	{0x1003F, 0x00000158},
	{0x90040001, 0x00000000}, {0x40000000, 0x00000000},
	{0x1003F, 0x00000158},
	{0x90050001, 0x00000000}, {0x40000000, 0x00000000},
	{0x1003F, 0x00000158},
	{0x90060001, 0x00000000}, {0x40000000, 0x00000000},
	{0x1003F, 0x00000158},
	{0x90070001, 0x00000000}, {0x40000000, 0x00000000},
	{0x1003F, 0x00000158},
	{0x90080001, 0x00000000}, {0x40000000, 0x00000000},
	{0x1003F, 0x00000158},
	{0x90290001, 0x00000000}, {0x40000000, 0x00000000},
	{0x1003F, 0x00000158},
	{0x902b0001, 0x00000000}, {0x40000000, 0x00000000},
	{0x1003F, 0x00000158},
	{0xA0000000, 0x00000000},
	{0x1003F, 0x00000191},
	{0xB0000000, 0x00000000},
	{0x10033, 0x000000A5},
	{0x80010000, 0x00000000}, {0x40000000, 0x00000000},
	{0x1003F, 0x0000011F},
	{0x90020000, 0x00000000}, {0x40000000, 0x00000000},
	{0x1003F, 0x0000011F},
	{0x90010001, 0x00000000}, {0x40000000, 0x00000000},
	{0x1003F, 0x0000011F},
	{0x90020001, 0x00000000}, {0x40000000, 0x00000000},
	{0x1003F, 0x0000011F},
	{0x90030001, 0x00000000}, {0x40000000, 0x00000000},
	{0x1003F, 0x0000011F},
	{0x90040001, 0x00000000}, {0x40000000, 0x00000000},
	{0x1003F, 0x0000011F},
	{0x90050001, 0x00000000}, {0x40000000, 0x00000000},
	{0x1003F, 0x0000011F},
	{0x90060001, 0x00000000}, {0x40000000, 0x00000000},
	{0x1003F, 0x0000011F},
	{0x90070001, 0x00000000}, {0x40000000, 0x00000000},
	{0x1003F, 0x0000011F},
	{0x90080001, 0x00000000}, {0x40000000, 0x00000000},
	{0x1003F, 0x0000011F},
	{0x90290001, 0x00000000}, {0x40000000, 0x00000000},
	{0x1003F, 0x0000011F},
	{0x902b0001, 0x00000000}, {0x40000000, 0x00000000},
	{0x1003F, 0x0000011F},
	{0xA0000000, 0x00000000},
	{0x1003F, 0x0000018B},
	{0xB0000000, 0x00000000},
	{0x10033, 0x000000A6},
	{0x80010000, 0x00000000}, {0x40000000, 0x00000000},
	{0x1003F, 0x00000119},
	{0x90020000, 0x00000000}, {0x40000000, 0x00000000},
	{0x1003F, 0x00000119},
	{0x90010001, 0x00000000}, {0x40000000, 0x00000000},
	{0x1003F, 0x00000119},
	{0x90020001, 0x00000000}, {0x40000000, 0x00000000},
	{0x1003F, 0x00000119},
	{0x90030001, 0x00000000}, {0x40000000, 0x00000000},
	{0x1003F, 0x00000119},
	{0x90040001, 0x00000000}, {0x40000000, 0x00000000},
	{0x1003F, 0x00000119},
	{0x90050001, 0x00000000}, {0x40000000, 0x00000000},
	{0x1003F, 0x00000119},
	{0x90060001, 0x00000000}, {0x40000000, 0x00000000},
	{0x1003F, 0x00000119},
	{0x90070001, 0x00000000}, {0x40000000, 0x00000000},
	{0x1003F, 0x00000119},
	{0x90080001, 0x00000000}, {0x40000000, 0x00000000},
	{0x1003F, 0x00000119},
	{0x90290001, 0x00000000}, {0x40000000, 0x00000000},
	{0x1003F, 0x00000119},
	{0x902b0001, 0x00000000}, {0x40000000, 0x00000000},
	{0x1003F, 0x00000119},
	{0xA0000000, 0x00000000},
	{0x1003F, 0x0000014D},
	{0xB0000000, 0x00000000},
	{0x10033, 0x000000A7},
	{0x80010000, 0x00000000}, {0x40000000, 0x00000000},
	{0x1003F, 0x000000DF},
	{0x90020000, 0x00000000}, {0x40000000, 0x00000000},
	{0x1003F, 0x000000DF},
	{0x90010001, 0x00000000}, {0x40000000, 0x00000000},
	{0x1003F, 0x000000DF},
	{0x90020001, 0x00000000}, {0x40000000, 0x00000000},
	{0x1003F, 0x000000DF},
	{0x90030001, 0x00000000}, {0x40000000, 0x00000000},
	{0x1003F, 0x000000DF},
	{0x90040001, 0x00000000}, {0x40000000, 0x00000000},
	{0x1003F, 0x000000DF},
	{0x90050001, 0x00000000}, {0x40000000, 0x00000000},
	{0x1003F, 0x000000DF},
	{0x90060001, 0x00000000}, {0x40000000, 0x00000000},
	{0x1003F, 0x000000DF},
	{0x90070001, 0x00000000}, {0x40000000, 0x00000000},
	{0x1003F, 0x000000DF},
	{0x90080001, 0x00000000}, {0x40000000, 0x00000000},
	{0x1003F, 0x000000DF},
	{0x90290001, 0x00000000}, {0x40000000, 0x00000000},
	{0x1003F, 0x000000DF},
	{0x902b0001, 0x00000000}, {0x40000000, 0x00000000},
	{0x1003F, 0x000000DF},
	{0xA0000000, 0x00000000},
	{0x1003F, 0x0000010B},
	{0xB0000000, 0x00000000},
	{0x10033, 0x000000A8},
	{0x80010000, 0x00000000}, {0x40000000, 0x00000000},
	{0x1003F, 0x000000D9},
	{0x90020000, 0x00000000}, {0x40000000, 0x00000000},
	{0x1003F, 0x000000D9},
	{0x90010001, 0x00000000}, {0x40000000, 0x00000000},
	{0x1003F, 0x000000D9},
	{0x90020001, 0x00000000}, {0x40000000, 0x00000000},
	{0x1003F, 0x000000D9},
	{0x90030001, 0x00000000}, {0x40000000, 0x00000000},
	{0x1003F, 0x000000D9},
	{0x90040001, 0x00000000}, {0x40000000, 0x00000000},
	{0x1003F, 0x000000D9},
	{0x90050001, 0x00000000}, {0x40000000, 0x00000000},
	{0x1003F, 0x000000D9},
	{0x90060001, 0x00000000}, {0x40000000, 0x00000000},
	{0x1003F, 0x000000D9},
	{0x90070001, 0x00000000}, {0x40000000, 0x00000000},
	{0x1003F, 0x000000D9},
	{0x90080001, 0x00000000}, {0x40000000, 0x00000000},
	{0x1003F, 0x000000D9},
	{0x90290001, 0x00000000}, {0x40000000, 0x00000000},
	{0x1003F, 0x000000D9},
	{0x902b0001, 0x00000000}, {0x40000000, 0x00000000},
	{0x1003F, 0x000000D9},
	{0xA0000000, 0x00000000},
	{0x1003F, 0x000000DF},
	{0xB0000000, 0x00000000},
	{0x10033, 0x000000A9},
	{0x80010000, 0x00000000}, {0x40000000, 0x00000000},
	{0x1003F, 0x0000009F},
	{0x90020000, 0x00000000}, {0x40000000, 0x00000000},
	{0x1003F, 0x0000009F},
	{0x90010001, 0x00000000}, {0x40000000, 0x00000000},
	{0x1003F, 0x0000009F},
	{0x90020001, 0x00000000}, {0x40000000, 0x00000000},
	{0x1003F, 0x0000009F},
	{0x90030001, 0x00000000}, {0x40000000, 0x00000000},
	{0x1003F, 0x0000009F},
	{0x90040001, 0x00000000}, {0x40000000, 0x00000000},
	{0x1003F, 0x0000009F},
	{0x90050001, 0x00000000}, {0x40000000, 0x00000000},
	{0x1003F, 0x0000009F},
	{0x90060001, 0x00000000}, {0x40000000, 0x00000000},
	{0x1003F, 0x0000009F},
	{0x90070001, 0x00000000}, {0x40000000, 0x00000000},
	{0x1003F, 0x0000009F},
	{0x90080001, 0x00000000}, {0x40000000, 0x00000000},
	{0x1003F, 0x0000009F},
	{0x90290001, 0x00000000}, {0x40000000, 0x00000000},
	{0x1003F, 0x0000009F},
	{0x902b0001, 0x00000000}, {0x40000000, 0x00000000},
	{0x1003F, 0x0000009F},
	{0xA0000000, 0x00000000},
	{0x1003F, 0x000000D9},
	{0xB0000000, 0x00000000},
	{0x10033, 0x000000AA},
	{0x80010000, 0x00000000}, {0x40000000, 0x00000000},
	{0x1003F, 0x00000099},
	{0x90020000, 0x00000000}, {0x40000000, 0x00000000},
	{0x1003F, 0x00000099},
	{0x90010001, 0x00000000}, {0x40000000, 0x00000000},
	{0x1003F, 0x00000099},
	{0x90020001, 0x00000000}, {0x40000000, 0x00000000},
	{0x1003F, 0x00000099},
	{0x90030001, 0x00000000}, {0x40000000, 0x00000000},
	{0x1003F, 0x00000099},
	{0x90040001, 0x00000000}, {0x40000000, 0x00000000},
	{0x1003F, 0x00000099},
	{0x90050001, 0x00000000}, {0x40000000, 0x00000000},
	{0x1003F, 0x00000099},
	{0x90060001, 0x00000000}, {0x40000000, 0x00000000},
	{0x1003F, 0x00000099},
	{0x90070001, 0x00000000}, {0x40000000, 0x00000000},
	{0x1003F, 0x00000099},
	{0x90080001, 0x00000000}, {0x40000000, 0x00000000},
	{0x1003F, 0x00000099},
	{0x90290001, 0x00000000}, {0x40000000, 0x00000000},
	{0x1003F, 0x00000099},
	{0x902b0001, 0x00000000}, {0x40000000, 0x00000000},
	{0x1003F, 0x00000099},
	{0xA0000000, 0x00000000},
	{0x1003F, 0x000000D3},
	{0xB0000000, 0x00000000},
	{0x10033, 0x000000AB},
	{0x80010000, 0x00000000}, {0x40000000, 0x00000000},
	{0x1003F, 0x0000005F},
	{0x90020000, 0x00000000}, {0x40000000, 0x00000000},
	{0x1003F, 0x0000005F},
	{0x90010001, 0x00000000}, {0x40000000, 0x00000000},
	{0x1003F, 0x0000005F},
	{0x90020001, 0x00000000}, {0x40000000, 0x00000000},
	{0x1003F, 0x0000005F},
	{0x90030001, 0x00000000}, {0x40000000, 0x00000000},
	{0x1003F, 0x0000005F},
	{0x90040001, 0x00000000}, {0x40000000, 0x00000000},
	{0x1003F, 0x0000005F},
	{0x90050001, 0x00000000}, {0x40000000, 0x00000000},
	{0x1003F, 0x0000005F},
	{0x90060001, 0x00000000}, {0x40000000, 0x00000000},
	{0x1003F, 0x0000005F},
	{0x90070001, 0x00000000}, {0x40000000, 0x00000000},
	{0x1003F, 0x0000005F},
	{0x90080001, 0x00000000}, {0x40000000, 0x00000000},
	{0x1003F, 0x0000005F},
	{0x90290001, 0x00000000}, {0x40000000, 0x00000000},
	{0x1003F, 0x0000005F},
	{0x902b0001, 0x00000000}, {0x40000000, 0x00000000},
	{0x1003F, 0x0000005F},
	{0xA0000000, 0x00000000},
	{0x1003F, 0x00000099},
	{0xB0000000, 0x00000000},
	{0x10033, 0x000000AC},
	{0x80010000, 0x00000000}, {0x40000000, 0x00000000},
	{0x1003F, 0x00000059},
	{0x90020000, 0x00000000}, {0x40000000, 0x00000000},
	{0x1003F, 0x00000059},
	{0x90010001, 0x00000000}, {0x40000000, 0x00000000},
	{0x1003F, 0x00000059},
	{0x90020001, 0x00000000}, {0x40000000, 0x00000000},
	{0x1003F, 0x00000059},
	{0x90030001, 0x00000000}, {0x40000000, 0x00000000},
	{0x1003F, 0x00000059},
	{0x90040001, 0x00000000}, {0x40000000, 0x00000000},
	{0x1003F, 0x00000059},
	{0x90050001, 0x00000000}, {0x40000000, 0x00000000},
	{0x1003F, 0x00000059},
	{0x90060001, 0x00000000}, {0x40000000, 0x00000000},
	{0x1003F, 0x00000059},
	{0x90070001, 0x00000000}, {0x40000000, 0x00000000},
	{0x1003F, 0x00000059},
	{0x90080001, 0x00000000}, {0x40000000, 0x00000000},
	{0x1003F, 0x00000059},
	{0x90290001, 0x00000000}, {0x40000000, 0x00000000},
	{0x1003F, 0x00000059},
	{0x902b0001, 0x00000000}, {0x40000000, 0x00000000},
	{0x1003F, 0x00000059},
	{0xA0000000, 0x00000000},
	{0x1003F, 0x00000093},
	{0xB0000000, 0x00000000},
	{0x10033, 0x000000AD},
	{0x80010000, 0x00000000}, {0x40000000, 0x00000000},
	{0x1003F, 0x0000001F},
	{0x90020000, 0x00000000}, {0x40000000, 0x00000000},
	{0x1003F, 0x0000001F},
	{0x90010001, 0x00000000}, {0x40000000, 0x00000000},
	{0x1003F, 0x0000001F},
	{0x90020001, 0x00000000}, {0x40000000, 0x00000000},
	{0x1003F, 0x0000001F},
	{0x90030001, 0x00000000}, {0x40000000, 0x00000000},
	{0x1003F, 0x0000001F},
	{0x90040001, 0x00000000}, {0x40000000, 0x00000000},
	{0x1003F, 0x0000001F},
	{0x90050001, 0x00000000}, {0x40000000, 0x00000000},
	{0x1003F, 0x0000001F},
	{0x90060001, 0x00000000}, {0x40000000, 0x00000000},
	{0x1003F, 0x0000001F},
	{0x90070001, 0x00000000}, {0x40000000, 0x00000000},
	{0x1003F, 0x0000001F},
	{0x90080001, 0x00000000}, {0x40000000, 0x00000000},
	{0x1003F, 0x0000001F},
	{0x90290001, 0x00000000}, {0x40000000, 0x00000000},
	{0x1003F, 0x0000001F},
	{0x902b0001, 0x00000000}, {0x40000000, 0x00000000},
	{0x1003F, 0x0000001F},
	{0xA0000000, 0x00000000},
	{0x1003F, 0x00000059},
	{0xB0000000, 0x00000000},
	{0x10033, 0x000000AE},
	{0x80010000, 0x00000000}, {0x40000000, 0x00000000},
	{0x1003F, 0x00000019},
	{0x90020000, 0x00000000}, {0x40000000, 0x00000000},
	{0x1003F, 0x00000019},
	{0x90010001, 0x00000000}, {0x40000000, 0x00000000},
	{0x1003F, 0x00000019},
	{0x90020001, 0x00000000}, {0x40000000, 0x00000000},
	{0x1003F, 0x00000019},
	{0x90030001, 0x00000000}, {0x40000000, 0x00000000},
	{0x1003F, 0x00000019},
	{0x90040001, 0x00000000}, {0x40000000, 0x00000000},
	{0x1003F, 0x00000019},
	{0x90050001, 0x00000000}, {0x40000000, 0x00000000},
	{0x1003F, 0x00000019},
	{0x90060001, 0x00000000}, {0x40000000, 0x00000000},
	{0x1003F, 0x00000019},
	{0x90070001, 0x00000000}, {0x40000000, 0x00000000},
	{0x1003F, 0x00000019},
	{0x90080001, 0x00000000}, {0x40000000, 0x00000000},
	{0x1003F, 0x00000019},
	{0x90290001, 0x00000000}, {0x40000000, 0x00000000},
	{0x1003F, 0x00000019},
	{0x902b0001, 0x00000000}, {0x40000000, 0x00000000},
	{0x1003F, 0x00000019},
	{0xA0000000, 0x00000000},
	{0x1003F, 0x00000053},
	{0xB0000000, 0x00000000},
	{0x10033, 0x000000AF},
	{0x80010000, 0x00000000}, {0x40000000, 0x00000000},
	{0x1003F, 0x00000013},
	{0x90020000, 0x00000000}, {0x40000000, 0x00000000},
	{0x1003F, 0x00000013},
	{0x90010001, 0x00000000}, {0x40000000, 0x00000000},
	{0x1003F, 0x00000013},
	{0x90020001, 0x00000000}, {0x40000000, 0x00000000},
	{0x1003F, 0x00000013},
	{0x90030001, 0x00000000}, {0x40000000, 0x00000000},
	{0x1003F, 0x00000013},
	{0x90040001, 0x00000000}, {0x40000000, 0x00000000},
	{0x1003F, 0x00000013},
	{0x90050001, 0x00000000}, {0x40000000, 0x00000000},
	{0x1003F, 0x00000013},
	{0x90060001, 0x00000000}, {0x40000000, 0x00000000},
	{0x1003F, 0x00000013},
	{0x90070001, 0x00000000}, {0x40000000, 0x00000000},
	{0x1003F, 0x00000013},
	{0x90080001, 0x00000000}, {0x40000000, 0x00000000},
	{0x1003F, 0x00000013},
	{0x90290001, 0x00000000}, {0x40000000, 0x00000000},
	{0x1003F, 0x00000013},
	{0x902b0001, 0x00000000}, {0x40000000, 0x00000000},
	{0x1003F, 0x00000013},
	{0xA0000000, 0x00000000},
	{0x1003F, 0x00000019},
	{0xB0000000, 0x00000000},
	{0x10033, 0x000000B0},
	{0x80010000, 0x00000000}, {0x40000000, 0x00000000},
	{0x1003F, 0x0000000D},
	{0x90020000, 0x00000000}, {0x40000000, 0x00000000},
	{0x1003F, 0x0000000D},
	{0x90010001, 0x00000000}, {0x40000000, 0x00000000},
	{0x1003F, 0x0000000D},
	{0x90020001, 0x00000000}, {0x40000000, 0x00000000},
	{0x1003F, 0x0000000D},
	{0x90030001, 0x00000000}, {0x40000000, 0x00000000},
	{0x1003F, 0x0000000D},
	{0x90040001, 0x00000000}, {0x40000000, 0x00000000},
	{0x1003F, 0x0000000D},
	{0x90050001, 0x00000000}, {0x40000000, 0x00000000},
	{0x1003F, 0x0000000D},
	{0x90060001, 0x00000000}, {0x40000000, 0x00000000},
	{0x1003F, 0x0000000D},
	{0x90070001, 0x00000000}, {0x40000000, 0x00000000},
	{0x1003F, 0x0000000D},
	{0x90080001, 0x00000000}, {0x40000000, 0x00000000},
	{0x1003F, 0x0000000D},
	{0x90290001, 0x00000000}, {0x40000000, 0x00000000},
	{0x1003F, 0x0000000D},
	{0x902b0001, 0x00000000}, {0x40000000, 0x00000000},
	{0x1003F, 0x0000000D},
	{0xA0000000, 0x00000000},
	{0x1003F, 0x00000013},
	{0xB0000000, 0x00000000},
	{0x10033, 0x000000B1},
	{0x80010000, 0x00000000}, {0x40000000, 0x00000000},
	{0x1003F, 0x00000007},
	{0x90020000, 0x00000000}, {0x40000000, 0x00000000},
	{0x1003F, 0x00000007},
	{0x90010001, 0x00000000}, {0x40000000, 0x00000000},
	{0x1003F, 0x00000007},
	{0x90020001, 0x00000000}, {0x40000000, 0x00000000},
	{0x1003F, 0x00000007},
	{0x90030001, 0x00000000}, {0x40000000, 0x00000000},
	{0x1003F, 0x00000007},
	{0x90040001, 0x00000000}, {0x40000000, 0x00000000},
	{0x1003F, 0x00000007},
	{0x90050001, 0x00000000}, {0x40000000, 0x00000000},
	{0x1003F, 0x00000007},
	{0x90060001, 0x00000000}, {0x40000000, 0x00000000},
	{0x1003F, 0x00000007},
	{0x90070001, 0x00000000}, {0x40000000, 0x00000000},
	{0x1003F, 0x00000007},
	{0x90080001, 0x00000000}, {0x40000000, 0x00000000},
	{0x1003F, 0x00000007},
	{0x90290001, 0x00000000}, {0x40000000, 0x00000000},
	{0x1003F, 0x00000007},
	{0x902b0001, 0x00000000}, {0x40000000, 0x00000000},
	{0x1003F, 0x00000007},
	{0xA0000000, 0x00000000},
	{0x1003F, 0x0000000D},
	{0xB0000000, 0x00000000},
	{0x10033, 0x000000C0},
	{0x1003F, 0x000001A9},
	{0x10033, 0x000000C1},
	{0x1003F, 0x000001A3},
	{0x10033, 0x000000C2},
	{0x1003F, 0x0000019D},
	{0x10033, 0x000000C3},
	{0x1003F, 0x00000197},
	{0x10033, 0x000000C4},
	{0x80010000, 0x00000000}, {0x40000000, 0x00000000},
	{0x1003F, 0x00000158},
	{0x90020000, 0x00000000}, {0x40000000, 0x00000000},
	{0x1003F, 0x00000158},
	{0x90010001, 0x00000000}, {0x40000000, 0x00000000},
	{0x1003F, 0x00000158},
	{0x90020001, 0x00000000}, {0x40000000, 0x00000000},
	{0x1003F, 0x00000158},
	{0x90030001, 0x00000000}, {0x40000000, 0x00000000},
	{0x1003F, 0x00000158},
	{0x90040001, 0x00000000}, {0x40000000, 0x00000000},
	{0x1003F, 0x00000158},
	{0x90050001, 0x00000000}, {0x40000000, 0x00000000},
	{0x1003F, 0x00000158},
	{0x90060001, 0x00000000}, {0x40000000, 0x00000000},
	{0x1003F, 0x00000158},
	{0x90070001, 0x00000000}, {0x40000000, 0x00000000},
	{0x1003F, 0x00000158},
	{0x90080001, 0x00000000}, {0x40000000, 0x00000000},
	{0x1003F, 0x00000158},
	{0x90290001, 0x00000000}, {0x40000000, 0x00000000},
	{0x1003F, 0x00000158},
	{0x902b0001, 0x00000000}, {0x40000000, 0x00000000},
	{0x1003F, 0x00000158},
	{0xA0000000, 0x00000000},
	{0x1003F, 0x00000191},
	{0xB0000000, 0x00000000},
	{0x10033, 0x000000C5},
	{0x80010000, 0x00000000}, {0x40000000, 0x00000000},
	{0x1003F, 0x0000011F},
	{0x90020000, 0x00000000}, {0x40000000, 0x00000000},
	{0x1003F, 0x0000011F},
	{0x90010001, 0x00000000}, {0x40000000, 0x00000000},
	{0x1003F, 0x0000011F},
	{0x90020001, 0x00000000}, {0x40000000, 0x00000000},
	{0x1003F, 0x0000011F},
	{0x90030001, 0x00000000}, {0x40000000, 0x00000000},
	{0x1003F, 0x0000011F},
	{0x90040001, 0x00000000}, {0x40000000, 0x00000000},
	{0x1003F, 0x0000011F},
	{0x90050001, 0x00000000}, {0x40000000, 0x00000000},
	{0x1003F, 0x0000011F},
	{0x90060001, 0x00000000}, {0x40000000, 0x00000000},
	{0x1003F, 0x0000011F},
	{0x90070001, 0x00000000}, {0x40000000, 0x00000000},
	{0x1003F, 0x0000011F},
	{0x90080001, 0x00000000}, {0x40000000, 0x00000000},
	{0x1003F, 0x0000011F},
	{0x90290001, 0x00000000}, {0x40000000, 0x00000000},
	{0x1003F, 0x0000011F},
	{0x902b0001, 0x00000000}, {0x40000000, 0x00000000},
	{0x1003F, 0x0000011F},
	{0xA0000000, 0x00000000},
	{0x1003F, 0x0000018B},
	{0xB0000000, 0x00000000},
	{0x10033, 0x000000C6},
	{0x80010000, 0x00000000}, {0x40000000, 0x00000000},
	{0x1003F, 0x00000119},
	{0x90020000, 0x00000000}, {0x40000000, 0x00000000},
	{0x1003F, 0x00000119},
	{0x90010001, 0x00000000}, {0x40000000, 0x00000000},
	{0x1003F, 0x00000119},
	{0x90020001, 0x00000000}, {0x40000000, 0x00000000},
	{0x1003F, 0x00000119},
	{0x90030001, 0x00000000}, {0x40000000, 0x00000000},
	{0x1003F, 0x00000119},
	{0x90040001, 0x00000000}, {0x40000000, 0x00000000},
	{0x1003F, 0x00000119},
	{0x90050001, 0x00000000}, {0x40000000, 0x00000000},
	{0x1003F, 0x00000119},
	{0x90060001, 0x00000000}, {0x40000000, 0x00000000},
	{0x1003F, 0x00000119},
	{0x90070001, 0x00000000}, {0x40000000, 0x00000000},
	{0x1003F, 0x00000119},
	{0x90080001, 0x00000000}, {0x40000000, 0x00000000},
	{0x1003F, 0x00000119},
	{0x90290001, 0x00000000}, {0x40000000, 0x00000000},
	{0x1003F, 0x00000119},
	{0x902b0001, 0x00000000}, {0x40000000, 0x00000000},
	{0x1003F, 0x00000119},
	{0xA0000000, 0x00000000},
	{0x1003F, 0x0000014D},
	{0xB0000000, 0x00000000},
	{0x10033, 0x000000C7},
	{0x80010000, 0x00000000}, {0x40000000, 0x00000000},
	{0x1003F, 0x000000DF},
	{0x90020000, 0x00000000}, {0x40000000, 0x00000000},
	{0x1003F, 0x000000DF},
	{0x90010001, 0x00000000}, {0x40000000, 0x00000000},
	{0x1003F, 0x000000DF},
	{0x90020001, 0x00000000}, {0x40000000, 0x00000000},
	{0x1003F, 0x000000DF},
	{0x90030001, 0x00000000}, {0x40000000, 0x00000000},
	{0x1003F, 0x000000DF},
	{0x90040001, 0x00000000}, {0x40000000, 0x00000000},
	{0x1003F, 0x000000DF},
	{0x90050001, 0x00000000}, {0x40000000, 0x00000000},
	{0x1003F, 0x000000DF},
	{0x90060001, 0x00000000}, {0x40000000, 0x00000000},
	{0x1003F, 0x000000DF},
	{0x90070001, 0x00000000}, {0x40000000, 0x00000000},
	{0x1003F, 0x000000DF},
	{0x90080001, 0x00000000}, {0x40000000, 0x00000000},
	{0x1003F, 0x000000DF},
	{0x90290001, 0x00000000}, {0x40000000, 0x00000000},
	{0x1003F, 0x000000DF},
	{0x902b0001, 0x00000000}, {0x40000000, 0x00000000},
	{0x1003F, 0x000000DF},
	{0xA0000000, 0x00000000},
	{0x1003F, 0x0000010B},
	{0xB0000000, 0x00000000},
	{0x10033, 0x000000C8},
	{0x80010000, 0x00000000}, {0x40000000, 0x00000000},
	{0x1003F, 0x000000D9},
	{0x90020000, 0x00000000}, {0x40000000, 0x00000000},
	{0x1003F, 0x000000D9},
	{0x90010001, 0x00000000}, {0x40000000, 0x00000000},
	{0x1003F, 0x000000D9},
	{0x90020001, 0x00000000}, {0x40000000, 0x00000000},
	{0x1003F, 0x000000D9},
	{0x90030001, 0x00000000}, {0x40000000, 0x00000000},
	{0x1003F, 0x000000D9},
	{0x90040001, 0x00000000}, {0x40000000, 0x00000000},
	{0x1003F, 0x000000D9},
	{0x90050001, 0x00000000}, {0x40000000, 0x00000000},
	{0x1003F, 0x000000D9},
	{0x90060001, 0x00000000}, {0x40000000, 0x00000000},
	{0x1003F, 0x000000D9},
	{0x90070001, 0x00000000}, {0x40000000, 0x00000000},
	{0x1003F, 0x000000D9},
	{0x90080001, 0x00000000}, {0x40000000, 0x00000000},
	{0x1003F, 0x000000D9},
	{0x90290001, 0x00000000}, {0x40000000, 0x00000000},
	{0x1003F, 0x000000D9},
	{0x902b0001, 0x00000000}, {0x40000000, 0x00000000},
	{0x1003F, 0x000000D9},
	{0xA0000000, 0x00000000},
	{0x1003F, 0x000000DF},
	{0xB0000000, 0x00000000},
	{0x10033, 0x000000C9},
	{0x80010000, 0x00000000}, {0x40000000, 0x00000000},
	{0x1003F, 0x0000009F},
	{0x90020000, 0x00000000}, {0x40000000, 0x00000000},
	{0x1003F, 0x0000009F},
	{0x90010001, 0x00000000}, {0x40000000, 0x00000000},
	{0x1003F, 0x0000009F},
	{0x90020001, 0x00000000}, {0x40000000, 0x00000000},
	{0x1003F, 0x0000009F},
	{0x90030001, 0x00000000}, {0x40000000, 0x00000000},
	{0x1003F, 0x0000009F},
	{0x90040001, 0x00000000}, {0x40000000, 0x00000000},
	{0x1003F, 0x0000009F},
	{0x90050001, 0x00000000}, {0x40000000, 0x00000000},
	{0x1003F, 0x0000009F},
	{0x90060001, 0x00000000}, {0x40000000, 0x00000000},
	{0x1003F, 0x0000009F},
	{0x90070001, 0x00000000}, {0x40000000, 0x00000000},
	{0x1003F, 0x0000009F},
	{0x90080001, 0x00000000}, {0x40000000, 0x00000000},
	{0x1003F, 0x0000009F},
	{0x90290001, 0x00000000}, {0x40000000, 0x00000000},
	{0x1003F, 0x0000009F},
	{0x902b0001, 0x00000000}, {0x40000000, 0x00000000},
	{0x1003F, 0x0000009F},
	{0xA0000000, 0x00000000},
	{0x1003F, 0x000000D9},
	{0xB0000000, 0x00000000},
	{0x10033, 0x000000CA},
	{0x80010000, 0x00000000}, {0x40000000, 0x00000000},
	{0x1003F, 0x00000099},
	{0x90020000, 0x00000000}, {0x40000000, 0x00000000},
	{0x1003F, 0x00000099},
	{0x90010001, 0x00000000}, {0x40000000, 0x00000000},
	{0x1003F, 0x00000099},
	{0x90020001, 0x00000000}, {0x40000000, 0x00000000},
	{0x1003F, 0x00000099},
	{0x90030001, 0x00000000}, {0x40000000, 0x00000000},
	{0x1003F, 0x00000099},
	{0x90040001, 0x00000000}, {0x40000000, 0x00000000},
	{0x1003F, 0x00000099},
	{0x90050001, 0x00000000}, {0x40000000, 0x00000000},
	{0x1003F, 0x00000099},
	{0x90060001, 0x00000000}, {0x40000000, 0x00000000},
	{0x1003F, 0x00000099},
	{0x90070001, 0x00000000}, {0x40000000, 0x00000000},
	{0x1003F, 0x00000099},
	{0x90080001, 0x00000000}, {0x40000000, 0x00000000},
	{0x1003F, 0x00000099},
	{0x90290001, 0x00000000}, {0x40000000, 0x00000000},
	{0x1003F, 0x00000099},
	{0x902b0001, 0x00000000}, {0x40000000, 0x00000000},
	{0x1003F, 0x00000099},
	{0xA0000000, 0x00000000},
	{0x1003F, 0x000000D3},
	{0xB0000000, 0x00000000},
	{0x10033, 0x000000CB},
	{0x80010000, 0x00000000}, {0x40000000, 0x00000000},
	{0x1003F, 0x0000005F},
	{0x90020000, 0x00000000}, {0x40000000, 0x00000000},
	{0x1003F, 0x0000005F},
	{0x90010001, 0x00000000}, {0x40000000, 0x00000000},
	{0x1003F, 0x0000005F},
	{0x90020001, 0x00000000}, {0x40000000, 0x00000000},
	{0x1003F, 0x0000005F},
	{0x90030001, 0x00000000}, {0x40000000, 0x00000000},
	{0x1003F, 0x0000005F},
	{0x90040001, 0x00000000}, {0x40000000, 0x00000000},
	{0x1003F, 0x0000005F},
	{0x90050001, 0x00000000}, {0x40000000, 0x00000000},
	{0x1003F, 0x0000005F},
	{0x90060001, 0x00000000}, {0x40000000, 0x00000000},
	{0x1003F, 0x0000005F},
	{0x90070001, 0x00000000}, {0x40000000, 0x00000000},
	{0x1003F, 0x0000005F},
	{0x90080001, 0x00000000}, {0x40000000, 0x00000000},
	{0x1003F, 0x0000005F},
	{0x90290001, 0x00000000}, {0x40000000, 0x00000000},
	{0x1003F, 0x0000005F},
	{0x902b0001, 0x00000000}, {0x40000000, 0x00000000},
	{0x1003F, 0x0000005F},
	{0xA0000000, 0x00000000},
	{0x1003F, 0x00000099},
	{0xB0000000, 0x00000000},
	{0x10033, 0x000000CC},
	{0x80010000, 0x00000000}, {0x40000000, 0x00000000},
	{0x1003F, 0x00000059},
	{0x90020000, 0x00000000}, {0x40000000, 0x00000000},
	{0x1003F, 0x00000059},
	{0x90010001, 0x00000000}, {0x40000000, 0x00000000},
	{0x1003F, 0x00000059},
	{0x90020001, 0x00000000}, {0x40000000, 0x00000000},
	{0x1003F, 0x00000059},
	{0x90030001, 0x00000000}, {0x40000000, 0x00000000},
	{0x1003F, 0x00000059},
	{0x90040001, 0x00000000}, {0x40000000, 0x00000000},
	{0x1003F, 0x00000059},
	{0x90050001, 0x00000000}, {0x40000000, 0x00000000},
	{0x1003F, 0x00000059},
	{0x90060001, 0x00000000}, {0x40000000, 0x00000000},
	{0x1003F, 0x00000059},
	{0x90070001, 0x00000000}, {0x40000000, 0x00000000},
	{0x1003F, 0x00000059},
	{0x90080001, 0x00000000}, {0x40000000, 0x00000000},
	{0x1003F, 0x00000059},
	{0x90290001, 0x00000000}, {0x40000000, 0x00000000},
	{0x1003F, 0x00000059},
	{0x902b0001, 0x00000000}, {0x40000000, 0x00000000},
	{0x1003F, 0x00000059},
	{0xA0000000, 0x00000000},
	{0x1003F, 0x00000093},
	{0xB0000000, 0x00000000},
	{0x10033, 0x000000CD},
	{0x80010000, 0x00000000}, {0x40000000, 0x00000000},
	{0x1003F, 0x0000001F},
	{0x90020000, 0x00000000}, {0x40000000, 0x00000000},
	{0x1003F, 0x0000001F},
	{0x90010001, 0x00000000}, {0x40000000, 0x00000000},
	{0x1003F, 0x0000001F},
	{0x90020001, 0x00000000}, {0x40000000, 0x00000000},
	{0x1003F, 0x0000001F},
	{0x90030001, 0x00000000}, {0x40000000, 0x00000000},
	{0x1003F, 0x0000001F},
	{0x90040001, 0x00000000}, {0x40000000, 0x00000000},
	{0x1003F, 0x0000001F},
	{0x90050001, 0x00000000}, {0x40000000, 0x00000000},
	{0x1003F, 0x0000001F},
	{0x90060001, 0x00000000}, {0x40000000, 0x00000000},
	{0x1003F, 0x0000001F},
	{0x90070001, 0x00000000}, {0x40000000, 0x00000000},
	{0x1003F, 0x0000001F},
	{0x90080001, 0x00000000}, {0x40000000, 0x00000000},
	{0x1003F, 0x0000001F},
	{0x90290001, 0x00000000}, {0x40000000, 0x00000000},
	{0x1003F, 0x0000001F},
	{0x902b0001, 0x00000000}, {0x40000000, 0x00000000},
	{0x1003F, 0x0000001F},
	{0xA0000000, 0x00000000},
	{0x1003F, 0x00000059},
	{0xB0000000, 0x00000000},
	{0x10033, 0x000000CE},
	{0x80010000, 0x00000000}, {0x40000000, 0x00000000},
	{0x1003F, 0x00000019},
	{0x90020000, 0x00000000}, {0x40000000, 0x00000000},
	{0x1003F, 0x00000019},
	{0x90010001, 0x00000000}, {0x40000000, 0x00000000},
	{0x1003F, 0x00000019},
	{0x90020001, 0x00000000}, {0x40000000, 0x00000000},
	{0x1003F, 0x00000019},
	{0x90030001, 0x00000000}, {0x40000000, 0x00000000},
	{0x1003F, 0x00000019},
	{0x90040001, 0x00000000}, {0x40000000, 0x00000000},
	{0x1003F, 0x00000019},
	{0x90050001, 0x00000000}, {0x40000000, 0x00000000},
	{0x1003F, 0x00000019},
	{0x90060001, 0x00000000}, {0x40000000, 0x00000000},
	{0x1003F, 0x00000019},
	{0x90070001, 0x00000000}, {0x40000000, 0x00000000},
	{0x1003F, 0x00000019},
	{0x90080001, 0x00000000}, {0x40000000, 0x00000000},
	{0x1003F, 0x00000019},
	{0x90290001, 0x00000000}, {0x40000000, 0x00000000},
	{0x1003F, 0x00000019},
	{0x902b0001, 0x00000000}, {0x40000000, 0x00000000},
	{0x1003F, 0x00000019},
	{0xA0000000, 0x00000000},
	{0x1003F, 0x00000053},
	{0xB0000000, 0x00000000},
	{0x10033, 0x000000CF},
	{0x80010000, 0x00000000}, {0x40000000, 0x00000000},
	{0x1003F, 0x00000013},
	{0x90020000, 0x00000000}, {0x40000000, 0x00000000},
	{0x1003F, 0x00000013},
	{0x90010001, 0x00000000}, {0x40000000, 0x00000000},
	{0x1003F, 0x00000013},
	{0x90020001, 0x00000000}, {0x40000000, 0x00000000},
	{0x1003F, 0x00000013},
	{0x90030001, 0x00000000}, {0x40000000, 0x00000000},
	{0x1003F, 0x00000013},
	{0x90040001, 0x00000000}, {0x40000000, 0x00000000},
	{0x1003F, 0x00000013},
	{0x90050001, 0x00000000}, {0x40000000, 0x00000000},
	{0x1003F, 0x00000013},
	{0x90060001, 0x00000000}, {0x40000000, 0x00000000},
	{0x1003F, 0x00000013},
	{0x90070001, 0x00000000}, {0x40000000, 0x00000000},
	{0x1003F, 0x00000013},
	{0x90080001, 0x00000000}, {0x40000000, 0x00000000},
	{0x1003F, 0x00000013},
	{0x90290001, 0x00000000}, {0x40000000, 0x00000000},
	{0x1003F, 0x00000013},
	{0x902b0001, 0x00000000}, {0x40000000, 0x00000000},
	{0x1003F, 0x00000013},
	{0xA0000000, 0x00000000},
	{0x1003F, 0x00000019},
	{0xB0000000, 0x00000000},
	{0x10033, 0x000000D0},
	{0x80010000, 0x00000000}, {0x40000000, 0x00000000},
	{0x1003F, 0x0000000D},
	{0x90020000, 0x00000000}, {0x40000000, 0x00000000},
	{0x1003F, 0x0000000D},
	{0x90010001, 0x00000000}, {0x40000000, 0x00000000},
	{0x1003F, 0x0000000D},
	{0x90020001, 0x00000000}, {0x40000000, 0x00000000},
	{0x1003F, 0x0000000D},
	{0x90030001, 0x00000000}, {0x40000000, 0x00000000},
	{0x1003F, 0x0000000D},
	{0x90040001, 0x00000000}, {0x40000000, 0x00000000},
	{0x1003F, 0x0000000D},
	{0x90050001, 0x00000000}, {0x40000000, 0x00000000},
	{0x1003F, 0x0000000D},
	{0x90060001, 0x00000000}, {0x40000000, 0x00000000},
	{0x1003F, 0x0000000D},
	{0x90070001, 0x00000000}, {0x40000000, 0x00000000},
	{0x1003F, 0x0000000D},
	{0x90080001, 0x00000000}, {0x40000000, 0x00000000},
	{0x1003F, 0x0000000D},
	{0x90290001, 0x00000000}, {0x40000000, 0x00000000},
	{0x1003F, 0x0000000D},
	{0x902b0001, 0x00000000}, {0x40000000, 0x00000000},
	{0x1003F, 0x0000000D},
	{0xA0000000, 0x00000000},
	{0x1003F, 0x00000013},
	{0xB0000000, 0x00000000},
	{0x10033, 0x000000D1},
	{0x80010000, 0x00000000}, {0x40000000, 0x00000000},
	{0x1003F, 0x00000007},
	{0x90020000, 0x00000000}, {0x40000000, 0x00000000},
	{0x1003F, 0x00000007},
	{0x90010001, 0x00000000}, {0x40000000, 0x00000000},
	{0x1003F, 0x00000007},
	{0x90020001, 0x00000000}, {0x40000000, 0x00000000},
	{0x1003F, 0x00000007},
	{0x90030001, 0x00000000}, {0x40000000, 0x00000000},
	{0x1003F, 0x00000007},
	{0x90040001, 0x00000000}, {0x40000000, 0x00000000},
	{0x1003F, 0x00000007},
	{0x90050001, 0x00000000}, {0x40000000, 0x00000000},
	{0x1003F, 0x00000007},
	{0x90060001, 0x00000000}, {0x40000000, 0x00000000},
	{0x1003F, 0x00000007},
	{0x90070001, 0x00000000}, {0x40000000, 0x00000000},
	{0x1003F, 0x00000007},
	{0x90080001, 0x00000000}, {0x40000000, 0x00000000},
	{0x1003F, 0x00000007},
	{0x90290001, 0x00000000}, {0x40000000, 0x00000000},
	{0x1003F, 0x00000007},
	{0x902b0001, 0x00000000}, {0x40000000, 0x00000000},
	{0x1003F, 0x00000007},
	{0xA0000000, 0x00000000},
	{0x1003F, 0x0000000D},
	{0xB0000000, 0x00000000},
	{0x100EE, 0x00000000},
	{0x100EE, 0x00002000},
	{0x10033, 0x00000000},
	{0x1003F, 0x000000F6},
	{0x10033, 0x00000001},
	{0x1003F, 0x000000F3},
	{0x10033, 0x00000002},
	{0x1003F, 0x000000F0},
	{0x10033, 0x00000003},
	{0x1003F, 0x000000ED},
	{0x10033, 0x00000004},
	{0x1003F, 0x000000EA},
	{0x10033, 0x00000005},
	{0x1003F, 0x000000E7},
	{0x10033, 0x00000006},
	{0x1003F, 0x000000A6},
	{0x10033, 0x00000007},
	{0x1003F, 0x000000A3},
	{0x10033, 0x00000008},
	{0x1003F, 0x00000063},
	{0x10033, 0x00000009},
	{0x1003F, 0x00000060},
	{0x10033, 0x0000000A},
	{0x1003F, 0x00000023},
	{0x10033, 0x0000000B},
	{0x1003F, 0x00000020},
	{0x10033, 0x0000000C},
	{0x1003F, 0x0000001D},
	{0x10033, 0x0000000D},
	{0x1003F, 0x0000001A},
	{0x10033, 0x0000000E},
	{0x1003F, 0x00000017},
	{0x10033, 0x0000000F},
	{0x1003F, 0x00000014},
	{0x10033, 0x00000010},
	{0x1003F, 0x00000011},
	{0x100EE, 0x00000000},
	{0x100EE, 0x00004000},
	{0x10033, 0x00000000},
	{0x1003F, 0x000001AF},
	{0x10033, 0x00000001},
	{0x1003F, 0x000001A9},
	{0x10033, 0x00000002},
	{0x1003F, 0x000001A3},
	{0x10033, 0x00000003},
	{0x1003F, 0x0000019D},
	{0x10033, 0x00000004},
	{0x1003F, 0x00000197},
	{0x10033, 0x00000005},
	{0x1003F, 0x0000015F},
	{0x10033, 0x00000006},
	{0x1003F, 0x00000159},
	{0x10033, 0x00000007},
	{0x1003F, 0x0000011F},
	{0x10033, 0x00000008},
	{0x1003F, 0x00000119},
	{0x10033, 0x00000009},
	{0x1003F, 0x000000DF},
	{0x10033, 0x0000000A},
	{0x1003F, 0x000000D9},
	{0x10033, 0x0000000B},
	{0x1003F, 0x0000009F},
	{0x10033, 0x0000000C},
	{0x1003F, 0x00000099},
	{0x10033, 0x0000000D},
	{0x1003F, 0x0000005F},
	{0x10033, 0x0000000E},
	{0x1003F, 0x00000059},
	{0x10033, 0x0000000F},
	{0x1003F, 0x0000001F},
	{0x10033, 0x00000010},
	{0x1003F, 0x00000019},
	{0x10033, 0x00000011},
	{0x1003F, 0x00000013},
	{0x100EE, 0x00000000},
	{0x10005, 0x00000001},
	{0x09F, 0x00000032},
};
const RadioTable radioBTable{radioBRegisters,sizeof(radioBRegisters)/sizeof(RadioRegister),RadioTableKind::radio,1};

static const RadioRegister nctlRegisters[] = {
	{0x8000, 0x00000008},
	{0x8008, 0x00000000},
	{0x8004, 0xf0862966},
	{0x800c, 0x78000000},
	{0x8010, 0x88015000},
	{0x8014, 0x80010100},
	{0x8018, 0x10010100},
	{0x801c, 0xa210bc00},
	{0x8020, 0x000403e0},
	{0x8024, 0x00072160},
	{0x8028, 0x00180e00},
	{0x8030, 0x400000c0},
	{0x8034, 0x11000830},
	{0x8038, 0x00000009},
	{0x803c, 0x00000008},
	{0x8040, 0x00000046},
	{0x8044, 0x0010001f},
	{0x8048, 0xf0000003},
	{0x804c, 0x62ac6162},
	{0x8050, 0xf2acf162},
	{0x8054, 0x62ac6162},
	{0x8058, 0xf2acf162},
	{0x805c, 0x150c0b02},
	{0x8060, 0x150c0b02},
	{0x8064, 0x2aa00047},
	{0x8074, 0x80000000},
	{0x807c, 0x000000ee},
	{0x8088, 0x80000000},
	{0x8098, 0x0000ff00},
	{0x809c, 0x0000001f},
	{0x80a0, 0x00010300},
	{0x80b8, 0x00001000},
	{0x80b0, 0x00000000},
	{0x80d0, 0x00000000},
	{0x80ec, 0x00000002},
	{0x810c, 0x33112200},
	{0x8110, 0x33112200},
	{0x8114, 0x00000000},
	{0x8120, 0x10010000},
	{0x8124, 0x00000000},
	{0x812c, 0x0000c000},
	{0x8138, 0x40000000},
	{0x813c, 0x40000000},
	{0x8140, 0x00000000},
	{0x8144, 0x0b040b03},
	{0x8148, 0x0a050b04},
	{0x814c, 0x0a050b04},
	{0x8150, 0xe4e40000},
	{0x8158, 0xffffffff},
	{0x815c, 0xffffffff},
	{0x8160, 0xffffffff},
	{0x8164, 0xffffffff},
	{0x8168, 0xffffffff},
	{0x816c, 0x1fffffff},
	{0x81a0, 0x00000000},
	{0x81ac, 0x003f2e2e},
	{0x81b0, 0x003f2e2e},
	{0x81bc, 0x005b5b5b},
	{0x81c0, 0x005b5b5b},
	{0x81b4, 0x00600060},
	{0x81b8, 0x00600060},
	{0x81cc, 0x00000000},
	{0x81dc, 0x00000002},
	{0x81e0, 0x00000000},
	{0x81e4, 0x00000001},
	{0x820c, 0x33112200},
	{0x8210, 0x33112200},
	{0x8214, 0x00000000},
	{0x8220, 0x10010000},
	{0x8224, 0x00000000},
	{0x822c, 0x0000d000},
	{0x8238, 0x40000000},
	{0x823c, 0x40000000},
	{0x8240, 0x00000000},
	{0x8244, 0x0b040b03},
	{0x8248, 0x0a050b04},
	{0x824c, 0x0a050b04},
	{0x8250, 0xe4e40000},
	{0x8258, 0xffffffff},
	{0x825c, 0xffffffff},
	{0x8260, 0xffffffff},
	{0x8264, 0xffffffff},
	{0x8268, 0xffffffff},
	{0x826c, 0x1fffffff},
	{0x82a0, 0x00000000},
	{0x82ac, 0x003f2e2e},
	{0x82b0, 0x003f2e2e},
	{0x82bc, 0x005b5b5b},
	{0x82c0, 0x005b5b5b},
	{0x82b4, 0x00600060},
	{0x82b8, 0x00600060},
	{0x82cc, 0x00000000},
	{0x82dc, 0x00000002},
	{0x82e0, 0x00100000},
	{0x82e4, 0x00000001},
	{0x81d8, 0x00000001},
	{0x82d8, 0x00000001},
	{0x8d00, 0x00000000},
	{0x8d04, 0x00000000},
	{0x8d08, 0x00000000},
	{0x8d0c, 0x00000000},
	{0x8d10, 0x00000000},
	{0x8d14, 0x00000000},
	{0x8d18, 0x00000000},
	{0x8d1c, 0x00000000},
	{0x8d20, 0x00000000},
	{0x8d24, 0x00000000},
	{0x8d28, 0x00000000},
	{0x8d2c, 0x00000000},
	{0x8d30, 0x00000000},
	{0x8d34, 0x00000000},
	{0x8d38, 0x00000000},
	{0x8d3c, 0x00000000},
	{0x8d40, 0x00000000},
	{0x8d44, 0x00000000},
	{0x8d48, 0x00000000},
	{0x8d4c, 0x00000000},
	{0x8d50, 0x00000000},
	{0x8d54, 0x00000000},
	{0x8d58, 0x00000000},
	{0x8d5c, 0x00000000},
	{0x8d60, 0x00000000},
	{0x8d64, 0x00000000},
	{0x8d68, 0x00000000},
	{0x8d6c, 0x00000000},
	{0x8d70, 0x00000000},
	{0x8d74, 0x00000000},
	{0x8d78, 0x00000000},
	{0x8d7c, 0x00000000},
	{0x8d80, 0x00000000},
	{0x8d84, 0x00000000},
	{0x8d88, 0x00000000},
	{0x8d8c, 0x00000000},
	{0x8d90, 0x00000000},
	{0x8d94, 0x00000000},
	{0x8d98, 0x00000000},
	{0x8d9c, 0x00000000},
	{0x8da0, 0x00000000},
	{0x8da4, 0x00000000},
	{0x8da8, 0x00000000},
	{0x8dac, 0x00000000},
	{0x8db0, 0x00000000},
	{0x8db4, 0x00000000},
	{0x8db8, 0x00000000},
	{0x8dbc, 0x00000000},
	{0x8dc0, 0x00000000},
	{0x8dc4, 0x00000000},
	{0x8dc8, 0x00000000},
	{0x8dcc, 0x00000000},
	{0x8dd0, 0x00000000},
	{0x8dd4, 0x00000000},
	{0x8dd8, 0x00000000},
	{0x8ddc, 0x00000000},
	{0x8de0, 0x00000000},
	{0x8de4, 0x00000000},
	{0x8de8, 0x00000000},
	{0x8dec, 0x00000000},
	{0x8df0, 0x00000000},
	{0x8df4, 0x00000000},
	{0x8df8, 0x00000000},
	{0x8dfc, 0x00000000},
	{0x8e00, 0x00000000},
	{0x8e04, 0x00000000},
	{0x8e08, 0x00000000},
	{0x8e0c, 0x00000000},
	{0x8e10, 0x00000000},
	{0x8e14, 0x00000000},
	{0x8e18, 0x00000000},
	{0x8e1c, 0x00000000},
	{0x8e20, 0x00000000},
	{0x8e24, 0x00000000},
	{0x8e28, 0x00000000},
	{0x8e2c, 0x00000000},
	{0x8e30, 0x00000000},
	{0x8e34, 0x00000000},
	{0x8e38, 0x00000000},
	{0x8e3c, 0x00000000},
	{0x8e40, 0x00000000},
	{0x8e44, 0x00000000},
	{0x8e48, 0x00000000},
	{0x8e4c, 0x00000000},
	{0x8e50, 0x00000000},
	{0x8e54, 0x00000000},
	{0x8e58, 0x00000000},
	{0x8e5c, 0x00000000},
	{0x8e60, 0x00000000},
	{0x8e64, 0x00000000},
	{0x8e68, 0x00000000},
	{0x8e6c, 0x00000000},
	{0x8e70, 0x00000000},
	{0x8e74, 0x00000000},
	{0x8e78, 0x00000000},
	{0x8e7c, 0x00000000},
	{0x8e80, 0x00000000},
	{0x8e84, 0x00000000},
	{0x8e88, 0x00000000},
	{0x8e8c, 0x00000000},
	{0x8e90, 0x00000000},
	{0x8e94, 0x00000000},
	{0x8e98, 0x00000000},
	{0x8e9c, 0x00000000},
	{0x8ea0, 0x00000000},
	{0x8ea4, 0x00000000},
	{0x8ea8, 0x00000000},
	{0x8eac, 0x00000000},
	{0x8eb0, 0x00000000},
	{0x8eb4, 0x00000000},
	{0x8eb8, 0x00000000},
	{0x8ebc, 0x00000000},
	{0x8ec0, 0x00000000},
	{0x8ec4, 0x00000000},
	{0x8ec8, 0x00000000},
	{0x8ecc, 0x00000000},
	{0x8ed0, 0x00000000},
	{0x8ed4, 0x00000000},
	{0x8ed8, 0x00000000},
	{0x8edc, 0x00000000},
	{0x8ee0, 0x00000000},
	{0x8ee4, 0x00000000},
	{0x8ee8, 0x00000000},
	{0x8eec, 0x00000000},
	{0x8ef0, 0x00000000},
	{0x8ef4, 0x00000000},
	{0x8ef8, 0x00000000},
	{0x8efc, 0x00000000},
	{0x8f00, 0x00000000},
	{0x8f04, 0x00000000},
	{0x8f08, 0x00000000},
	{0x8f0c, 0x00000000},
	{0x8f10, 0x00000000},
	{0x8f14, 0x00000000},
	{0x8f18, 0x00000000},
	{0x8f1c, 0x00000000},
	{0x8f20, 0x00000000},
	{0x8f24, 0x00000000},
	{0x8f28, 0x00000000},
	{0x8f2c, 0x00000000},
	{0x8f30, 0x00000000},
	{0x8f34, 0x00000000},
	{0x8f38, 0x00000000},
	{0x8f3c, 0x00000000},
	{0x8f40, 0x00000000},
	{0x8f44, 0x00000000},
	{0x8f48, 0x00000000},
	{0x8f4c, 0x00000000},
	{0x8f50, 0x00000000},
	{0x8f54, 0x00000000},
	{0x8f58, 0x00000000},
	{0x8f5c, 0x00000000},
	{0x8f60, 0x00000000},
	{0x8f64, 0x00000000},
	{0x8f68, 0x00000000},
	{0x8f6c, 0x00000000},
	{0x8f70, 0x00000000},
	{0x8f74, 0x00000000},
	{0x8f78, 0x00000000},
	{0x8f7c, 0x00000000},
	{0x8f80, 0x00000000},
	{0x8f84, 0x00000000},
	{0x8f88, 0x00000000},
	{0x8f8c, 0x00000000},
	{0x8f90, 0x00000000},
	{0x8f94, 0x00000000},
	{0x8f98, 0x00000000},
	{0x8f9c, 0x00000000},
	{0x8fa0, 0x00000000},
	{0x8fa4, 0x00000000},
	{0x8fa8, 0x00000000},
	{0x8fac, 0x00000000},
	{0x8fb0, 0x00000000},
	{0x8fb4, 0x00000000},
	{0x8fb8, 0x00000000},
	{0x8fbc, 0x00000000},
	{0x8fc0, 0x00000000},
	{0x8fc4, 0x00000000},
	{0x8fc8, 0x00000000},
	{0x8fcc, 0x00000000},
	{0x8fd0, 0x00000000},
	{0x8fd4, 0x00000000},
	{0x8fd8, 0x00000000},
	{0x8fdc, 0x00000000},
	{0x8fe0, 0x00000000},
	{0x8fe4, 0x00000000},
	{0x8fe8, 0x00000000},
	{0x8fec, 0x00000000},
	{0x8ff0, 0x00000000},
	{0x8ff4, 0x00000000},
	{0x8ff8, 0x00000000},
	{0x8ffc, 0x00000000},
	{0x9000, 0x00000000},
	{0x9004, 0x00000000},
	{0x9008, 0x00000000},
	{0x900c, 0x00000000},
	{0x9010, 0x00000000},
	{0x9014, 0x00000000},
	{0x9018, 0x00000000},
	{0x901c, 0x00000000},
	{0x9020, 0x00000000},
	{0x9024, 0x00000000},
	{0x9028, 0x00000000},
	{0x902c, 0x00000000},
	{0x9030, 0x00000000},
	{0x9034, 0x00000000},
	{0x9038, 0x00000000},
	{0x903c, 0x00000000},
	{0x9040, 0x00000000},
	{0x9044, 0x00000000},
	{0x9048, 0x00000000},
	{0x904c, 0x00000000},
	{0x9050, 0x00000000},
	{0x9054, 0x00000000},
	{0x9058, 0x00000000},
	{0x905c, 0x00000000},
	{0x9060, 0x00000000},
	{0x9064, 0x00000000},
	{0x9068, 0x00000000},
	{0x906c, 0x00000000},
	{0x9070, 0x00000000},
	{0x9074, 0x00000000},
	{0x9078, 0x00000000},
	{0x907c, 0x00000000},
	{0x9080, 0x00000000},
	{0x9084, 0x00000000},
	{0x9088, 0x00000000},
	{0x908c, 0x00000000},
	{0x9090, 0x00000000},
	{0x9094, 0x00000000},
	{0x9098, 0x00000000},
	{0x909c, 0x00000000},
	{0x90a0, 0x00000000},
	{0x90a4, 0x00000000},
	{0x90a8, 0x00000000},
	{0x90ac, 0x00000000},
	{0x90b0, 0x00000000},
	{0x90b4, 0x00000000},
	{0x90b8, 0x00000000},
	{0x90bc, 0x00000000},
	{0x9100, 0x00000000},
	{0x9104, 0x00000000},
	{0x9108, 0x00000000},
	{0x910c, 0x00000000},
	{0x9110, 0x00000000},
	{0x9114, 0x00000000},
	{0x9118, 0x00000000},
	{0x911c, 0x00000000},
	{0x9120, 0x00000000},
	{0x9124, 0x00000000},
	{0x9128, 0x00000000},
	{0x912c, 0x00000000},
	{0x9130, 0x00000000},
	{0x9134, 0x00000000},
	{0x9138, 0x00000000},
	{0x913c, 0x00000000},
	{0x9140, 0x00000000},
	{0x9144, 0x00000000},
	{0x9148, 0x00000000},
	{0x914c, 0x00000000},
	{0x9150, 0x00000000},
	{0x9154, 0x00000000},
	{0x9158, 0x00000000},
	{0x915c, 0x00000000},
	{0x9160, 0x00000000},
	{0x9164, 0x00000000},
	{0x9168, 0x00000000},
	{0x916c, 0x00000000},
	{0x9170, 0x00000000},
	{0x9174, 0x00000000},
	{0x9178, 0x00000000},
	{0x917c, 0x00000000},
	{0x9180, 0x00000000},
	{0x9184, 0x00000000},
	{0x9188, 0x00000000},
	{0x918c, 0x00000000},
	{0x9190, 0x00000000},
	{0x9194, 0x00000000},
	{0x9198, 0x00000000},
	{0x919c, 0x00000000},
	{0x91a0, 0x00000000},
	{0x91a4, 0x00000000},
	{0x91a8, 0x00000000},
	{0x91ac, 0x00000000},
	{0x91b0, 0x00000000},
	{0x91b4, 0x00000000},
	{0x91b8, 0x00000000},
	{0x91bc, 0x00000000},
	{0x91c0, 0x00000000},
	{0x91c4, 0x00000000},
	{0x91c8, 0x00000000},
	{0x91cc, 0x00000000},
	{0x91d0, 0x00000000},
	{0x91d4, 0x00000000},
	{0x91d8, 0x00000000},
	{0x91dc, 0x00000000},
	{0x91e0, 0x00000000},
	{0x91e4, 0x00000000},
	{0x91e8, 0x00000000},
	{0x91ec, 0x00000000},
	{0x91f0, 0x00000000},
	{0x91f4, 0x00000000},
	{0x91f8, 0x00000000},
	{0x91fc, 0x00000000},
	{0x9200, 0x00000000},
	{0x9204, 0x00000000},
	{0x9208, 0x00000000},
	{0x920c, 0x00000000},
	{0x9210, 0x00000000},
	{0x9214, 0x00000000},
	{0x9218, 0x00000000},
	{0x921c, 0x00000000},
	{0x9220, 0x00000000},
	{0x9224, 0x00000000},
	{0x9228, 0x00000000},
	{0x922c, 0x00000000},
	{0x9230, 0x00000000},
	{0x9234, 0x00000000},
	{0x9238, 0x00000000},
	{0x923c, 0x00000000},
	{0x9240, 0x00000000},
	{0x9244, 0x00000000},
	{0x9248, 0x00000000},
	{0x924c, 0x00000000},
	{0x9250, 0x00000000},
	{0x9254, 0x00000000},
	{0x9258, 0x00000000},
	{0x925c, 0x00000000},
	{0x9260, 0x00000000},
	{0x9264, 0x00000000},
	{0x9268, 0x00000000},
	{0x926c, 0x00000000},
	{0x9270, 0x00000000},
	{0x9274, 0x00000000},
	{0x9278, 0x00000000},
	{0x927c, 0x00000000},
	{0x9280, 0x00000000},
	{0x9284, 0x00000000},
	{0x9288, 0x00000000},
	{0x928c, 0x00000000},
	{0x9290, 0x00000000},
	{0x9294, 0x00000000},
	{0x9298, 0x00000000},
	{0x929c, 0x00000000},
	{0x92a0, 0x00000000},
	{0x92a4, 0x00000000},
	{0x92a8, 0x00000000},
	{0x92ac, 0x00000000},
	{0x92b0, 0x00000000},
	{0x92b4, 0x00000000},
	{0x92b8, 0x00000000},
	{0x92bc, 0x00000000},
	{0x92c0, 0x00000000},
	{0x92c4, 0x00000000},
	{0x92c8, 0x00000000},
	{0x92cc, 0x00000000},
	{0x92d0, 0x00000000},
	{0x92d4, 0x00000000},
	{0x92d8, 0x00000000},
	{0x92dc, 0x00000000},
	{0x92e0, 0x00000000},
	{0x92e4, 0x00000000},
	{0x92e8, 0x00000000},
	{0x92ec, 0x00000000},
	{0x92f0, 0x00000000},
	{0x92f4, 0x00000000},
	{0x92f8, 0x00000000},
	{0x92fc, 0x00000000},
	{0x9300, 0x00000000},
	{0x9304, 0x00000000},
	{0x9308, 0x00000000},
	{0x930c, 0x00000000},
	{0x9310, 0x00000000},
	{0x9314, 0x00000000},
	{0x9318, 0x00000000},
	{0x931c, 0x00000000},
	{0x9320, 0x00000000},
	{0x9324, 0x00000000},
	{0x9328, 0x00000000},
	{0x932c, 0x00000000},
	{0x9330, 0x00000000},
	{0x9334, 0x00000000},
	{0x9338, 0x00000000},
	{0x933c, 0x00000000},
	{0x9340, 0x00000000},
	{0x9344, 0x00000000},
	{0x9348, 0x00000000},
	{0x934c, 0x00000000},
	{0x9350, 0x00000000},
	{0x9354, 0x00000000},
	{0x9358, 0x00000000},
	{0x935c, 0x00000000},
	{0x9360, 0x00000000},
	{0x9364, 0x00000000},
	{0x9368, 0x00000000},
	{0x936c, 0x00000000},
	{0x9370, 0x00000000},
	{0x9374, 0x00000000},
	{0x9378, 0x00000000},
	{0x937c, 0x00000000},
	{0x9380, 0x00000000},
	{0x9384, 0x00000000},
	{0x9388, 0x00000000},
	{0x938c, 0x00000000},
	{0x9390, 0x00000000},
	{0x9394, 0x00000000},
	{0x9398, 0x00000000},
	{0x939c, 0x00000000},
	{0x93a0, 0x00000000},
	{0x93a4, 0x00000000},
	{0x93a8, 0x00000000},
	{0x93ac, 0x00000000},
	{0x93b0, 0x00000000},
	{0x93b4, 0x00000000},
	{0x93b8, 0x00000000},
	{0x93bc, 0x00000000},
	{0x93c0, 0x00000000},
	{0x93c4, 0x00000000},
	{0x93c8, 0x00000000},
	{0x93cc, 0x00000000},
	{0x93d0, 0x00000000},
	{0x93d4, 0x00000000},
	{0x93d8, 0x00000000},
	{0x93dc, 0x00000000},
	{0x93e0, 0x00000000},
	{0x93e4, 0x00000000},
	{0x93e8, 0x00000000},
	{0x93ec, 0x00000000},
	{0x93f0, 0x00000000},
	{0x93f4, 0x00000000},
	{0x93f8, 0x00000000},
	{0x93fc, 0x00000000},
	{0x9400, 0x00000000},
	{0x9404, 0x00000000},
	{0x9408, 0x00000000},
	{0x940c, 0x00000000},
	{0x9410, 0x00000000},
	{0x9414, 0x00000000},
	{0x9418, 0x00000000},
	{0x941c, 0x00000000},
	{0x9420, 0x00000000},
	{0x9424, 0x00000000},
	{0x9428, 0x00000000},
	{0x942c, 0x00000000},
	{0x9430, 0x00000000},
	{0x9434, 0x00000000},
	{0x9438, 0x00000000},
	{0x943c, 0x00000000},
	{0x9440, 0x00000000},
	{0x9444, 0x00000000},
	{0x9448, 0x00000000},
	{0x944c, 0x00000000},
	{0x9450, 0x00000000},
	{0x9454, 0x00000000},
	{0x9458, 0x00000000},
	{0x945c, 0x00000000},
	{0x9460, 0x00000000},
	{0x9464, 0x00000000},
	{0x9468, 0x00000000},
	{0x946c, 0x00000000},
	{0x9470, 0x00000000},
	{0x9474, 0x00000000},
	{0x9478, 0x00000000},
	{0x947c, 0x00000000},
	{0x9480, 0x00000000},
	{0x9484, 0x00000000},
	{0x9488, 0x00000000},
	{0x948c, 0x00000000},
	{0x9490, 0x00000000},
	{0x9494, 0x00000000},
	{0x9498, 0x00000000},
	{0x949c, 0x00000000},
	{0x94a0, 0x00000000},
	{0x94a4, 0x00000000},
	{0x94a8, 0x00000000},
	{0x94ac, 0x00000000},
	{0x94b0, 0x00000000},
	{0x94b4, 0x00000000},
	{0x94b8, 0x00000000},
	{0x94bc, 0x00000000},
	{0xa220, 0x00000000},
	{0xa224, 0x00000000},
	{0xa228, 0x00000000},
	{0xa22c, 0x00000000},
	{0xa230, 0x00000000},
	{0xa234, 0x00000000},
	{0xa238, 0x00000000},
	{0xa23c, 0x00000000},
	{0xa240, 0x00000000},
	{0xa244, 0x00000000},
	{0xa248, 0x00000000},
	{0xa24c, 0x00000000},
	{0xa250, 0x00000000},
	{0xa254, 0x00000000},
	{0xa258, 0x00000000},
	{0xa25c, 0x00000000},
	{0xa260, 0x00000000},
	{0xa264, 0x00000000},
	{0xa268, 0x00000000},
	{0xa26c, 0x00000000},
	{0xa270, 0x00000000},
	{0xa274, 0x00000000},
	{0xa278, 0x00000000},
	{0xa27c, 0x00000000},
	{0xa280, 0x00000000},
	{0xa284, 0x00000000},
	{0xa288, 0x00000000},
	{0xa28c, 0x00000000},
	{0xa290, 0x00000000},
	{0xa294, 0x00000000},
	{0xa298, 0x00000000},
	{0xa29c, 0x00000000},
	{0xa2a0, 0x00000000},
	{0xa2a4, 0x00000000},
	{0xa2a8, 0x00000000},
	{0xa2ac, 0x00000000},
	{0xa2b0, 0x00000000},
	{0xa2b4, 0x00000000},
	{0xa2b8, 0x00000000},
	{0xa2bc, 0x00000000},
	{0xa2c0, 0x00000000},
	{0xa2c4, 0x00000000},
	{0xa2c8, 0x00000000},
	{0xa2cc, 0x00000000},
	{0xa2d0, 0x00000000},
	{0xa2d4, 0x00000000},
	{0xa2d8, 0x00000000},
	{0xa2dc, 0x00000000},
	{0xa2e0, 0x00000000},
	{0xa2e4, 0x00000000},
	{0xa2e8, 0x00000000},
	{0xa2ec, 0x00000000},
	{0xa2f0, 0x00000000},
	{0xa2f4, 0x00000000},
	{0xa2f8, 0x00000000},
	{0xa2fc, 0x00000000},
	{0xa300, 0x00000000},
	{0xa304, 0x00000000},
	{0xa308, 0x00000000},
	{0xa30c, 0x00000000},
	{0xa310, 0x00000000},
	{0xa314, 0x00000000},
	{0xa318, 0x00000000},
	{0xa31c, 0x00000000},
	{0xa320, 0x00000000},
	{0xa324, 0x00000000},
	{0xa328, 0x00000000},
	{0xa32c, 0x00000000},
	{0xa330, 0x00000000},
	{0xa334, 0x00000000},
	{0xa338, 0x00000000},
	{0xa33c, 0x00000000},
	{0xa340, 0x00000000},
	{0xa344, 0x00000000},
	{0xa348, 0x00000000},
	{0xa34c, 0x00000000},
	{0xa350, 0x00000000},
	{0xa354, 0x00000000},
	{0xa358, 0x00000000},
	{0xa35c, 0x00000000},
	{0xa360, 0x00000000},
	{0xa364, 0x00000000},
	{0xa368, 0x00000000},
	{0xa36c, 0x00000000},
	{0xa370, 0x00000000},
	{0xa374, 0x00000000},
	{0xa378, 0x00000000},
	{0xa37c, 0x00000000},
	{0xa380, 0x00000000},
	{0xa384, 0x00000000},
	{0xa388, 0x00000000},
	{0xa38c, 0x00000000},
	{0xa390, 0x00000000},
	{0xa394, 0x00000000},
	{0xa398, 0x00000000},
	{0xa39c, 0x00000000},
	{0xa3a0, 0x00000000},
	{0xa3a4, 0x00000000},
	{0xa3a8, 0x00000000},
	{0xa3ac, 0x00000000},
	{0xa3b0, 0x00000000},
	{0xa3b4, 0x00000000},
	{0xa3b8, 0x00000000},
	{0xa3bc, 0x00000000},
	{0xa620, 0x00000000},
	{0xa624, 0x00000000},
	{0xa628, 0x00000000},
	{0xa62c, 0x00000000},
	{0xa630, 0x00000000},
	{0xa634, 0x00000000},
	{0xa638, 0x00000000},
	{0xa63c, 0x00000000},
	{0xa640, 0x00000000},
	{0xa644, 0x00000000},
	{0xa648, 0x00000000},
	{0xa64c, 0x00000000},
	{0xa650, 0x00000000},
	{0xa654, 0x00000000},
	{0xa658, 0x00000000},
	{0xa65c, 0x00000000},
	{0xa660, 0x00000000},
	{0xa664, 0x00000000},
	{0xa668, 0x00000000},
	{0xa66c, 0x00000000},
	{0xa670, 0x00000000},
	{0xa674, 0x00000000},
	{0xa678, 0x00000000},
	{0xa67c, 0x00000000},
	{0xa680, 0x00000000},
	{0xa684, 0x00000000},
	{0xa688, 0x00000000},
	{0xa68c, 0x00000000},
	{0xa690, 0x00000000},
	{0xa694, 0x00000000},
	{0xa698, 0x00000000},
	{0xa69c, 0x00000000},
	{0xa6a0, 0x00000000},
	{0xa6a4, 0x00000000},
	{0xa6a8, 0x00000000},
	{0xa6ac, 0x00000000},
	{0xa6b0, 0x00000000},
	{0xa6b4, 0x00000000},
	{0xa6b8, 0x00000000},
	{0xa6bc, 0x00000000},
	{0xa6c0, 0x00000000},
	{0xa6c4, 0x00000000},
	{0xa6c8, 0x00000000},
	{0xa6cc, 0x00000000},
	{0xa6d0, 0x00000000},
	{0xa6d4, 0x00000000},
	{0xa6d8, 0x00000000},
	{0xa6dc, 0x00000000},
	{0xa6e0, 0x00000000},
	{0xa6e4, 0x00000000},
	{0xa6e8, 0x00000000},
	{0xa6ec, 0x00000000},
	{0xa6f0, 0x00000000},
	{0xa6f4, 0x00000000},
	{0xa6f8, 0x00000000},
	{0xa6fc, 0x00000000},
	{0xa700, 0x00000000},
	{0xa704, 0x00000000},
	{0xa708, 0x00000000},
	{0xa70c, 0x00000000},
	{0xa710, 0x00000000},
	{0xa714, 0x00000000},
	{0xa718, 0x00000000},
	{0xa71c, 0x00000000},
	{0xa720, 0x00000000},
	{0xa724, 0x00000000},
	{0xa728, 0x00000000},
	{0xa72c, 0x00000000},
	{0xa730, 0x00000000},
	{0xa734, 0x00000000},
	{0xa738, 0x00000000},
	{0xa73c, 0x00000000},
	{0xa740, 0x00000000},
	{0xa744, 0x00000000},
	{0xa748, 0x00000000},
	{0xa74c, 0x00000000},
	{0xa750, 0x00000000},
	{0xa754, 0x00000000},
	{0xa758, 0x00000000},
	{0xa75c, 0x00000000},
	{0xa760, 0x00000000},
	{0xa764, 0x00000000},
	{0xa768, 0x00000000},
	{0xa76c, 0x00000000},
	{0xa770, 0x00000000},
	{0xa774, 0x00000000},
	{0xa778, 0x00000000},
	{0xa77c, 0x00000000},
	{0xa780, 0x00000000},
	{0xa784, 0x00000000},
	{0xa788, 0x00000000},
	{0xa78c, 0x00000000},
	{0xa790, 0x00000000},
	{0xa794, 0x00000000},
	{0xa798, 0x00000000},
	{0xa79c, 0x00000000},
	{0xa7a0, 0x00000000},
	{0xa7a4, 0x00000000},
	{0xa7a8, 0x00000000},
	{0xa7ac, 0x00000000},
	{0xa7b0, 0x00000000},
	{0xa7b4, 0x00000000},
	{0xa7b8, 0x00000000},
	{0xa7bc, 0x00000000},
	{0x81d8, 0x00000000},
	{0x82d8, 0x00000000},
	{0x9f04, 0x2b251f19},
	{0x9f08, 0x433d3731},
	{0x9f0c, 0x5b554f49},
	{0x9f10, 0x736d6761},
	{0x9f14, 0x7f7f7f79},
	{0x9f18, 0x120f7f7f},
	{0x9f1c, 0x1e1b1815},
	{0x9f20, 0x2a272421},
	{0x9f24, 0x3633302d},
	{0x9f28, 0x3f3f3c39},
	{0x9f2c, 0x3f3f3f3f},
	{0x8008, 0x00000080},
	{0x8088, 0x807f030a},
	{0x80c8, 0x708f0bf1},
	{0x80c8, 0x708e0aa5},
	{0x80c8, 0x708d097d},
	{0x80c8, 0x708c0875},
	{0x80c8, 0x708b0789},
	{0x80c8, 0x708a06b7},
	{0x80c8, 0x708905fc},
	{0x80c8, 0x70880556},
	{0x80c8, 0x708704c1},
	{0x80c8, 0x7086043d},
	{0x80c8, 0x708503c7},
	{0x80c8, 0x7084035e},
	{0x80c8, 0x708302ac},
	{0x80c8, 0x70820262},
	{0x80c8, 0x70810220},
	{0x80c8, 0x70800000},
	{0x80c8, 0x7090011f},
	{0x80c8, 0x7010011f},
	{0x8088, 0x80000000},
	{0x8008, 0x00000000},
	{0x8088, 0x00000110},
	{0x8000, 0x00000008},
	{0x8080, 0x00000005},
	{0x8500, 0x80000008},
	{0x8504, 0x43000004},
	{0x8508, 0x4b044a00},
	{0x850c, 0x40098604},
	{0x8510, 0x0004e020},
	{0x8514, 0x87044b05},
	{0x8518, 0xe020400b},
	{0x851c, 0x4b000004},
	{0x8520, 0x21e07410},
	{0x8524, 0x74300000},
	{0x8528, 0x43800004},
	{0x852c, 0x4c000007},
	{0x8530, 0x43000004},
	{0x8534, 0x42fe5700},
	{0x8538, 0x42004000},
	{0x853c, 0x30005055},
	{0x8540, 0xa50fb41a},
	{0x8544, 0xf11ce3c7},
	{0x8548, 0xf31cf21c},
	{0x854c, 0xf61cf41c},
	{0x8550, 0xf91cf81c},
	{0x8554, 0xfb1cfa1c},
	{0x8558, 0xfd1cfc1c},
	{0x855c, 0xff1cfe1c},
	{0x8560, 0xf11cf01c},
	{0x8564, 0xf31cf21c},
	{0x8568, 0xf51cf41c},
	{0x856c, 0xf71cf61c},
	{0x8570, 0xf91cf81c},
	{0x8574, 0xe3c7a504},
	{0x8578, 0xf11af01a},
	{0x857c, 0x30580001},
	{0x8580, 0x30b030c9},
	{0x8584, 0x30ff30fc},
	{0x8588, 0x310f3102},
	{0x858c, 0x3148311c},
	{0x8590, 0x31603158},
	{0x8594, 0x30c7320e},
	{0x8598, 0x32293225},
	{0x859c, 0x32433242},
	{0x85a0, 0x3286327a},
	{0x85a4, 0x329d328a},
	{0x85a8, 0x32aa32a8},
	{0x85ac, 0x320331c5},
	{0x85b0, 0x7410e2c1},
	{0x85b4, 0x020020a8},
	{0x85b8, 0x2098140f},
	{0x85bc, 0x140f0200},
	{0x85c0, 0x02002088},
	{0x85c4, 0x7430140f},
	{0x85c8, 0x5b10e31c},
	{0x85cc, 0x20a87410},
	{0x85d0, 0x140f0201},
	{0x85d4, 0x00002080},
	{0x85d8, 0x5507140f},
	{0x85dc, 0x5c065661},
	{0x85e0, 0x7410e308},
	{0x85e4, 0x02002088},
	{0x85e8, 0x5517140f},
	{0x85ec, 0x7410e308},
	{0x85f0, 0x020020a8},
	{0x85f4, 0x5517140f},
	{0x85f8, 0x5c025641},
	{0x85fc, 0x7410e308},
	{0x8600, 0x00002080},
	{0x8604, 0x1407140f},
	{0x8608, 0xe3085507},
	{0x860c, 0x7508e2b4},
	{0x8610, 0xe312468e},
	{0x8614, 0x5b10e0f4},
	{0x8618, 0x20a87410},
	{0x861c, 0x140f0201},
	{0x8620, 0x00002090},
	{0x8624, 0x5507140f},
	{0x8628, 0x5c065661},
	{0x862c, 0x7410e308},
	{0x8630, 0x02002098},
	{0x8634, 0x5517140f},
	{0x8638, 0x7410e308},
	{0x863c, 0x020020a8},
	{0x8640, 0x5517140f},
	{0x8644, 0x5c025641},
	{0x8648, 0x7410e308},
	{0x864c, 0x00002090},
	{0x8650, 0x5507140f},
	{0x8654, 0x7509e308},
	{0x8658, 0xe3124696},
	{0x865c, 0x0001e0f4},
	{0x8660, 0x74105b10},
	{0x8664, 0x000020a0},
	{0x8668, 0x5507140f},
	{0x866c, 0xe3085601},
	{0x8670, 0x20a87410},
	{0x8674, 0x140f0200},
	{0x8678, 0xe3085517},
	{0x867c, 0x750ae2b4},
	{0x8680, 0xe3124686},
	{0x8684, 0x5500e0f4},
	{0x8688, 0x5501e304},
	{0x868c, 0xe2c10001},
	{0x8690, 0x5b10e31c},
	{0x8694, 0x20807410},
	{0x8698, 0x140f0000},
	{0x869c, 0x02002098},
	{0x86a0, 0xf204140f},
	{0x86a4, 0x020020a8},
	{0x86a8, 0x5507140f},
	{0x86ac, 0xe3085601},
	{0x86b0, 0x20887410},
	{0x86b4, 0x140f0200},
	{0x86b8, 0xe3085517},
	{0x86bc, 0x7508e2b4},
	{0x86c0, 0xe312468e},
	{0x86c4, 0x7410e0f4},
	{0x86c8, 0x00002090},
	{0x86cc, 0x5507140f},
	{0x86d0, 0x7410e308},
	{0x86d4, 0x02002098},
	{0x86d8, 0x5517140f},
	{0x86dc, 0x7509e308},
	{0x86e0, 0xe3124696},
	{0x86e4, 0x0001e0f4},
	{0x86e8, 0x74207900},
	{0x86ec, 0x57005710},
	{0x86f0, 0x9700140f},
	{0x86f4, 0x00017430},
	{0x86f8, 0xe31ce2c1},
	{0x86fc, 0xe2ca0001},
	{0x8700, 0x0001e34b},
	{0x8704, 0x312ae2c1},
	{0x8708, 0xe3ba0023},
	{0x870c, 0x54ed0002},
	{0x8710, 0x00230baa},
	{0x8714, 0x0002e3ba},
	{0x8718, 0xe2b9e367},
	{0x871c, 0xe2c10001},
	{0x8720, 0x00223125},
	{0x8724, 0x0002e3ba},
	{0x8728, 0x0baa54ec},
	{0x872c, 0xe3ba0022},
	{0x8730, 0xe3670002},
	{0x8734, 0x0001e2b9},
	{0x8738, 0x0baae2c1},
	{0x873c, 0x6d0f6c67},
	{0x8740, 0xe3bae31c},
	{0x8744, 0xe31c6c8b},
	{0x8748, 0x0bace3ba},
	{0x874c, 0x6d0f6cb3},
	{0x8750, 0xe3bae31c},
	{0x8754, 0x6cdb0bad},
	{0x8758, 0xe31c6d0f},
	{0x875c, 0x6cf7e3ba},
	{0x8760, 0xe31c6d0f},
	{0x8764, 0x6c09e3ba},
	{0x8768, 0xe31c6d00},
	{0x876c, 0x6c25e3ba},
	{0x8770, 0xe3bae31c},
	{0x8774, 0x6c4df8ca},
	{0x8778, 0xe3bae31c},
	{0x877c, 0x6c75f9d3},
	{0x8780, 0xe3bae31c},
	{0x8784, 0xe31c6c99},
	{0x8788, 0xe367e3ba},
	{0x878c, 0x0001e2b9},
	{0x8790, 0x4380e2ca},
	{0x8794, 0x43006344},
	{0x8798, 0x00223188},
	{0x879c, 0x0002e3bf},
	{0x87a0, 0x0baa54ec},
	{0x87a4, 0xe3bf0022},
	{0x87a8, 0xe3670002},
	{0x87ac, 0x0001e2c5},
	{0x87b0, 0x4380e2ca},
	{0x87b4, 0x43006344},
	{0x87b8, 0xe367317b},
	{0x87bc, 0x0001e2c5},
	{0x87c0, 0x4380e2ca},
	{0x87c4, 0x4300634d},
	{0x87c8, 0x74100ba6},
	{0x87cc, 0x000921e8},
	{0x87d0, 0x6f0f6e67},
	{0x87d4, 0xe3bfe34b},
	{0x87d8, 0x000a21e8},
	{0x87dc, 0xe34b6e77},
	{0x87e0, 0x21e8e3bf},
	{0x87e4, 0x6e8b000b},
	{0x87e8, 0xe3bfe34b},
	{0x87ec, 0x000c21e8},
	{0x87f0, 0xe34b6e9f},
	{0x87f4, 0x0baae3bf},
	{0x87f8, 0x21e87410},
	{0x87fc, 0x6eb3000d},
	{0x8800, 0xe34b6f0f},
	{0x8804, 0x21e8e3bf},
	{0x8808, 0x6ec7000e},
	{0x880c, 0xe3bfe34b},
	{0x8810, 0x74100bac},
	{0x8814, 0x000f21e8},
	{0x8818, 0x6f0f6edb},
	{0x881c, 0xe3bfe34b},
	{0x8820, 0x001021e8},
	{0x8824, 0xe34b6eef},
	{0x8828, 0xe3bfe3bf},
	{0x882c, 0x001321e8},
	{0x8830, 0x6f006e11},
	{0x8834, 0xe3bfe34b},
	{0x8838, 0x21e8e3bf},
	{0x883c, 0x6e250014},
	{0x8840, 0xe3bfe34b},
	{0x8844, 0x21e8fbab},
	{0x8848, 0x6e390015},
	{0x884c, 0xe3bfe34b},
	{0x8850, 0x001621e8},
	{0x8854, 0xe34b6e4d},
	{0x8858, 0xfcb0e3bf},
	{0x885c, 0x001721e8},
	{0x8860, 0xe34b6e61},
	{0x8864, 0x21e8e3bf},
	{0x8868, 0x6e750018},
	{0x886c, 0xe3bfe34b},
	{0x8870, 0x001921e8},
	{0x8874, 0xe34b6e89},
	{0x8878, 0x21e8e3bf},
	{0x887c, 0x6e99001a},
	{0x8880, 0xe3bfe34b},
	{0x8884, 0xe2c5e367},
	{0x8888, 0x00040001},
	{0x888c, 0x42fc0004},
	{0x8890, 0x60010007},
	{0x8894, 0x42000004},
	{0x8898, 0x62200007},
	{0x889c, 0x00046200},
	{0x88a0, 0x5b005501},
	{0x88a4, 0x5b40e304},
	{0x88a8, 0x00076605},
	{0x88ac, 0x63006200},
	{0x88b0, 0x0004e388},
	{0x88b4, 0x0a010900},
	{0x88b8, 0x0d000b40},
	{0x88bc, 0x00320e01},
	{0x88c0, 0x95090004},
	{0x88c4, 0x790442fb},
	{0x88c8, 0x43804200},
	{0x88cc, 0x4d010007},
	{0x88d0, 0x43000004},
	{0x88d4, 0x05620007},
	{0x88d8, 0x961d05a3},
	{0x88dc, 0x0004e388},
	{0x88e0, 0x0007e304},
	{0x88e4, 0x07a306a2},
	{0x88e8, 0x0004e388},
	{0x88ec, 0xe378e304},
	{0x88f0, 0xe3800002},
	{0x88f4, 0x00074380},
	{0x88f8, 0x00044d00},
	{0x88fc, 0x42fe4300},
	{0x8900, 0x42007900},
	{0x8904, 0x00040001},
	{0x8908, 0x000742fc},
	{0x890c, 0x00046003},
	{0x8910, 0x31cc4200},
	{0x8914, 0x06a20007},
	{0x8918, 0x31f807a3},
	{0x891c, 0x77000005},
	{0x8920, 0x52000007},
	{0x8924, 0x42fe0004},
	{0x8928, 0x60000007},
	{0x892c, 0x42000004},
	{0x8930, 0x60004380},
	{0x8934, 0x62016100},
	{0x8938, 0x00056310},
	{0x893c, 0x55004100},
	{0x8940, 0x5c020007},
	{0x8944, 0x43000004},
	{0x8948, 0xe2d70001},
	{0x894c, 0x73000005},
	{0x8950, 0xe2d70001},
	{0x8954, 0x5d000006},
	{0x8958, 0x42f70004},
	{0x895c, 0x6c000005},
	{0x8960, 0x42000004},
	{0x8964, 0x0004e2de},
	{0x8968, 0x00074380},
	{0x896c, 0x4a004e00},
	{0x8970, 0x00064c00},
	{0x8974, 0x60007f00},
	{0x8978, 0x00046f00},
	{0x897c, 0x00054300},
	{0x8980, 0x00017300},
	{0x8984, 0xe2d70001},
	{0x8988, 0x5d010006},
	{0x898c, 0x61006002},
	{0x8990, 0x00055601},
	{0x8994, 0xe2e27710},
	{0x8998, 0x73000005},
	{0x899c, 0x43800004},
	{0x89a0, 0x5e010007},
	{0x89a4, 0x4d205e00},
	{0x89a8, 0x4a084e20},
	{0x89ac, 0x4c3f4960},
	{0x89b0, 0x00064301},
	{0x89b4, 0x63807f01},
	{0x89b8, 0x00046010},
	{0x89bc, 0x00064300},
	{0x89c0, 0x00077402},
	{0x89c4, 0x40004001},
	{0x89c8, 0x0006ab00},
	{0x89cc, 0x00077404},
	{0x89d0, 0x40004001},
	{0x89d4, 0x0004ab00},
	{0x89d8, 0x00074380},
	{0x89dc, 0x4e004d00},
	{0x89e0, 0x4c004a00},
	{0x89e4, 0x00064300},
	{0x89e8, 0x63007f00},
	{0x89ec, 0x00046000},
	{0x89f0, 0x00014300},
	{0x89f4, 0x73800005},
	{0x89f8, 0x42fe0004},
	{0x89fc, 0x6c010005},
	{0x8a00, 0x000514c8},
	{0x8a04, 0x00046c00},
	{0x8a08, 0x00014200},
	{0x8a0c, 0x0005e2ce},
	{0x8a10, 0x00017300},
	{0x8a14, 0x00040006},
	{0x8a18, 0x42fa4380},
	{0x8a1c, 0x42007c05},
	{0x8a20, 0x7c5b0006},
	{0x8a24, 0x7e5b7d5b},
	{0x8a28, 0x00077f00},
	{0x8a2c, 0x415b405b},
	{0x8a30, 0x4300425b},
	{0x8a34, 0x43000004},
	{0x8a38, 0x00040001},
	{0x8a3c, 0x60004380},
	{0x8a40, 0x62016100},
	{0x8a44, 0x42fa6310},
	{0x8a48, 0x42007c00},
	{0x8a4c, 0x00014300},
	{0x8a50, 0x0001e2e5},
	{0x8a54, 0x55000007},
	{0x8a58, 0x74200004},
	{0x8a5c, 0x79017711},
	{0x8a60, 0x57005710},
	{0x8a64, 0x00019700},
	{0x8a68, 0x4e004f02},
	{0x8a6c, 0x52015302},
	{0x8a70, 0x43800001},
	{0x8a74, 0x78006505},
	{0x8a78, 0x7a007900},
	{0x8a7c, 0x43007b00},
	{0x8a80, 0x43800001},
	{0x8a84, 0x43006500},
	{0x8a88, 0x43800001},
	{0x8a8c, 0x7c006405},
	{0x8a90, 0x00014300},
	{0x8a94, 0x64004380},
	{0x8a98, 0x00014300},
	{0x8a9c, 0x74200004},
	{0x8aa0, 0x0005e392},
	{0x8aa4, 0x73807388},
	{0x8aa8, 0xe3a08f00},
	{0x8aac, 0xe3920001},
	{0x8ab0, 0x73810005},
	{0x8ab4, 0x93007380},
	{0x8ab8, 0x0001e3a0},
	{0x8abc, 0xe2e5e3a7},
	{0x8ac0, 0x0001e3ae},
	{0x8ac4, 0xe3aee3a7},
	{0x8ac8, 0x00040001},
	{0x8acc, 0x24207410},
	{0x8ad0, 0x14c80000},
	{0x8ad4, 0x00002428},
	{0x8ad8, 0x1a4215f4},
	{0x8adc, 0x74300008},
	{0x8ae0, 0x43800001},
	{0x8ae4, 0x7a907b48},
	{0x8ae8, 0x78027900},
	{0x8aec, 0x55034300},
	{0x8af0, 0x43803308},
	{0x8af4, 0x7a807b38},
	{0x8af8, 0x55134300},
	{0x8afc, 0x43803308},
	{0x8b00, 0x7a007b40},
	{0x8b04, 0x55234300},
	{0x8b08, 0x74007401},
	{0x8b0c, 0x00018e00},
	{0x8b10, 0x52300007},
	{0x8b14, 0x74310004},
	{0x8b18, 0x8e007430},
	{0x8b1c, 0x52200007},
	{0x8b20, 0x00010004},
	{0x8b24, 0x57005702},
	{0x8b28, 0x00018e00},
	{0x8b2c, 0x561042ef},
	{0x8b30, 0x42005600},
	{0x8b34, 0x00018c00},
	{0x8b38, 0x4e004f78},
	{0x8b3c, 0x52015388},
	{0x8b40, 0xe32b5b20},
	{0x8b44, 0x54005480},
	{0x8b48, 0x54005481},
	{0x8b4c, 0x54005482},
	{0x8b50, 0xbf1de336},
	{0x8b54, 0xe2f13010},
	{0x8b58, 0xe2ffe2f9},
	{0x8b5c, 0xe3b3e312},
	{0x8b60, 0xe3085523},
	{0x8b64, 0xe3125525},
	{0x8b68, 0x0001e3b3},
	{0x8b6c, 0x54c054bf},
	{0x8b70, 0x54c154a3},
	{0x8b74, 0x4c1854a4},
	{0x8b78, 0x54c2bf07},
	{0x8b7c, 0xbf0454a4},
	{0x8b80, 0x54a354c1},
	{0x8b84, 0xe3c4bf01},
	{0x8b88, 0x000154df},
	{0x8b8c, 0x54e554bf},
	{0x8b90, 0x54df050a},
	{0x8b94, 0x16570001},
	{0x8b98, 0x74307b80},
	{0x8b9c, 0x7f404380},
	{0x8ba0, 0x7d007e00},
	{0x8ba4, 0x43007c02},
	{0x8ba8, 0x55015b40},
	{0x8bac, 0xe3165c01},
	{0x8bb0, 0x54005480},
	{0x8bb4, 0x54005481},
	{0x8bb8, 0x54005482},
	{0x8bbc, 0x74107b00},
	{0x8bc0, 0xbfe5e336},
	{0x8bc4, 0x56103010},
	{0x8bc8, 0x8c005600},
	{0x8bcc, 0x57040001},
	{0x8bd0, 0x8e005700},
	{0x8bd4, 0x57005708},
	{0x8bd8, 0x57818e00},
	{0x8bdc, 0x8e005780},
	{0x8be0, 0x00074380},
	{0x8be4, 0x5c005c01},
	{0x8be8, 0x00041403},
	{0x8bec, 0x00014300},
	{0x8bf0, 0x0007427f},
	{0x8bf4, 0x62006280},
	{0x8bf8, 0x00049200},
	{0x8bfc, 0x00014200},
	{0x8c00, 0x0007427f},
	{0x8c04, 0x63146394},
	{0x8c08, 0x00049200},
	{0x8c0c, 0x00014200},
	{0x8c10, 0x42fe0004},
	{0x8c14, 0x42007901},
	{0x8c18, 0x14037420},
	{0x8c1c, 0x57005710},
	{0x8c20, 0x0001140f},
	{0x8c24, 0x56010006},
	{0x8c28, 0x54005502},
	{0x8c2c, 0x7f000005},
	{0x8c30, 0x77107e12},
	{0x8c34, 0x75007600},
	{0x8c38, 0x00047400},
	{0x8c3c, 0x00014270},
	{0x8c40, 0x42000004},
	{0x8c44, 0x77000005},
	{0x8c48, 0x56000006},
	{0x8c4c, 0x00060001},
	{0x8c50, 0x5f005f80},
	{0x8c54, 0x00059900},
	{0x8c58, 0x00017300},
	{0x8c5c, 0x63800006},
	{0x8c60, 0x98006300},
	{0x8c64, 0x549f0001},
	{0x8c68, 0x5c015400},
	{0x8c6c, 0x540054df},
	{0x8c70, 0x00015c02},
	{0x8c74, 0x07145c01},
	{0x8c78, 0x5c025400},
	{0x8c7c, 0x5c020001},
	{0x8c80, 0x54000714},
	{0x8c84, 0x00015c01},
	{0x8c88, 0x4c184c98},
	{0x8c8c, 0x00040001},
	{0x8c90, 0x74305c02},
	{0x8c94, 0x0c010901},
	{0x8c98, 0x00050ba6},
	{0x8c9c, 0x00077780},
	{0x8ca0, 0x00045220},
	{0x8ca4, 0x60084380},
	{0x8ca8, 0x6200610a},
	{0x8cac, 0x000763ce},
	{0x8cb0, 0x00045c00},
	{0x8cb4, 0x00014300},
	{0x8080, 0x00000004},
	{0x8080, 0x00000000},
	{0x8088, 0x00000000},
};
const RadioTable nctlTable{nctlRegisters,sizeof(nctlRegisters)/sizeof(RadioRegister),RadioTableKind::baseband,0};

static const RadioRegister gainRegisters[] = {
	{0x000, 0x18FBDDB7},
	{0x001, 0x006F5436},
	{0x002, 0x00004F31},
	{0x100, 0x1BFEE0B7},
	{0x101, 0x006C5238},
	{0x102, 0x00005031},
	{0x10000, 0x07E6C39E},
	{0x10001, 0x00654526},
	{0x10002, 0x00006750},
	{0x10100, 0x09E9C69F},
	{0x10101, 0x00674627},
	{0x10102, 0x00006750},
	{0x20000, 0x06E8C49F},
	{0x20001, 0x00654526},
	{0x20002, 0x00006750},
	{0x20100, 0x07E9C6A0},
	{0x20101, 0x00674728},
	{0x20102, 0x00006850},
	{0x30000, 0x04E5C39D},
	{0x30001, 0x00634325},
	{0x30002, 0x00006750},
	{0x30100, 0x06E9C69F},
	{0x30101, 0x00654527},
	{0x30102, 0x00006750},
	{0x1000000, 0x000000F4},
	{0x1000010, 0x000000F8},
	{0x1000011, 0x0000F8F8},
	{0x1000100, 0x000000F8},
	{0x1000110, 0x00000000},
	{0x1000111, 0x00000000},
	{0x1010000, 0x000000F4},
	{0x1010010, 0x000000F8},
	{0x1010011, 0x0000F8F8},
	{0x1010020, 0x000000F8},
	{0x1010021, 0x0808E8E8},
	{0x1010029, 0x0000F8F8},
	{0x1010100, 0x000000F4},
	{0x1010110, 0x000000F8},
	{0x1010111, 0x0000F8F8},
	{0x1010120, 0x000000F8},
	{0x1010121, 0x0808E8E8},
	{0x1010129, 0x0000F8F8},
	{0x1020000, 0x000000F4},
	{0x1020010, 0x000000F8},
	{0x1020011, 0x0000F8F8},
	{0x1020020, 0x000000F8},
	{0x1020021, 0x0808E8E8},
	{0x1020029, 0x0000F8F8},
	{0x1020100, 0x000000F4},
	{0x1020110, 0x000000F8},
	{0x1020111, 0x0000F8F8},
	{0x1020120, 0x000000F8},
	{0x1020121, 0x0808E8E8},
	{0x1020129, 0x0000F8F8},
	{0x1030000, 0x000000F4},
	{0x1030010, 0x000000F8},
	{0x1030011, 0x0000F8F8},
	{0x1030020, 0x000000F8},
	{0x1030021, 0x0808E8E8},
	{0x1030029, 0x0000F8F8},
	{0x1030100, 0x000000F4},
	{0x1030110, 0x000000F8},
	{0x1030111, 0x0000F8F8},
	{0x1030120, 0x000000F8},
	{0x1030121, 0x0808E8E8},
	{0x1030129, 0x0000F8F8},
};
const RadioTable gainTable{gainRegisters,sizeof(gainRegisters)/sizeof(RadioRegister),RadioTableKind::gain,0};
} }
